file,class,split,info,title,artist,album,date,composer
Entire_music/train/20th_century_experimental_chamber_00/000001.mp3,20th century experimental chamber,train,01 Proclamation for Piano -Copland,Proclamation for Piano -Copland,Bennett Lerner,American Piano Music,,Copland
Entire_music/train/20th_century_experimental_chamber_00/000002.mp3,20th century experimental chamber,train,15 Touches -Leonard Bernstein,Touches -Leonard Bernstein,Bennett Lerner,American Piano Music,,
Entire_music/train/20th_century_experimental_chamber_00/000003.mp3,20th century experimental chamber,train,16 Piano Fantasy -Phillip Ramey,Piano Fantasy -Phillip Ramey,Bennett Lerner,American Piano Music,,
Entire_music/train/20th_century_experimental_chamber_00/000004.mp3,20th century experimental chamber,train,2 Notturni crudeli,2 Notturni crudeli,,,,
Entire_music/train/20th_century_experimental_chamber_00/000005.mp3,20th century experimental chamber,train,"Aaron Copland - Sextet for Clarinet, String Quartet and Piano (1937) [Score-Video]","Sextet for Clarinet, String Quartet and Piano (1937)",,,,Aaron Copland
Entire_music/test/20th_century_experimental_chamber_00/000006.mp3,20th century experimental chamber,test,"Alban Berg - Piano Sonata, Op. 1","Piano Sonata, Op. 1",,,,Alban Berg
Entire_music/train/20th_century_experimental_chamber_00/000007.mp3,20th century experimental chamber,train,"Alban Berg - String Quartet, Op. 3","String Quartet, Op. 3",,,,Alban Berg
Entire_music/train/20th_century_experimental_chamber_00/000008.mp3,20th century experimental chamber,train,Anton Webern - String Quartet (1905),String Quartet (1905),,,,Anton Webern
Entire_music/train/20th_century_experimental_chamber_00/000009.mp3,20th century experimental chamber,train,"Anton Webern - String Quartet, Op. 28","String Quartet, Op. 28",,,,Anton Webern
Entire_music/train/20th_century_experimental_chamber_00/000010.mp3,20th century experimental chamber,train,Anton Webern - String Trio,String Trio,,,,Anton Webern
Entire_music/train/20th_century_experimental_chamber_00/000011.mp3,20th century experimental chamber,train,"Anton Webern - Variations, Op. 27 (1936) [Score-Video]","Variations, Op. 27 (1936)",,,,Anton Webern
Entire_music/train/20th_century_experimental_chamber_00/000012.mp3,20th century experimental chamber,train,"Arnold Schoenberg - Wind Quintet, Op. 26","Wind Quintet, Op. 26",,,,Arnold Schoenberg
Entire_music/train/20th_century_experimental_chamber_00/000013.mp3,20th century experimental chamber,train,"Bartok - Mikrokosmos (complete, with score)",Mikrokosmos,,,,Bartok
Entire_music/train/20th_century_experimental_chamber_00/000014.mp3,20th century experimental chamber,train,Bartok - Sonata for violin and piano no. 1,Sonata for violin and piano no. 1,,,,Bartok
Entire_music/train/20th_century_experimental_chamber_00/000015.mp3,20th century experimental chamber,train,Bartók String Quartets,String Quartets,,,,Bartók
Entire_music/train/20th_century_experimental_chamber_00/000016.mp3,20th century experimental chamber,train,Berio - Complete Sequenza,Complete Sequenza,,,,Berio
Entire_music/train/20th_century_experimental_chamber_00/000017.mp3,20th century experimental chamber,train,Boulez - 12 Notations pour piano (1945) w score,12 Notations pour piano (1945),,,,Boulez
Entire_music/train/20th_century_experimental_chamber_00/000018.mp3,20th century experimental chamber,train,Béla Bartók - Violin Sonata No. 2 [With score],Violin Sonata No. 2,,,,Béla Bartók
Entire_music/train/20th_century_experimental_chamber_00/000019.mp3,20th century experimental chamber,train,Compositions 1960 No. 9 (Arr. for Guitar),Compositions 1960 No. 9 (Arr. for Guitar),,,,
Entire_music/train/20th_century_experimental_chamber_00/000020.mp3,20th century experimental chamber,train,"Darius Milhaud Quartet for Flute, Oboe, Clarinet, and Piano (with score)","Quartet for Flute, Oboe, Clarinet, and Piano",,,,Darius Milhaud
Entire_music/train/20th_century_experimental_chamber_00/000021.mp3,20th century experimental chamber,train,Der unterbrochene Gedanke,Der unterbrochene Gedanke,,,,
Entire_music/test/20th_century_experimental_chamber_00/000022.mp3,20th century experimental chamber,test,Dmitri Shostakovich - String Quartet No. 8,String Quartet No. 8,,,,Dmitri Shostakovich
Entire_music/train/20th_century_experimental_chamber_00/000023.mp3,20th century experimental chamber,train,Dmitri Shostakovich - Violin Sonata [With score],Violin Sonata,,,,Dmitri Shostakovich
Entire_music/train/20th_century_experimental_chamber_00/000024.mp3,20th century experimental chamber,train,Fra i testi dedicati alle nubi,Fra i testi dedicati alle nubi,,,,
Entire_music/train/20th_century_experimental_chamber_00/000025.mp3,20th century experimental chamber,train,Für Alina (1976),Für Alina (1976),,,,
Entire_music/test/20th_century_experimental_chamber_00/000026.mp3,20th century experimental chamber,test,Glass Complete Piano Etudes,Complete Piano Etudes,,,,Glass
Entire_music/train/20th_century_experimental_chamber_00/000027.mp3,20th century experimental chamber,train,György Kurtag Játékok - Book 1 (complete),Játékok - Book 1,,,,György Kurtag
Entire_music/train/20th_century_experimental_chamber_00/000028.mp3,20th century experimental chamber,train,György Kurtag Játékok - Book 2 (complete),Játékok - Book 2,,,,György Kurtag
Entire_music/train/20th_century_experimental_chamber_00/000029.mp3,20th century experimental chamber,train,György Kurtag Játékok - Book 3 (complete),Játékok - Book 3,,,,György Kurtag
Entire_music/train/20th_century_experimental_chamber_00/000030.mp3,20th century experimental chamber,train,"György Kurtag Kafka Fragments, op. 24; Audrey Luna and Harvey Thurmer","Kafka Fragments, op. 24",Audrey Luna and Harvey Thurmer,,,György Kurtag
Entire_music/train/20th_century_experimental_chamber_00/000031.mp3,20th century experimental chamber,train,"György Ligeti - Études for Piano (1985-2001, audio+score)",Études for Piano,,,,György Ligeti
Entire_music/train/20th_century_experimental_chamber_00/000032.mp3,20th century experimental chamber,train,Hindemith Complete Piano Sonatas,Complete Piano Sonatas,,,,Hindemith
Entire_music/val/20th_century_experimental_chamber_00/000033.mp3,20th century experimental chamber,val,"Hipartita, Op. 43 I. Omaggio a Ligeti","Hipartita, Op. 43 I. Omaggio a Ligeti",,,,
Entire_music/train/20th_century_experimental_chamber_00/000034.mp3,20th century experimental chamber,train,"Hipartita, Op. 43 II. ... Dopo una lettura di Rimbaud... Ad Anne Longuet-Marx","Hipartita, Op. 43 II. ... Dopo una lettura di Rimbaud... Ad Anne Longuet-Marx",,,,
Entire_music/train/20th_century_experimental_chamber_00/000035.mp3,20th century experimental chamber,train,"Hipartita, Op. 43 III. Andare alla montagna (... Salire montagne, passo passo...)","Hipartita, Op. 43 III. Andare alla montagna (... Salire montagne, passo passo...)",,,,
Entire_music/train/20th_century_experimental_chamber_00/000036.mp3,20th century experimental chamber,train,"Hipartita, Op. 43 IV. In memoria di György Gonda","Hipartita, Op. 43 IV. In memoria di György Gonda",,,,
Entire_music/train/20th_century_experimental_chamber_00/000037.mp3,20th century experimental chamber,train,"Hipartita, Op. 43 V. Eraclito. Combattere col cuore...","Hipartita, Op. 43 V. Eraclito. Combattere col cuore...",,,,
Entire_music/train/20th_century_experimental_chamber_00/000038.mp3,20th century experimental chamber,train,"Hipartita, Op. 43 VI. Teneramente","Hipartita, Op. 43 VI. Teneramente",,,,
Entire_music/train/20th_century_experimental_chamber_00/000039.mp3,20th century experimental chamber,train,"Hipartita, Op. 43 VII. ... Perpetuum mobile...","Hipartita, Op. 43 VII. ... Perpetuum mobile...",,,,
Entire_music/train/20th_century_experimental_chamber_00/000040.mp3,20th century experimental chamber,train,"Hipartita, Op. 43 VIII. Nostalgia. Omaggio a Péter Eötvös","Hipartita, Op. 43 VIII. Nostalgia. Omaggio a Péter Eötvös",,,,
Entire_music/train/20th_century_experimental_chamber_00/000041.mp3,20th century experimental chamber,train,Igor Stravinksy [1882-1971] - Three Pieces for String Quartet [1914],Three Pieces for String Quartet [1914],,,,Igor Stravinksy
Entire_music/train/20th_century_experimental_chamber_00/000042.mp3,20th century experimental chamber,train,Igor Stravinsky - Berceuses du Chat for Voice and Three Clarinets (1915-16) [Score-Video],Berceuses du Chat for Voice and Three Clarinets (1915-16),,,,Igor Stravinsky
Entire_music/train/20th_century_experimental_chamber_00/000043.mp3,20th century experimental chamber,train,Igor Stravinsky - Ragtime for Eleven Instruments (1918) [Score-Video],Ragtime for Eleven Instruments (1918),,,,Igor Stravinsky
Entire_music/val/20th_century_experimental_chamber_00/000044.mp3,20th century experimental chamber,val,Igor Stravinsky - Three Pieces for Clarinet (1919) [Score-Video],Three Pieces for Clarinet (1919),,,,Igor Stravinsky
Entire_music/val/20th_century_experimental_chamber_00/000045.mp3,20th century experimental chamber,val,Immagine fenicia,Immagine fenicia,,,,
Entire_music/train/20th_century_experimental_chamber_00/000046.mp3,20th century experimental chamber,train,"Ives - Piano Sonata No.2, Concord, Mass., 1840–60","Piano Sonata No.2, Concord, Mass., 1840–60",,,,Ives
Entire_music/val/20th_century_experimental_chamber_00/000047.mp3,20th century experimental chamber,val,John Cage Piano Works (Full Album),Piano Works,,,,John Cage
Entire_music/train/20th_century_experimental_chamber_00/000048.mp3,20th century experimental chamber,train,John Cage Quartets I-VIII (1976),Quartets I-VIII (1976),,,,John Cage
Entire_music/train/20th_century_experimental_chamber_00/000049.mp3,20th century experimental chamber,train,Karlheinz Stockhausen - Mantra (1970) für 2 Pianisten,Mantra (1970) für 2 Pianisten,,,,Karlheinz Stockhausen
Entire_music/train/20th_century_experimental_chamber_00/000050.mp3,20th century experimental chamber,train,Karlheinz Stockhausen Stimmung (1968),Stimmung (1968),,,,Karlheinz Stockhausen
Entire_music/train/20th_century_experimental_chamber_00/000051.mp3,20th century experimental chamber,train,Kronos Quartet - G Song (Terry Riley),G Song,Kronos Quartet,,,Terry Riley
Entire_music/test/20th_century_experimental_chamber_00/000052.mp3,20th century experimental chamber,test,Kronos Quartet Performs Philip Glass - Complete,Kronos Quartet Performs Philip Glass,Kronos Quartet,,,Philip Glass
Entire_music/train/20th_century_experimental_chamber_00/000053.mp3,20th century experimental chamber,train,La Monte Young - Trio for Strings (Part 1 of 8),Trio for Strings (Part 1 of 8),,,,La Monte Young
Entire_music/train/20th_century_experimental_chamber_00/000054.mp3,20th century experimental chamber,train,La Monte Young - Trio for Strings (Part 2 of 8),Trio for Strings (Part 2 of 8),,,,La Monte Young
Entire_music/train/20th_century_experimental_chamber_00/000055.mp3,20th century experimental chamber,train,La Monte Young - Trio for Strings (Part 3 of 8),Trio for Strings (Part 3 of 8),,,,La Monte Young
Entire_music/train/20th_century_experimental_chamber_00/000056.mp3,20th century experimental chamber,train,La Monte Young - Trio for Strings (Part 4 of 8),Trio for Strings (Part 4 of 8),,,,La Monte Young
Entire_music/train/20th_century_experimental_chamber_00/000057.mp3,20th century experimental chamber,train,Ligeti String Quartets,String Quartets,,,,Ligeti
Entire_music/train/20th_century_experimental_chamber_00/000058.mp3,20th century experimental chamber,train,Luciano Berio - O king,O king,,,,Luciano Berio
Entire_music/train/20th_century_experimental_chamber_00/000059.mp3,20th century experimental chamber,train,Messiaen - Quartet for the End of Time Themes and Variations,Quartet for the End of Time Themes and Variations,,,,Messiaen
Entire_music/train/20th_century_experimental_chamber_00/000060.mp3,20th century experimental chamber,train,Messiaen Catalogue dOiseaux,Catalogue dOiseaux,,,,Messiaen
Entire_music/train/20th_century_experimental_chamber_00/000061.mp3,20th century experimental chamber,train,Morte tamburo,Morte tamburo,,,,
Entire_music/train/20th_century_experimental_chamber_00/000062.mp3,20th century experimental chamber,train,Nyman String Quartet No. 1 - beginning,String Quartet No. 1 - beginning,,,,Nyman
Entire_music/train/20th_century_experimental_chamber_00/000063.mp3,20th century experimental chamber,train,Nyman String Quartet No. 1 - fig. B,String Quartet No. 1 - fig. B,,,,Nyman
Entire_music/train/20th_century_experimental_chamber_00/000064.mp3,20th century experimental chamber,train,Nyman String Quartet No. 1 - fig. C,String Quartet No. 1 - fig. C,,,,Nyman
Entire_music/test/20th_century_experimental_chamber_00/000065.mp3,20th century experimental chamber,test,Nyman String Quartet No. 1 - fig. D,String Quartet No. 1 - fig. D,,,,Nyman
Entire_music/train/20th_century_experimental_chamber_00/000066.mp3,20th century experimental chamber,train,Nyman String Quartet No. 1 - fig. E,String Quartet No. 1 - fig. E,,,,Nyman
Entire_music/train/20th_century_experimental_chamber_00/000067.mp3,20th century experimental chamber,train,Nyman String Quartet No. 1 - fig. F,String Quartet No. 1 - fig. F,,,,Nyman
Entire_music/train/20th_century_experimental_chamber_00/000068.mp3,20th century experimental chamber,train,Nyman String Quartet No. 1 - fig. G,String Quartet No. 1 - fig. G,,,,Nyman
Entire_music/test/20th_century_experimental_chamber_00/000069.mp3,20th century experimental chamber,test,Nyman String Quartet No. 1 - fig. H,String Quartet No. 1 - fig. H,,,,Nyman
Entire_music/train/20th_century_experimental_chamber_00/000070.mp3,20th century experimental chamber,train,Nyman String Quartet No. 1 - fig. I,String Quartet No. 1 - fig. I,,,,Nyman
Entire_music/test/20th_century_experimental_chamber_00/000071.mp3,20th century experimental chamber,test,Nyman String Quartet No. 1 - fig. J,String Quartet No. 1 - fig. J,,,,Nyman
Entire_music/val/20th_century_experimental_chamber_00/000072.mp3,20th century experimental chamber,val,Nyman String Quartet No. 1 - fig. K,String Quartet No. 1 - fig. K,,,,Nyman
Entire_music/train/20th_century_experimental_chamber_00/000073.mp3,20th century experimental chamber,train,Nyman String Quartet No. 1 - fig. L,String Quartet No. 1 - fig. L,,,,Nyman
Entire_music/test/20th_century_experimental_chamber_00/000074.mp3,20th century experimental chamber,test,Nyman String Quartet No. 2 - 1. I,String Quartet No. 2 - 1. I,,,,Nyman
Entire_music/train/20th_century_experimental_chamber_00/000075.mp3,20th century experimental chamber,train,Nyman String Quartet No. 2 - 2. II,String Quartet No. 2 - 2. II,,,,Nyman
Entire_music/test/20th_century_experimental_chamber_00/000076.mp3,20th century experimental chamber,test,Nyman String Quartet No. 2 - 3. III,String Quartet No. 2 - 3. III,,,,Nyman
Entire_music/train/20th_century_experimental_chamber_00/000077.mp3,20th century experimental chamber,train,Nyman String Quartet No. 2 - 4. IV,String Quartet No. 2 - 4. IV,,,,Nyman
Entire_music/train/20th_century_experimental_chamber_00/000078.mp3,20th century experimental chamber,train,Nyman String Quartet No. 2 - 5. V,String Quartet No. 2 - 5. V,,,,Nyman
Entire_music/val/20th_century_experimental_chamber_00/000079.mp3,20th century experimental chamber,val,Nyman String Quartet No. 2 - 6. VI,String Quartet No. 2 - 6. VI,,,,Nyman
Entire_music/val/20th_century_experimental_chamber_00/000080.mp3,20th century experimental chamber,val,Nyman String Quartet No. 3 - beginning,String Quartet No. 3 - beginning,,,,Nyman
Entire_music/train/20th_century_experimental_chamber_00/000081.mp3,20th century experimental chamber,train,Nyman String Quartet No. 3 - fig. D,String Quartet No. 3 - fig. D,,,,Nyman
Entire_music/test/20th_century_experimental_chamber_00/000082.mp3,20th century experimental chamber,test,Olivier Messiaen - Livre du Saint-Sacrement,Livre du Saint-Sacrement,,,,Olivier Messiaen
Entire_music/train/20th_century_experimental_chamber_00/000083.mp3,20th century experimental chamber,train,Olivier Messiaen - Vingt Regards sur lEnfant-Jésus (1944),Vingt Regards sur lEnfant-Jésus (1944),,,,Olivier Messiaen
Entire_music/train/20th_century_experimental_chamber_00/000084.mp3,20th century experimental chamber,train,Paul HINDEMITH_quartets_from_2_to_6,quartets from 2 to 6,,,,Paul HINDEMITH
Entire_music/train/20th_century_experimental_chamber_00/000085.mp3,20th century experimental chamber,train,Paul Hindemith - Sonata for Trumpet and Piano (1939) [Score-Video],Sonata for Trumpet and Piano (1939),,,,Paul Hindemith
Entire_music/train/20th_century_experimental_chamber_00/000086.mp3,20th century experimental chamber,train,Paul Hindemith Ludus Tonalis,Ludus Tonalis,,,,Paul Hindemith
Entire_music/train/20th_century_experimental_chamber_00/000087.mp3,20th century experimental chamber,train,Paul Hindemith – Flute Sonata(1936)(with full score),Flute Sonata(1936),,,,Paul Hindemith
Entire_music/train/20th_century_experimental_chamber_00/000088.mp3,20th century experimental chamber,train,Philip Glass - Glassworks (complete),Glassworks,,,,Philip Glass
Entire_music/train/20th_century_experimental_chamber_00/000089.mp3,20th century experimental chamber,train,Piano Sonata No. 3,Piano Sonata No. 3,,,,
Entire_music/train/20th_century_experimental_chamber_00/000090.mp3,20th century experimental chamber,train,Piano Sonata No.1 - Pierre Boulez (1946),Piano Sonata No.1 (1946),,,,Pierre Boulez
Entire_music/train/20th_century_experimental_chamber_00/000091.mp3,20th century experimental chamber,train,Pierre Boulez - Piano Sonata no. 2 (1947-48),Piano Sonata no. 2 (1947-48),,,,Pierre Boulez
Entire_music/train/20th_century_experimental_chamber_00/000092.mp3,20th century experimental chamber,train,"Pierre Boulez, Structures I & II (KontarskyKontarsky)",Structures I & II,"Kontarsky, Kontarsky",,,Pierre Boulez
Entire_music/train/20th_century_experimental_chamber_00/000093.mp3,20th century experimental chamber,train,"Prokofiev Vision Fugitives, Op. 22 (Boris Berman)","Vision Fugitives, Op. 22",Boris Berman,,,Prokofiev
Entire_music/train/20th_century_experimental_chamber_00/000094.mp3,20th century experimental chamber,train,Rebonds A by Iannis Xenakis,Rebonds A,,,,Iannis Xenakis
Entire_music/train/20th_century_experimental_chamber_00/000095.mp3,20th century experimental chamber,train,Rebonds B by Iannis Xenakis,Rebonds B,,,,Iannis Xenakis
Entire_music/train/20th_century_experimental_chamber_00/000096.mp3,20th century experimental chamber,train,STRAVINSKY Piano Rag Music 1919 (Konstantin Semilakovs),Piano Rag Music 1919,Konstantin Semilakovs,,,STRAVINSKY
Entire_music/train/20th_century_experimental_chamber_00/000097.mp3,20th century experimental chamber,train,Salvatore Sciarrino Sei quartetti brevi (1971),Sei quartetti brevi (1971),,,,Salvatore Sciarrino
Entire_music/test/20th_century_experimental_chamber_00/000098.mp3,20th century experimental chamber,test,Schoenberg Complete Works for Piano Solo (Glenn Gould),Complete Works for Piano Solo,Glenn Gould,,,Schoenberg
Entire_music/test/20th_century_experimental_chamber_00/000099.mp3,20th century experimental chamber,test,Schoenberg String Quartets_1_to_4,String Quartets 1 to 4,,,,Schoenberg
Entire_music/train/20th_century_experimental_chamber_00/000100.mp3,20th century experimental chamber,train,Sergei Prokofiev - sonatas_from_6_to_9,sonatas from 6 to 9,,,,Sergei Prokofiev
Entire_music/train/20th_century_experimental_chamber_00/000101.mp3,20th century experimental chamber,train,Shostakovich - Piano Sonata No. 1 Op. 12 (Lilya Zilberstein),Piano Sonata No. 1 Op. 12,Lilya Zilberstein,,,Shostakovich
Entire_music/train/20th_century_experimental_chamber_00/000102.mp3,20th century experimental chamber,train,Shostakovich - Piano Sonata No. 2 in B minor Op. 61 (sheet music),Piano Sonata No. 2 in B minor Op. 61,,,,Shostakovich
Entire_music/train/20th_century_experimental_chamber_00/000103.mp3,20th century experimental chamber,train,Sonatine (For Flute and Piano),Sonatine (For Flute and Piano),,,,
Entire_music/train/20th_century_experimental_chamber_00/000104.mp3,20th century experimental chamber,train,Steve Reich - Piano Phase (1967) [audio + score],Piano Phase (1967),,,,Steve Reich
Entire_music/train/20th_century_experimental_chamber_00/000105.mp3,20th century experimental chamber,train,Stockhausen - Klavierstücke I - X (Audio + Score),Klavierstücke I - X,,,,Stockhausen
Entire_music/train/20th_century_experimental_chamber_00/000106.mp3,20th century experimental chamber,train,String Quartet No. 1,String Quartet No. 1,,,,
Entire_music/train/20th_century_experimental_chamber_00/000107.mp3,20th century experimental chamber,train,String Quartet No. 2,String Quartet No. 2,,,,
Entire_music/train/20th_century_experimental_chamber_00/000108.mp3,20th century experimental chamber,train,String Quartet No. 3 Leaves from an Unwritten Diary,String Quartet No. 3 Leaves from an Unwritten Diary,,,,
Entire_music/val/20th_century_experimental_chamber_00/000109.mp3,20th century experimental chamber,val,String Quartet No. 4 I. Andante,String Quartet No. 4 I. Andante,,,,
Entire_music/val/20th_century_experimental_chamber_00/000110.mp3,20th century experimental chamber,val,String Quartet No. 4 II. Vivo,String Quartet No. 4 II. Vivo,,,,
Entire_music/train/20th_century_experimental_chamber_00/000111.mp3,20th century experimental chamber,train,String Trio I. Allegro molto,String Trio I. Allegro molto,,,,
Entire_music/val/20th_century_experimental_chamber_00/000112.mp3,20th century experimental chamber,val,String Trio II. Vivace,String Trio II. Vivace,,,,
Entire_music/val/20th_century_experimental_chamber_00/000113.mp3,20th century experimental chamber,val,Venere che le Grazie la fioriscono,Venere che le Grazie la fioriscono,,,,
Entire_music/train/20th_century_experimental_chamber_00/000114.mp3,20th century experimental chamber,train,Yehudi Menuhin plays Bartok solo sonata,solo sonata,Yehudi Menuhin,,,Bartok
Entire_music/train/20th_century_experimental_chamber_00/000115.mp3,20th century experimental chamber,train,[Zimerman] Gershwin Three Preludes for Piano,Three Preludes for Piano,Zimerman,,,Gershwin
Entire_music/train/20th_century_experimental_orchestral_01/010001.mp3,20th century experimental orchestral,train,A Floresta É Jovem e Cheja de Vida,A Floresta É Jovem e Cheja de Vida,,,,
Entire_music/train/20th_century_experimental_orchestral_01/010002.mp3,20th century experimental orchestral,train,Addio case del vento,Addio case del vento,,,,
Entire_music/train/20th_century_experimental_orchestral_01/010003.mp3,20th century experimental orchestral,train,"Alan Hovhaness - Lousadzak (Concerto for Piano and Strings), Op. 48 (1944) [Score-Video]","Lousadzak (Concerto for Piano and Strings), Op. 48 (1944)",,,,Alan Hovhaness
Entire_music/train/20th_century_experimental_orchestral_01/010004.mp3,20th century experimental orchestral,train,Allaure in una lontananza,Allaure in una lontananza,,,,
Entire_music/train/20th_century_experimental_orchestral_01/010005.mp3,20th century experimental orchestral,train,Apparitions for Orchestra - György Ligeti,Apparitions for Orchestra,,,,György Ligeti
Entire_music/train/20th_century_experimental_orchestral_01/010006.mp3,20th century experimental orchestral,train,"Arvo Pärt - Nekrolog for Orchestra, Op, 5 (1960) [Score-Video]","Nekrolog for Orchestra, Op, 5 (1960)",,,,Arvo Pärt
Entire_music/train/20th_century_experimental_orchestral_01/010007.mp3,20th century experimental orchestral,train,"Arvo Pärt - Symphonies, Cello Concerto, Collage über BACH .. (Centurys recording Paavo Järvi)","Symphonies, Cello Concerto, Collage über BACH",Paavo Järvi,,,Arvo Pärt
Entire_music/train/20th_century_experimental_orchestral_01/010008.mp3,20th century experimental orchestral,train,Arvo Pärt - Tabula Rasa,Tabula Rasa,,,,Arvo Pärt
Entire_music/val/20th_century_experimental_orchestral_01/010009.mp3,20th century experimental orchestral,val,Arvo Pärt Lamentate,Lamentate,,,,Arvo Pärt
Entire_music/train/20th_century_experimental_orchestral_01/010010.mp3,20th century experimental orchestral,train,Aura,Aura,,,,
Entire_music/train/20th_century_experimental_orchestral_01/010011.mp3,20th century experimental orchestral,train,Berio - Coro (1976),Coro (1976),,,,Berio
Entire_music/val/20th_century_experimental_orchestral_01/010012.mp3,20th century experimental orchestral,val,Berio - Sinfonia (1969) with score,Sinfonia (1969),,,,Berio
Entire_music/train/20th_century_experimental_orchestral_01/010013.mp3,20th century experimental orchestral,train,Bruno Maderna Composizione No.1 (1948-1949),Composizione No.1 (1948-1949),,,,Bruno Maderna
Entire_music/train/20th_century_experimental_orchestral_01/010014.mp3,20th century experimental orchestral,train,Bruno Maderna Composizione No.2 (1950),Composizione No.2 (1950),,,,Bruno Maderna
Entire_music/train/20th_century_experimental_orchestral_01/010015.mp3,20th century experimental orchestral,train,Bruno Maderna Concerto per oboe e orchestra No.1 (19621963),Concerto per oboe e orchestra No.1 (19621963),,,,Bruno Maderna
Entire_music/train/20th_century_experimental_orchestral_01/010016.mp3,20th century experimental orchestral,train,Bruno Maderna Concerto per oboe e orchestra No.2 (1967),Concerto per oboe e orchestra No.2 (1967),,,,Bruno Maderna
Entire_music/test/20th_century_experimental_orchestral_01/010017.mp3,20th century experimental orchestral,test,Bruno Maderna Concerto per oboe e orchestra No.3 (1973),Concerto per oboe e orchestra No.3 (1973),,,,Bruno Maderna
Entire_music/train/20th_century_experimental_orchestral_01/010018.mp3,20th century experimental orchestral,train,Bruno Maderna Musica su due dimensioni (1958),Musica su due dimensioni (1958),,,,Bruno Maderna
Entire_music/train/20th_century_experimental_orchestral_01/010019.mp3,20th century experimental orchestral,train,Bruno Maderna Notturno (1956),Notturno (1956),,,,Bruno Maderna
Entire_music/train/20th_century_experimental_orchestral_01/010020.mp3,20th century experimental orchestral,train,Bruno Maderna Quadrivium (1969),Quadrivium (1969),,,,Bruno Maderna
Entire_music/test/20th_century_experimental_orchestral_01/010021.mp3,20th century experimental orchestral,test,"Bruno Maderna, Serenata per un satellite (1969)",Serenata per un satellite (1969),,,,Bruno Maderna
Entire_music/train/20th_century_experimental_orchestral_01/010022.mp3,20th century experimental orchestral,train,But What About The Noise... (1985),But What About The Noise... (1985),,,,
Entire_music/val/20th_century_experimental_orchestral_01/010023.mp3,20th century experimental orchestral,val,Cantiere del poema I. Carovane,Cantiere del poema I. Carovane,,,,
Entire_music/val/20th_century_experimental_orchestral_01/010024.mp3,20th century experimental orchestral,val,Cantiere del poema II. Due titoli e un verso,Cantiere del poema II. Due titoli e un verso,,,,
Entire_music/train/20th_century_experimental_orchestral_01/010025.mp3,20th century experimental orchestral,train,Cantiere del poema III. Cantiere del poema,Cantiere del poema III. Cantiere del poema,,,,
Entire_music/train/20th_century_experimental_orchestral_01/010026.mp3,20th century experimental orchestral,train,Canzona di ringraziamento,Canzona di ringraziamento,,,,
Entire_music/test/20th_century_experimental_orchestral_01/010027.mp3,20th century experimental orchestral,test,Circles by Luciano Berio (Part 1),Circles (Part 1),,,,Luciano Berio
Entire_music/train/20th_century_experimental_orchestral_01/010028.mp3,20th century experimental orchestral,train,Circles by Luciano Berio (Part 2),Circles (Part 2),,,,Luciano Berio
Entire_music/train/20th_century_experimental_orchestral_01/010029.mp3,20th century experimental orchestral,train,City Life (Complete),City Life,,,,
Entire_music/val/20th_century_experimental_orchestral_01/010030.mp3,20th century experimental orchestral,val,Clocks and Clouds -- Gyorgy Ligeti,Clocks and Clouds,,,,Gyorgy Ligeti
Entire_music/test/20th_century_experimental_orchestral_01/010031.mp3,20th century experimental orchestral,test,Come vengano prodotti gli incantesimi,Come vengano prodotti gli incantesimi,,,,
Entire_music/train/20th_century_experimental_orchestral_01/010032.mp3,20th century experimental orchestral,train,De Natura Sonoris No. 1 (1994 Remastered Version),De Natura Sonoris No. 1,,,,
Entire_music/train/20th_century_experimental_orchestral_01/010033.mp3,20th century experimental orchestral,train,De Natura Sonoris No. 2 (1994 Remastered Version),De Natura Sonoris No. 2,,,,
Entire_music/train/20th_century_experimental_orchestral_01/010034.mp3,20th century experimental orchestral,train,"Drumming, Pt. I","Drumming, Pt. I",,,,
Entire_music/train/20th_century_experimental_orchestral_01/010035.mp3,20th century experimental orchestral,train,"Drumming, Pt. II","Drumming, Pt. II",,,,
Entire_music/train/20th_century_experimental_orchestral_01/010036.mp3,20th century experimental orchestral,train,"Drumming, Pt. III","Drumming, Pt. III",,,,
Entire_music/train/20th_century_experimental_orchestral_01/010037.mp3,20th century experimental orchestral,train,"Drumming, Pt. IV","Drumming, Pt. IV",,,,
Entire_music/train/20th_century_experimental_orchestral_01/010038.mp3,20th century experimental orchestral,train,G. Kurtág - Hommage a R. Sch.,Hommage a R. Sch.,,,,G. Kurtág
Entire_music/train/20th_century_experimental_orchestral_01/010039.mp3,20th century experimental orchestral,train,Giardino religioso,Giardino religioso,,,,
Entire_music/train/20th_century_experimental_orchestral_01/010040.mp3,20th century experimental orchestral,train,Guai ai gelidi mostri (arr. of texts by M. Cacciari) Part I,Guai ai gelidi mostri (arr. of texts by M. Cacciari) Part I,,,,
Entire_music/train/20th_century_experimental_orchestral_01/010041.mp3,20th century experimental orchestral,train,Guai ai gelidi mostri (arr. of texts by M. Cacciari) Part II,Guai ai gelidi mostri (arr. of texts by M. Cacciari) Part II,,,,
Entire_music/train/20th_century_experimental_orchestral_01/010042.mp3,20th century experimental orchestral,train,Guai ai gelidi mostri (arr. of texts by M. Cacciari) Part III,Guai ai gelidi mostri (arr. of texts by M. Cacciari) Part III,,,,
Entire_music/test/20th_century_experimental_orchestral_01/010043.mp3,20th century experimental orchestral,test,Guai ai gelidi mostri (arr. of texts by M. Cacciari) Part IV,Guai ai gelidi mostri (arr. of texts by M. Cacciari) Part IV,,,,
Entire_music/train/20th_century_experimental_orchestral_01/010044.mp3,20th century experimental orchestral,train,György Kurtág - ...quasi una fantasia...,...quasi una fantasia...,,,,György Kurtág
Entire_music/train/20th_century_experimental_orchestral_01/010045.mp3,20th century experimental orchestral,train,Hermes,Hermes,,,,
Entire_music/train/20th_century_experimental_orchestral_01/010046.mp3,20th century experimental orchestral,train,Iannis Xenakis - Kraanerg (1970),Kraanerg (1970),,,,Iannis Xenakis
Entire_music/train/20th_century_experimental_orchestral_01/010047.mp3,20th century experimental orchestral,train,Iannis Xenakis - Metastasis,Metastasis,,,,Iannis Xenakis
Entire_music/train/20th_century_experimental_orchestral_01/010048.mp3,20th century experimental orchestral,train,Iannis Xenakis - Persephassa for Six Percussionists (1969) [Score-Video],Persephassa for Six Percussionists (1969),,,,Iannis Xenakis
Entire_music/train/20th_century_experimental_orchestral_01/010049.mp3,20th century experimental orchestral,train,Iannis Xenakis - Pithoprakta (w graphical score),Pithoprakta,,,,Iannis Xenakis
Entire_music/train/20th_century_experimental_orchestral_01/010050.mp3,20th century experimental orchestral,train,Iannis Xenakis - Polytope de Cluny [Audio],Polytope de Cluny,,,,Iannis Xenakis
Entire_music/train/20th_century_experimental_orchestral_01/010051.mp3,20th century experimental orchestral,train,Iannis Xenakis Eonta (1964),Eonta (1964),,,,Iannis Xenakis
Entire_music/train/20th_century_experimental_orchestral_01/010052.mp3,20th century experimental orchestral,train,"K.Penderecki, A Polish Requiem",A Polish Requiem,,,,K.Penderecki
Entire_music/train/20th_century_experimental_orchestral_01/010053.mp3,20th century experimental orchestral,train,Karlheinz Stockhausen - Gruppen (Audio + Full Score),Gruppen,,,,Karlheinz Stockhausen
Entire_music/train/20th_century_experimental_orchestral_01/010054.mp3,20th century experimental orchestral,train,Karlheinz Stockhausen Inori (19731974),Inori (19731974),,,,Karlheinz Stockhausen
Entire_music/train/20th_century_experimental_orchestral_01/010055.mp3,20th century experimental orchestral,train,Krzysztof Penderecki - Complete Cello Concertos,Complete Cello Concertos,,,,Krzysztof Penderecki
Entire_music/val/20th_century_experimental_orchestral_01/010056.mp3,20th century experimental orchestral,val,Krzysztof Penderecki - St. Luke Passion (1966),St. Luke Passion (1966),,,,Krzysztof Penderecki
Entire_music/train/20th_century_experimental_orchestral_01/010057.mp3,20th century experimental orchestral,train,Krzysztof Penderecki - Symphony No. 6 Chinese Poems (Full),Symphony No. 6 Chinese Poems,,,,Krzysztof Penderecki
Entire_music/train/20th_century_experimental_orchestral_01/010058.mp3,20th century experimental orchestral,train,Krzysztof Penderecki -- Polymorphia,Polymorphia,,,,Krzysztof Penderecki
Entire_music/train/20th_century_experimental_orchestral_01/010059.mp3,20th century experimental orchestral,train,La Monte Young - Composition 1960 No.7,Composition 1960 No.7,,,,La Monte Young
Entire_music/train/20th_century_experimental_orchestral_01/010060.mp3,20th century experimental orchestral,train,"La Monte Young - The Tortoise, His Dream and Journeys (1964)","The Tortoise, His Dream and Journeys (1964)",,,,La Monte Young
Entire_music/train/20th_century_experimental_orchestral_01/010061.mp3,20th century experimental orchestral,train,La Monte Young - Theatre Of Eternal Music 1960 & 1963,Theatre Of Eternal Music 1960 & 1963,,,,La Monte Young
Entire_music/train/20th_century_experimental_orchestral_01/010062.mp3,20th century experimental orchestral,train,Le Monte Young - Pre-Tortoise Dream Music [EXPERIMENTAL DRONE MUSIC],Pre-Tortoise Dream Music [EXPERIMENTAL DRONE MUSIC],,,,Le Monte Young
Entire_music/train/20th_century_experimental_orchestral_01/010063.mp3,20th century experimental orchestral,train,Lettera degli antipodi portata dal vento,Lettera degli antipodi portata dal vento,,,,
Entire_music/train/20th_century_experimental_orchestral_01/010064.mp3,20th century experimental orchestral,train,Ligeti - Atmosphères - HD,Atmosphères,,,,Ligeti
Entire_music/train/20th_century_experimental_orchestral_01/010065.mp3,20th century experimental orchestral,train,Ligeti - Le Grand Macabre,Le Grand Macabre,,,,Ligeti
Entire_music/train/20th_century_experimental_orchestral_01/010066.mp3,20th century experimental orchestral,train,Ligeti - Requiem (1965),Requiem (1965),,,,Ligeti
Entire_music/test/20th_century_experimental_orchestral_01/010067.mp3,20th century experimental orchestral,test,Ligeti Lontano (1967),Lontano (1967),,,,Ligeti
Entire_music/train/20th_century_experimental_orchestral_01/010068.mp3,20th century experimental orchestral,train,Ligeti Lux Aeterna (w. Full Score),Lux Aeterna,,,,Ligeti
Entire_music/train/20th_century_experimental_orchestral_01/010069.mp3,20th century experimental orchestral,train,Lorizzonte luminoso di Aton,Lorizzonte luminoso di Aton,,,,
Entire_music/train/20th_century_experimental_orchestral_01/010070.mp3,20th century experimental orchestral,train,Lorologio di Bergson,Lorologio di Bergson,,,,
Entire_music/train/20th_century_experimental_orchestral_01/010071.mp3,20th century experimental orchestral,train,Luciano Berio - Chemins I (Audio + Full Score),Chemins I,,,,Luciano Berio
Entire_music/val/20th_century_experimental_orchestral_01/010072.mp3,20th century experimental orchestral,val,Luciano Berio - Chemins III (Audio + Full Score),Chemins III,,,,Luciano Berio
Entire_music/val/20th_century_experimental_orchestral_01/010073.mp3,20th century experimental orchestral,val,Luciano Berio - Chemins IIb (Audio + Full Score),Chemins IIb,,,,Luciano Berio
Entire_music/train/20th_century_experimental_orchestral_01/010074.mp3,20th century experimental orchestral,train,Luciano Berio - Chemins IIc (Audio + Full Score),Chemins IIc,,,,Luciano Berio
Entire_music/train/20th_century_experimental_orchestral_01/010075.mp3,20th century experimental orchestral,train,Luciano Berio - Chemins IV (Audio + Full Score),Chemins IV,,,,Luciano Berio
Entire_music/train/20th_century_experimental_orchestral_01/010076.mp3,20th century experimental orchestral,train,Luciano Berio - Chemins V (Audio + Full Score),Chemins V,,,,Luciano Berio
Entire_music/train/20th_century_experimental_orchestral_01/010077.mp3,20th century experimental orchestral,train,Luciano Berio - Folk Songs (1964) - Cathy Berberian [Score],Folk Songs (1964),Cathy Berberian,,,Luciano Berio
Entire_music/train/20th_century_experimental_orchestral_01/010078.mp3,20th century experimental orchestral,train,Luigi Nono - Das atmende Klarsein (1980-81),Das atmende Klarsein (1980-81),,,,Luigi Nono
Entire_music/train/20th_century_experimental_orchestral_01/010079.mp3,20th century experimental orchestral,train,Luigi Nono - Il canto sospeso (1956),Il canto sospeso (1956),,,,Luigi Nono
Entire_music/train/20th_century_experimental_orchestral_01/010080.mp3,20th century experimental orchestral,train,Luigi Nono - La fabbrica illuminata,La fabbrica illuminata,,,,Luigi Nono
Entire_music/train/20th_century_experimental_orchestral_01/010081.mp3,20th century experimental orchestral,train,"Luigi Nono - Prometeo, Tragedia dellascolto","Prometeo, Tragedia dellascolto",,,,Luigi Nono
Entire_music/val/20th_century_experimental_orchestral_01/010082.mp3,20th century experimental orchestral,val,Luigi Nono Intolleranza 1960,Intolleranza 1960,,,,Luigi Nono
Entire_music/train/20th_century_experimental_orchestral_01/010083.mp3,20th century experimental orchestral,train,Messages of the late Miss R.Y. Troussova,Messages of the late Miss R.Y. Troussova,,,,
Entire_music/test/20th_century_experimental_orchestral_01/010084.mp3,20th century experimental orchestral,test,Michael Nyman Music from The Draughtman’s Contract,Music from The Draughtman’s Contract,,,,Michael Nyman
Entire_music/train/20th_century_experimental_orchestral_01/010085.mp3,20th century experimental orchestral,train,Music for 18 Musicians,Music for 18 Musicians,,,,
Entire_music/test/20th_century_experimental_orchestral_01/010086.mp3,20th century experimental orchestral,test,Nono Contrappunto dialettico alla mente,Contrappunto dialettico alla mente,,,,Nono
Entire_music/val/20th_century_experimental_orchestral_01/010087.mp3,20th century experimental orchestral,val,Philip Glass - The Philip Glass Ensemble – Music In Twelve Parts CD3 (Full Album),Music In Twelve Parts CD3,The Philip Glass Ensemble,,,Philip Glass
Entire_music/train/20th_century_experimental_orchestral_01/010088.mp3,20th century experimental orchestral,train,Philip Glass - The Photographer Full Album,The Photographer,,,,Philip Glass
Entire_music/train/20th_century_experimental_orchestral_01/010089.mp3,20th century experimental orchestral,train,Philip Glass The Philip Glass Ensemble – Music In Twelve Parts CD1 (Full Album),Music In Twelve Parts CD1,The Philip Glass Ensemble,,,Philip Glass
Entire_music/train/20th_century_experimental_orchestral_01/010090.mp3,20th century experimental orchestral,train,Philip Glass The Philip Glass Ensemble – Music In Twelve Parts CD2 (Full Album),Music In Twelve Parts CD2,The Philip Glass Ensemble,,,Philip Glass
Entire_music/train/20th_century_experimental_orchestral_01/010091.mp3,20th century experimental orchestral,train,Philip Glass The Philip Glass Ensemble – Music In Twelve Parts CD4 (Full Album),Music In Twelve Parts CD4,The Philip Glass Ensemble,,,Philip Glass
Entire_music/train/20th_century_experimental_orchestral_01/010092.mp3,20th century experimental orchestral,train,Pierre Boulez - ...explosante-fixe... (Audio + Full Score),...explosante-fixe...,,,,Pierre Boulez
Entire_music/train/20th_century_experimental_orchestral_01/010093.mp3,20th century experimental orchestral,train,Pierre Boulez - Le marteau sans maître,Le marteau sans maître,,,,Pierre Boulez
Entire_music/train/20th_century_experimental_orchestral_01/010094.mp3,20th century experimental orchestral,train,Pierre Boulez - Pli Selon Pli (Audio + Full Score),Pli Selon Pli,,,,Pierre Boulez
Entire_music/test/20th_century_experimental_orchestral_01/010095.mp3,20th century experimental orchestral,test,Pierre Boulez - Répons,Répons,,,,Pierre Boulez
Entire_music/train/20th_century_experimental_orchestral_01/010096.mp3,20th century experimental orchestral,train,Pierre Schaeffer & Pierre Henry Orphée 53 (1953),Orphée 53 (1953),,,,Pierre Schaeffer & Pierre Henry
Entire_music/train/20th_century_experimental_orchestral_01/010097.mp3,20th century experimental orchestral,train,Pierre Schaeffer - Etude aux objets Part 1-5 (1959),Etude aux objets Part 1-5 (1959),,,,Pierre Schaeffer
Entire_music/test/20th_century_experimental_orchestral_01/010098.mp3,20th century experimental orchestral,test,Pierre Schaeffer -- Études de bruits (1948),Études de bruits (1948),,,,Pierre Schaeffer
Entire_music/train/20th_century_experimental_orchestral_01/010099.mp3,20th century experimental orchestral,train,Salvatore Sciarrino - Quaderno Di Strada (Audio + Score),Quaderno Di Strada,,,,Salvatore Sciarrino
Entire_music/train/20th_century_experimental_orchestral_01/010100.mp3,20th century experimental orchestral,train,Salvatore Sciarrino La perfezione di uno spirito sottile (1985),La perfezione di uno spirito sottile (1985),,,,Salvatore Sciarrino
Entire_music/train/20th_century_experimental_orchestral_01/010101.mp3,20th century experimental orchestral,train,Salvatore Sciarrino ~ Lohengrin,Lohengrin,,,,Salvatore Sciarrino
Entire_music/test/20th_century_experimental_orchestral_01/010102.mp3,20th century experimental orchestral,test,"Stele, Op. 33","Stele, Op. 33",,,,
Entire_music/train/20th_century_experimental_orchestral_01/010103.mp3,20th century experimental orchestral,train,Steve Reich - Different Trains (1988),Different Trains (1988),,,,Steve Reich
Entire_music/train/20th_century_experimental_orchestral_01/010104.mp3,20th century experimental orchestral,train,Steve Reich – The Desert Music (1985 - Album),The Desert Music,,,,Steve Reich
Entire_music/train/20th_century_experimental_orchestral_01/010105.mp3,20th century experimental orchestral,train,Stockhausen - Kontakte,Kontakte,,,,Stockhausen
Entire_music/val/20th_century_experimental_orchestral_01/010106.mp3,20th century experimental orchestral,val,Stockhausen Helikopter-Streichquartett,Helikopter-Streichquartett,,,,Stockhausen
Entire_music/train/20th_century_experimental_orchestral_01/010107.mp3,20th century experimental orchestral,train,Sunrise of the Planetary Dream Collector,Sunrise of the Planetary Dream Collector,,,,
Entire_music/train/20th_century_experimental_orchestral_01/010108.mp3,20th century experimental orchestral,train,Symphonie pour un homme seul,Symphonie pour un homme seul,,,,
Entire_music/train/20th_century_experimental_orchestral_01/010109.mp3,20th century experimental orchestral,train,Symphony No.1 - Krzysztof Penderecki,Symphony No.1,,,,Krzysztof Penderecki
Entire_music/train/20th_century_experimental_orchestral_01/010110.mp3,20th century experimental orchestral,train,Symphony No.2 Christmas - Krzysztof Penderecki,Symphony No.2 Christmas,,,,Krzysztof Penderecki
Entire_music/train/20th_century_experimental_orchestral_01/010111.mp3,20th century experimental orchestral,train,Symphony No.3 - Krzysztof Penderecki,Symphony No.3,,,,Krzysztof Penderecki
Entire_music/val/20th_century_experimental_orchestral_01/010112.mp3,20th century experimental orchestral,val,Symphony No.4 Adagio - Krzysztof Penderecki,Symphony No.4 Adagio,,,,Krzysztof Penderecki
Entire_music/test/20th_century_experimental_orchestral_01/010113.mp3,20th century experimental orchestral,test,Symphony No.7 Seven Gates of Jerusalem - Krzysztof Penderecki,Symphony No.7 Seven Gates of Jerusalem,,,,Krzysztof Penderecki
Entire_music/train/20th_century_experimental_orchestral_01/010114.mp3,20th century experimental orchestral,train,Symphony No.8 Songs of Transcience [Revised Version] - Krzysztof Penderecki,Symphony No.8 Songs of Transcience [Revised Version],,,,Krzysztof Penderecki
Entire_music/train/20th_century_experimental_orchestral_01/010115.mp3,20th century experimental orchestral,train,Te Deum,Te Deum,,,,
Entire_music/train/20th_century_experimental_orchestral_01/010116.mp3,20th century experimental orchestral,train,Terry Riley - In C (1968) FULL ALBUM,In C (1968),,,,Terry Riley
Entire_music/train/20th_century_experimental_orchestral_01/010117.mp3,20th century experimental orchestral,train,Threnos Den Opfern von Hiroshima,Threnos Den Opfern von Hiroshima,,,,
Entire_music/train/20th_century_experimental_orchestral_01/010118.mp3,20th century experimental orchestral,train,[Michael Nyman] Piano Concerto (Score-Video),Piano Concerto,,,,Michael Nyman
Entire_music/train/20th_century_traditional_chamber_02/020001.mp3,20th century traditional chamber,train,02 Midday Thoughts -Copland,Midday Thoughts -Copland,Bennett Lerner,American Piano Music,,Copland
Entire_music/test/20th_century_traditional_chamber_02/020002.mp3,20th century traditional chamber,test,03 Sentimental Tango No. 1 -Vergil Thomson,Sentimental Tango No. 1 -Vergil Thomson,Bennett Lerner,American Piano Music,,
Entire_music/train/20th_century_traditional_chamber_02/020003.mp3,20th century traditional chamber,train,04 Sentimental Piano No. 2 -Vergil Thomson,Sentimental Piano No. 2 -Vergil Thomson,Bennett Lerner,American Piano Music,,
Entire_music/test/20th_century_traditional_chamber_02/020004.mp3,20th century traditional chamber,test,05 Senza espressione -Vergil Thomson,Senza espressione -Vergil Thomson,Bennett Lerner,American Piano Music,,
Entire_music/train/20th_century_traditional_chamber_02/020005.mp3,20th century traditional chamber,train,06 Phillip ramey Thinking -Vergil Thomson,Phillip ramey Thinking -Vergil Thomson,Bennett Lerner,American Piano Music,,
Entire_music/train/20th_century_traditional_chamber_02/020006.mp3,20th century traditional chamber,train,07 Six Preludes for Piano -Paul Bowles,Six Preludes for Piano -Paul Bowles,Bennett Lerner,American Piano Music,,
Entire_music/train/20th_century_traditional_chamber_02/020007.mp3,20th century traditional chamber,train,08 Huapango No. 1 -Paul Bowles,Huapango No. 1 -Paul Bowles,Bennett Lerner,American Piano Music,,
Entire_music/train/20th_century_traditional_chamber_02/020008.mp3,20th century traditional chamber,train,09 El Bejuco -Paul Bowles,El Bejuco -Paul Bowles,Bennett Lerner,American Piano Music,,
Entire_music/train/20th_century_traditional_chamber_02/020009.mp3,20th century traditional chamber,train,10 Tierra Mojada -Paul Bowles,Tierra Mojada -Paul Bowles,Bennett Lerner,American Piano Music,,
Entire_music/test/20th_century_traditional_chamber_02/020010.mp3,20th century traditional chamber,test,11 Orosi -Paul Bowles,Orosi -Paul Bowles,Bennett Lerner,American Piano Music,,
Entire_music/train/20th_century_traditional_chamber_02/020011.mp3,20th century traditional chamber,train,12 La Cuelga -Paul Bowles,La Cuelga -Paul Bowles,Bennett Lerner,American Piano Music,,
Entire_music/val/20th_century_traditional_chamber_02/020012.mp3,20th century traditional chamber,val,13 Huapango No. 2 -Paul Bowles,Huapango No. 2 -Paul Bowles,Bennett Lerner,American Piano Music,,
Entire_music/train/20th_century_traditional_chamber_02/020013.mp3,20th century traditional chamber,train,"14 Ballad for Piano, Op. 46 -Samuel Barber","Ballad for Piano, Op. 46 -Samuel Barber",Bennett Lerner,American Piano Music,,
Entire_music/train/20th_century_traditional_chamber_02/020014.mp3,20th century traditional chamber,train,Anton Webern - 8 Early Songs for voice and piano (1901-04),8 Early Songs for voice and piano (1901-04),,,,Anton Webern
Entire_music/train/20th_century_traditional_chamber_02/020015.mp3,20th century traditional chamber,train,Aram Khachaturian - Sonata for Piano (1961) [Score-Video],Sonata for Piano (1961),,,,Aram Khachaturian
Entire_music/train/20th_century_traditional_chamber_02/020016.mp3,20th century traditional chamber,train,Aram Khachaturian - Toccata (with score),Toccata,,,,Aram Khachaturian
Entire_music/train/20th_century_traditional_chamber_02/020017.mp3,20th century traditional chamber,train,"Aram Khachaturian - Trio for Violin, Clarinet and Piano (1932) [Score-Video]","Trio for Violin, Clarinet and Piano (1932)",,,,Aram Khachaturian
Entire_music/train/20th_century_traditional_chamber_02/020018.mp3,20th century traditional chamber,train,Best Songs of Ludovico Einaudi Ludovico Einaudi Greatest Hits Full Album 2021(HQ),Best Songs of Ludovico Einaudi Ludovico Einaudi Greatest Hits Full Album 2021(HQ),,,,Ludovico Einaudi
Entire_music/train/20th_century_traditional_chamber_02/020019.mp3,20th century traditional chamber,train,Darius Milhaud - Scaramouche,Scaramouche,,,,Darius Milhaud
Entire_music/test/20th_century_traditional_chamber_02/020020.mp3,20th century traditional chamber,test,De Falla Piano Music Complete,Piano Music Complete,,,,De Falla
Entire_music/train/20th_century_traditional_chamber_02/020021.mp3,20th century traditional chamber,train,"Dmitri Shostakovich - 24 Preludes and Fugues, Op. 87","24 Preludes and Fugues, Op. 87",,,,Dmitri Shostakovich
Entire_music/train/20th_century_traditional_chamber_02/020022.mp3,20th century traditional chamber,train,Dmitri Shostakovich - Cello Sonata Op. 40 (1934),Cello Sonata Op. 40 (1934),,,,Dmitri Shostakovich
Entire_music/train/20th_century_traditional_chamber_02/020023.mp3,20th century traditional chamber,train,"Dmitri Shostakovich - Piano Quintet in G minor, Op. 57","Piano Quintet in G minor, Op. 57",,,,Dmitri Shostakovich
Entire_music/train/20th_century_traditional_chamber_02/020024.mp3,20th century traditional chamber,train,F. Poulenc SONATE flute Emmanuel Pahud,SONATE,Emmanuel Pahud,,,F. Poulenc
Entire_music/train/20th_century_traditional_chamber_02/020025.mp3,20th century traditional chamber,train,Francis Poulenc - Sarabande for Guitar (1960) [Score-Video],Sarabande for Guitar (1960),,,,Francis Poulenc
Entire_music/train/20th_century_traditional_chamber_02/020026.mp3,20th century traditional chamber,train,Francis Poulenc - Sonata for Clarinet and Piano,Sonata for Clarinet and Piano,,,,Francis Poulenc
Entire_music/train/20th_century_traditional_chamber_02/020027.mp3,20th century traditional chamber,train,"Francis Poulenc Sextet for Piano and Wind Quintet, FP 100 (19321939)","Sextet for Piano and Wind Quintet, FP 100 (19321939)",,,,Francis Poulenc
Entire_music/train/20th_century_traditional_chamber_02/020028.mp3,20th century traditional chamber,train,Hindemith overture flying dutchman quarte 0 militar minimax,overture flying dutchman quarte 0 militar minimax,,,,Hindemith
Entire_music/train/20th_century_traditional_chamber_02/020029.mp3,20th century traditional chamber,train,Hindemith quartet n 1,quartet n 1,,,,Hindemith
Entire_music/test/20th_century_traditional_chamber_02/020030.mp3,20th century traditional chamber,test,Igor Stravinsky - Octet for Wind Instruments [With score],Octet for Wind Instruments,,,,Igor Stravinsky
Entire_music/train/20th_century_traditional_chamber_02/020031.mp3,20th century traditional chamber,train,Igor Stravinsky ‒ Piano Sonata in F-Sharp Minor,Piano Sonata in F-Sharp Minor,,,,Igor Stravinsky
Entire_music/train/20th_century_traditional_chamber_02/020032.mp3,20th century traditional chamber,train,LAZAR BERMAN plays RACHMANINOV Moments Musicaux Op.16 COMPLETE (1975),Moments Musicaux Op.16 COMPLETE (1975),LAZAR BERMAN,,,RACHMANINOV
Entire_music/train/20th_century_traditional_chamber_02/020033.mp3,20th century traditional chamber,train,Manuel de Falla Siete canciones populares españolas (1914),Siete canciones populares españolas (1914),,,,Manuel de Falla
Entire_music/val/20th_century_traditional_chamber_02/020034.mp3,20th century traditional chamber,val,Prokofiev piano sonate from 1 to 5,piano sonate from 1 to 5,,,,Prokofiev
Entire_music/train/20th_century_traditional_chamber_02/020035.mp3,20th century traditional chamber,train,Rachmaninoff Preludes Complete (Full Album) played by Lukas Geniušas,Preludes Complete,Lukas Geniušas,,,Rachmaninoff
Entire_music/train/20th_century_traditional_chamber_02/020036.mp3,20th century traditional chamber,train,Rachmaninoff Études-Tableaux Complete (Full Album) played by Zlata Chochieva,Études-Tableaux Complete,Zlata Chochieva,,,Rachmaninoff
Entire_music/train/20th_century_traditional_chamber_02/020037.mp3,20th century traditional chamber,train,Ravel Complete Piano Music,Complete Piano Music,,,,Ravel
Entire_music/train/20th_century_traditional_chamber_02/020038.mp3,20th century traditional chamber,train,"Schoenberg Verklärte Nacht, Op.4 - Boulez.","Verklärte Nacht, Op.4",Boulez,,,Schoenberg
Entire_music/val/20th_century_traditional_chamber_02/020039.mp3,20th century traditional chamber,val,Schoenberg quartet D major,quartet D major,,,,Schoenberg
Entire_music/train/20th_century_traditional_chamber_02/020040.mp3,20th century traditional chamber,train,"Sergei Prokofiev - 4 Pieces, Op. 4 (Chiu) (1912)","4 Pieces, Op. 4 (1912)",Chiu,,,Sergei Prokofiev
Entire_music/train/20th_century_traditional_chamber_02/020041.mp3,20th century traditional chamber,train,"Shostakovich, 24 Preludes op.34 - Elisso Wirssaladze",24 Preludes op.34,Elisso Wirssaladze,,,Shostakovich
Entire_music/val/20th_century_traditional_chamber_02/020042.mp3,20th century traditional chamber,val,Yann Tiersen Greatest Hits Collection - Best Song Of Yann Tiersen - Best Piano Instrumental Music,Yann Tiersen Greatest Hits Collection - Best Song Of Yann Tiersen - Best Piano Instrumental Music,,,,Yann Tiersen
Entire_music/train/20th_century_traditional_chamber_02/020043.mp3,20th century traditional chamber,train,"Zoltán Kodály - Duo for Violin and Cello, Op. 7","Duo for Violin and Cello, Op. 7",,,,Zoltán Kodály
Entire_music/train/20th_century_traditional_chamber_02/020044.mp3,20th century traditional chamber,train,Zoltán Kodály - Sonata for Solo Cello,Sonata for Solo Cello,,,,Zoltán Kodály
Entire_music/train/20th_century_traditional_orchestral_03/030001.mp3,20th century traditional orchestral,train,1911 - Petrouchka - Stravinsky,Petrouchka,,,,Stravinsky
Entire_music/val/20th_century_traditional_orchestral_03/030002.mp3,20th century traditional orchestral,val,Aaron Copland - Fanfare for the Common Man for Orchestra (1942) [Score-Video],Fanfare for the Common Man for Orchestra (1942),,,,Aaron Copland
Entire_music/val/20th_century_traditional_orchestral_03/030003.mp3,20th century traditional orchestral,val,"Aaron Copland Symphony No. 3 (Oue, Minnesota Orchestra)",Symphony No. 3,"Oue, Minnesota Orchestra",,,Aaron Copland
Entire_music/test/20th_century_traditional_orchestral_03/030004.mp3,20th century traditional orchestral,test,Appalachian Spring,Appalachian Spring,,,,
Entire_music/train/20th_century_traditional_orchestral_03/030005.mp3,20th century traditional orchestral,train,Aram Khachaturian - Spartacus Suite No. 2 (1955) [Score],Spartacus Suite No. 2 (1955),,,,Aram Khachaturian
Entire_music/train/20th_century_traditional_orchestral_03/030006.mp3,20th century traditional orchestral,train,"Aram Khachaturian Gayaneh (1942, rev. 1957)","Gayaneh (1942, rev. 1957)",,,,Aram Khachaturian
Entire_music/train/20th_century_traditional_orchestral_03/030007.mp3,20th century traditional orchestral,train,Arnold Schoenberg - Gurrelieder (Audio + Full Score),Gurrelieder,,,,Arnold Schoenberg
Entire_music/test/20th_century_traditional_orchestral_03/030008.mp3,20th century traditional orchestral,test,"Arnold Schoenberg - Pelleas und Melisande, Op. 5","Pelleas und Melisande, Op. 5",,,,Arnold Schoenberg
Entire_music/train/20th_century_traditional_orchestral_03/030009.mp3,20th century traditional orchestral,train,"Bartok Concerto for Orchestra, Sz. 116","Concerto for Orchestra, Sz. 116",,,,Bartok
Entire_music/train/20th_century_traditional_orchestral_03/030010.mp3,20th century traditional orchestral,train,Best H A N S Zimmer Music - Most Beautiful Film Music - 3 Hours,Best H A N S Zimmer Music - Most Beautiful Film Music - 3 Hours,,,,
Entire_music/train/20th_century_traditional_orchestral_03/030011.mp3,20th century traditional orchestral,train,Clara Haskil Manuel De Falla - Noches en los jardines de España.,Noches en los jardines de España,Clara Haskil,,,Manuel De Falla
Entire_music/train/20th_century_traditional_orchestral_03/030012.mp3,20th century traditional orchestral,train,Daphnis et Chloé - Ravel - Dutoit,Daphnis et Chloé,Dutoit,,,Ravel
Entire_music/val/20th_century_traditional_orchestral_03/030013.mp3,20th century traditional orchestral,val,"Dmitri Shostakovich Symphony No. 7 in C major, Op.60 Leningrad 1080","Symphony No. 7 in C major, Op.60 Leningrad",,,,Dmitri Shostakovich
Entire_music/train/20th_century_traditional_orchestral_03/030014.mp3,20th century traditional orchestral,train,"Erich Wolfgang Korngold - Symphony in F-sharp major, Op.40 (1953)","Symphony in F-sharp major, Op.40 (1953)",,,,Erich Wolfgang Korngold
Entire_music/train/20th_century_traditional_orchestral_03/030015.mp3,20th century traditional orchestral,train,Fountains of Rome by Ottorino Respighi (Score),Fountains of Rome,,,,Ottorino Respighi
Entire_music/train/20th_century_traditional_orchestral_03/030016.mp3,20th century traditional orchestral,train,"Francis Poulenc - Stabat Mater, FP 148","Stabat Mater, FP 148",,,,Francis Poulenc
Entire_music/train/20th_century_traditional_orchestral_03/030017.mp3,20th century traditional orchestral,train,George Gershwin - An American in Paris for Orchestra (1928) [Score-Video],An American in Paris for Orchestra (1928),,,,George Gershwin
Entire_music/test/20th_century_traditional_orchestral_03/030018.mp3,20th century traditional orchestral,test,Gershwin Porgy and Bess Suite (Catfish Row) - Porgy and Bess Suite,Porgy and Bess Suite (Catfish Row) - Porgy and Bess Suite,,,,Gershwin
Entire_music/train/20th_century_traditional_orchestral_03/030019.mp3,20th century traditional orchestral,train,"Gustav Holst - The Planets, Op. 32","The Planets, Op. 32",,,,Gustav Holst
Entire_music/train/20th_century_traditional_orchestral_03/030020.mp3,20th century traditional orchestral,train,Igor Stravinsky - Circus Polka (For a Young Elephant) for Concert Band (1942) [Score-Video],Circus Polka (For a Young Elephant) for Concert Band (1942),,,,Igor Stravinsky
Entire_music/val/20th_century_traditional_orchestral_03/030021.mp3,20th century traditional orchestral,val,Igor Stravinsky - Symphony in C [With score],Symphony in C,,,,Igor Stravinsky
Entire_music/train/20th_century_traditional_orchestral_03/030022.mp3,20th century traditional orchestral,train,Jascha Heifetz Violin Concerto Korngold,Jascha Heifetz Violin Concerto,,,,Korngold
Entire_music/train/20th_century_traditional_orchestral_03/030023.mp3,20th century traditional orchestral,train,John Williams Greatest Hits Full Album 2021 - The Best Of John Williams Playlist Collection 2021,John Williams Greatest Hits 2021 - The Best Of John Williams Playlist Collection 2021,,,,John Williams
Entire_music/train/20th_century_traditional_orchestral_03/030024.mp3,20th century traditional orchestral,train,Kodaly Concerto for Orchestra,Concerto for Orchestra,,,,Kodaly
Entire_music/train/20th_century_traditional_orchestral_03/030025.mp3,20th century traditional orchestral,train,Le migliori canzoni di Ennio Morricone - I Successi di Ennio Morricone - Ennio Morricone songs,Le migliori canzoni di Ennio Morricone - I Successi di Ennio Morricone - Ennio Morricone songs,,,,Ennio Morricone
Entire_music/train/20th_century_traditional_orchestral_03/030026.mp3,20th century traditional orchestral,train,Manuel de Falla - El Amor Brujo (Marina de Gabarain - ref.record. Ernest Ansermet Remastered),El Amor Brujo,"Marina de Gabarain, Ernest Ansermet",,,Manuel de Falla
Entire_music/train/20th_century_traditional_orchestral_03/030027.mp3,20th century traditional orchestral,train,Maurice Ravel - Bolero,Maurice Ravel - Bolero,,,,Maurice Ravel
Entire_music/test/20th_century_traditional_orchestral_03/030028.mp3,20th century traditional orchestral,test,Maurice Ravel - Piano Concerto in G major,Piano Concerto in G major,,,,Maurice Ravel
Entire_music/test/20th_century_traditional_orchestral_03/030029.mp3,20th century traditional orchestral,test,Ottorino Respighi - Concerto Gregoriano for Violin and Orchestra (1921) [Score-Video],Concerto Gregoriano for Violin and Orchestra (1921),,,,Ottorino Respighi
Entire_music/train/20th_century_traditional_orchestral_03/030030.mp3,20th century traditional orchestral,train,Ottorino Respighi - Feste Romane,Feste Romane,,,,Ottorino Respighi
Entire_music/train/20th_century_traditional_orchestral_03/030031.mp3,20th century traditional orchestral,train,Ottorino Respighi - The Birds {Gli Uccelli},The Birds {Gli Uccelli},,,,Ottorino Respighi
Entire_music/test/20th_century_traditional_orchestral_03/030032.mp3,20th century traditional orchestral,test,Paul Hindemith - Symphonic Metamorphosis (1943),Symphonic Metamorphosis (1943),,,,Paul Hindemith
Entire_music/train/20th_century_traditional_orchestral_03/030033.mp3,20th century traditional orchestral,train,"Peter and the Wolf, Op. 67 Nos. 1-14 (music only)","Peter and the Wolf, Op. 67 Nos. 1-14",,,,
Entire_music/train/20th_century_traditional_orchestral_03/030034.mp3,20th century traditional orchestral,train,Pines of Rome by Ottorino Respighi (Score),Pines of Rome,,,,Ottorino Respighi
Entire_music/train/20th_century_traditional_orchestral_03/030035.mp3,20th century traditional orchestral,train,Poulenc - Gloria,Gloria,,,,Poulenc
Entire_music/train/20th_century_traditional_orchestral_03/030036.mp3,20th century traditional orchestral,train,"Poulenc, Francis La voix humaine (with score)",La voix humaine,,,,"Poulenc, Francis"
Entire_music/train/20th_century_traditional_orchestral_03/030037.mp3,20th century traditional orchestral,train,"Prokofiev - Piano Concertos No.1,2,3,4,5 + Presentation (Century’s recording Vladimir Ashkenazy)","Piano Concertos No.1,2,3,4,5",Vladimir Ashkenazy,,,Prokofiev
Entire_music/train/20th_century_traditional_orchestral_03/030038.mp3,20th century traditional orchestral,train,"Prokofiev Violin Concerto No. 1 in D Major, Op. 19 (Fischer)","Violin Concerto No. 1 in D Major, Op. 19",Fischer,,,Prokofiev
Entire_music/train/20th_century_traditional_orchestral_03/030039.mp3,20th century traditional orchestral,train,"Prokofiev Violin Concerto No. 2 in g minor, Op. 63 (Josefowicz)","Violin Concerto No. 2 in g minor, Op. 63",Josefowicz,,,Prokofiev
Entire_music/train/20th_century_traditional_orchestral_03/030040.mp3,20th century traditional orchestral,train,RACHMANINOFF - Concerto No. 2 - Krystian Zimerman,Concerto No. 2,Krystian Zimerman,,,RACHMANINOFF
Entire_music/train/20th_century_traditional_orchestral_03/030041.mp3,20th century traditional orchestral,train,Rachmaninoff Piano Concerto #3 (Weissenberg 1968) [with score],Piano Concerto #3,Weissenberg,,,Rachmaninoff
Entire_music/train/20th_century_traditional_orchestral_03/030042.mp3,20th century traditional orchestral,train,"Rachmaninov - Symphonies Nos.1,2,3 Vocalise + Presentation (reference record. Evgeny Svetlanov)","Symphonies Nos.1,2,3 Vocalise",Evgeny Svetlanov,,,Rachmaninov
Entire_music/train/20th_century_traditional_orchestral_03/030043.mp3,20th century traditional orchestral,train,"Rachmaninov The Isle of the Dead, Symphonic poem Op. 29 - Andrew Davis","The Isle of the Dead, Symphonic poem Op. 29",Andrew Davis,,,Rachmaninov
Entire_music/train/20th_century_traditional_orchestral_03/030044.mp3,20th century traditional orchestral,train,"Ravel Tzigane, M.76","Tzigane, M.76",,,,Ravel
Entire_music/train/20th_century_traditional_orchestral_03/030045.mp3,20th century traditional orchestral,train,Rhapsody In Blue Gershwin,Rhapsody In Blue: Gershwin,,,,Gershwin
Entire_music/train/20th_century_traditional_orchestral_03/030046.mp3,20th century traditional orchestral,train,STABAT MATER - Zoltàn Kodàly,STABAT MATER,,,,Zoltàn Kodàly
Entire_music/train/20th_century_traditional_orchestral_03/030047.mp3,20th century traditional orchestral,train,"Sergei Prokofiev - Symphony No. 5, Op. 100 (Score)","Symphony No. 5, Op. 100",,,,Sergei Prokofiev
Entire_music/val/20th_century_traditional_orchestral_03/030048.mp3,20th century traditional orchestral,val,Shostakovich The Song of the Forests,The Song of the Forests,,,,Shostakovich
Entire_music/train/20th_century_traditional_orchestral_03/030049.mp3,20th century traditional orchestral,train,Shostakovich - Symphony No. 5 (Score),Symphony No. 5,,,,Shostakovich
Entire_music/train/20th_century_traditional_orchestral_03/030050.mp3,20th century traditional orchestral,train,Shostakovitch Jazz Suites (Full Album),Jazz Suites,,,,Shostakovitch
Entire_music/train/20th_century_traditional_orchestral_03/030051.mp3,20th century traditional orchestral,train,Stravinsky Pulcinella (with Score),Pulcinella,,,,Stravinsky
Entire_music/train/20th_century_traditional_orchestral_03/030052.mp3,20th century traditional orchestral,train,Vaughan Williams - Fantasia on a Theme by Thomas Tallis {One of the best performances ever!!},Fantasia on a Theme by Thomas Tallis,,,,Vaughan Williams
Entire_music/train/20th_century_traditional_orchestral_03/030053.mp3,20th century traditional orchestral,train,Zoltán Kodály - Dances of Galánta [With score],Dances of Galánta,,,,Zoltán Kodály
Entire_music/train/20th_century_traditional_orchestral_03/030054.mp3,20th century traditional orchestral,train,"[Full Score] Poulenc - Concerto for Two Pianos and Orchestra, FP 61","Concerto for Two Pianos and Orchestra, FP 61",,,,Poulenc
Entire_music/train/20th_century_traditional_orchestral_03/030055.mp3,20th century traditional orchestral,train,Sergei Prokofiev - Suite From Romeo & Juliet,Suite From Romeo & Juliet,,,,Sergei Prokofiev
Entire_music/train/African_traditional_folklore_04/040001.mp3,African traditional folklore,train,"Africa - Vol. 4 Mauritanie, Guinée, Dahomey, Côte DIvoire","Africa - Vol. 4 Mauritanie, Guinée, Dahomey, Côte DIvoire",,,,
Entire_music/train/African_traditional_folklore_04/040002.mp3,African traditional folklore,train,"African Folk Music Instrumental Marimba, Kalimba, & Drums","African Folk Music Instrumental | Marimba, Kalimba, & Drums",,,,
Entire_music/train/African_traditional_folklore_04/040003.mp3,African traditional folklore,train,Chad Music From Tibesti,Chad Music From Tibesti,,,,
Entire_music/train/African_traditional_folklore_04/040004.mp3,African traditional folklore,train,"Les Touareg - Avec Les Seigneurs Des Sables - Tassili, Iforas, Hoggar","Les Touareg - Avec Les Seigneurs Des Sables - Tassili, Iforas, Hoggar",,,,
Entire_music/train/African_traditional_folklore_04/040005.mp3,African traditional folklore,train,Mamadou Diabate - Tunga (full album),Tunga,Mamadou Diabate,Tunga,,
Entire_music/test/African_traditional_folklore_04/040006.mp3,African traditional folklore,test,Mauritania chants de femme (1958),Mauritania chants de femme,,,1958,
Entire_music/train/African_traditional_folklore_04/040007.mp3,African traditional folklore,train,TRADITIONAL AFRICAN Music FOLK Music INSTRUMENTAL for Relaxing Studying & Ambience,TRADITIONAL AFRICAN Music FOLK Music INSTRUMENTAL for Relaxing Studying & Ambience,,,,
Entire_music/val/African_traditional_folklore_04/040008.mp3,African traditional folklore,val,Traditional African Music Compilation African Tribal Music & African Melodies,Traditional African Music Compilation African Tribal Music & African Melodies,,,,
Entire_music/train/African_traditional_folklore_04/040009.mp3,African traditional folklore,train,تونس Tunisian folk music,تونس Tunisian folk music,,,,
Entire_music/train/Afro-American_05/050001.mp3,Afro-American,train,01-Cassava Piece,Cassava Piece,Augustus Pablo,"Dub, Reggae And Roots From The",,
Entire_music/train/Afro-American_05/050002.mp3,Afro-American,train,01-alborosie-call up jah,call up jah,alborosie,call_up_jah-(7_inch-forward) V,2007,
Entire_music/train/Afro-American_05/050003.mp3,Afro-American,train,02-Baby I Love You So,Baby I Love You So,Augustus Pablo,"Dub, Reggae And Roots From The",,
Entire_music/train/Afro-American_05/050004.mp3,Afro-American,train,02-alborosie-rastafari anthem,rastafari_anthem,alborosie,rastafari_anthem-(7_inch-forwa,2007,
Entire_music/test/Afro-American_05/050005.mp3,Afro-American,test,03-555 Crown Street,555 Crown Street,Augustus Pablo,"Dub, Reggae And Roots From The",,
Entire_music/val/Afro-American_05/050006.mp3,Afro-American,val,03-alborosie feat michael rose-waan the ting,Waan The Ting,Alborosie Feat Michael Rose,Waan The Ting VLS,2007,
Entire_music/train/Afro-American_05/050007.mp3,Afro-American,train,04-555 Dub Street,555 Dub Street,Augustus Pablo,"Dub, Reggae And Roots From The",,
Entire_music/test/Afro-American_05/050008.mp3,Afro-American,test,04-alborosie-kingston town,Kingston Town,Alborosie,Kingston Town VLS,2007,
Entire_music/train/Afro-American_05/050009.mp3,Afro-American,train,05-Rockers Rock,Rockers Rock,Augustus Pablo,"Dub, Reggae And Roots From The",,
Entire_music/train/Afro-American_05/050010.mp3,Afro-American,train,05-alborosie-meditation (with sizzla),Meditation (with Sizzla),Alborosie,Meditation (with Sizzla) -BW- Nuh Betta Than Me (RETAiL VLS),2007-00-00,
Entire_music/train/Afro-American_05/050011.mp3,Afro-American,train,06-Young Generation,Young Generation,Augustus Pablo,"Dub, Reggae And Roots From The",,
Entire_music/train/Afro-American_05/050012.mp3,Afro-American,train,06-alborosie-police polizia,Police Polizia,Alborosie,Police Polizia VLS,2007,
Entire_music/train/Afro-American_05/050013.mp3,Afro-American,train,07-New Style,New Style,Augustus Pablo,"Dub, Reggae And Roots From The",,
Entire_music/train/Afro-American_05/050014.mp3,Afro-American,train,07-alborosie-nuh betta than me,Nuh Betta Than Me,Alborosie,Meditation (with Sizzla) -BW- Nuh Betta Than Me (RETAiL VLS),2007-00-00,
Entire_music/train/Afro-American_05/050015.mp3,Afro-American,train,08-Meditation Dub,Meditation Dub,Augustus Pablo,"Dub, Reggae And Roots From The",,
Entire_music/train/Afro-American_05/050016.mp3,Afro-American,train,08-alborosie-holy mount zion,holy_mount_zion,alborosie,black_board_riddim-(maximum_sound) Vinyl,2007,
Entire_music/train/Afro-American_05/050017.mp3,Afro-American,train,09-Alborosie-Guess Who's Coming To Diner,Guess Who's Coming To Diner,Alboroise,,2007,
Entire_music/val/Afro-American_05/050018.mp3,Afro-American,val,09-Give Praise,Give Praise,Augustus Pablo,"Dub, Reggae And Roots From The",,
Entire_music/train/Afro-American_05/050019.mp3,Afro-American,train,10-Silent Satta,Silent Satta,Augustus Pablo,"Dub, Reggae And Roots From The",,
Entire_music/train/Afro-American_05/050020.mp3,Afro-American,train,11-Dub Ethiopia,Dub Ethiopia,Augustus Pablo,"Dub, Reggae And Roots From The",,
Entire_music/train/Afro-American_05/050021.mp3,Afro-American,train,12-East Of The River Nile,East Of The River Nile,Augustus Pablo,"Dub, Reggae And Roots From The",,
Entire_music/train/Afro-American_05/050022.mp3,Afro-American,train,13-Let's Get Together,Let's Get Together,Augustus Pablo,"Dub, Reggae And Roots From The",,
Entire_music/test/Afro-American_05/050023.mp3,Afro-American,test,14-Black Ants Lane,Black Ants Lane,Augustus Pablo,"Dub, Reggae And Roots From The",,
Entire_music/train/Afro-American_05/050024.mp3,Afro-American,train,15-Memories Of The Ghetto,Memories Of The Ghetto,Augustus Pablo,"Dub, Reggae And Roots From The",,
Entire_music/train/Afro-American_05/050025.mp3,Afro-American,train,16-Shanking Easy,Shanking Easy,Augustus Pablo,"Dub, Reggae And Roots From The",,
Entire_music/train/Afro-American_05/050026.wma,Afro-American,train,17 AUGUSTUS PABLO AND DERRICK..Bells of death..1973,Bells of death,AUGUSTUS PABLO AND DERRICK,,1973,
Entire_music/train/Afro-American_05/050027.mp3,Afro-American,train,17-Black Gunn,Black Gunn,Augustus Pablo,"Dub, Reggae And Roots From The",,
Entire_music/train/Afro-American_05/050028.mp3,Afro-American,train,18-Tippa Tone Blues,Tipps Tone Blues,Augustus Pablo,"Dub, Reggae And Roots From The",,
Entire_music/train/Afro-American_05/050029.mp3,Afro-American,train,19-Up Warricka Hill,Up Warricka Hill,Augustus Pablo,"Dub, Reggae And Roots From The",,
Entire_music/train/Afro-American_05/050030.mp3,Afro-American,train,20-Thunder Clapp,Thunder Clapp,Augustus Pablo,"Dub, Reggae And Roots From The",,
Entire_music/train/Afro-American_05/050031.mp3,Afro-American,train,21-Braces Tower Dub,Braces Tower Dub,Augustus Pablo,"Dub, Reggae And Roots From The",,
Entire_music/train/Afro-American_05/050032.mp3,Afro-American,train,ANTHONY B - STRIVING (RUB A DUB RIDDIM),Striving (RUB A DUB RIDDIM),Anthony B,,2010,
Entire_music/train/Afro-American_05/050033.mp3,Afro-American,train,Africa Unite - Good-Bye (Dub),Good-Bye (Dub),Africa Unite,Mentre Fuori Piove,2003,Africa Unite
Entire_music/train/Afro-American_05/050034.mp3,Afro-American,train,Africa Unite - In Piedi,In Piedi,Africa Unite,Mentre Fuori Piove,2003,Africa Unite
Entire_music/train/Afro-American_05/050035.mp3,Afro-American,train,Africa Unite - La Storia (Dub),La Storia (Dub),Africa Unite,Mentre Fuori Piove,2003,Africa Unite
Entire_music/val/Afro-American_05/050036.mp3,Afro-American,val,Africa Unite - La Storia,La Storia,Africa Unite,Mentre Fuori Piove,2003,Africa Unite
Entire_music/val/Afro-American_05/050037.mp3,Afro-American,val,Africa Unite - Mentre Fuori Piove,Mentre Fuori Piove,Africa Unite,Mentre Fuori Piove,2003,Africa Unite
Entire_music/val/Afro-American_05/050038.mp3,Afro-American,val,Africa Unite - Mind Rape,Mind Rape,Africa Unite,Mentre Fuori Piove,2003,Africa Unite
Entire_music/train/Afro-American_05/050039.mp3,Afro-American,train,"Africa Unite - Muoio, Good-Bye","Muoio, Good-Bye",Africa Unite,Mentre Fuori Piove,2003,Africa Unite
Entire_music/train/Afro-American_05/050040.mp3,Afro-American,train,Africa Unite - Non Guardare,Non Guardare,Africa Unite,Mentre Fuori Piove,2003,Africa Unite
Entire_music/train/Afro-American_05/050041.mp3,Afro-American,train,Africa Unite - Ogni Singola Goccia,Ogni Singola Goccia,Africa Unite,Mentre Fuori Piove,2003,Africa Unite
Entire_music/train/Afro-American_05/050042.mp3,Afro-American,train,Africa Unite - Quando Fuori Piove,Quando Fuori Piove,Africa Unite,Mentre Fuori Piove,2003,Africa Unite
Entire_music/val/Afro-American_05/050043.mp3,Afro-American,val,Africa Unite - Rughe Indelebili,Rughe Indelebili,Africa Unite,Mentre Fuori Piove,2003,Africa Unite
Entire_music/train/Afro-American_05/050044.mp3,Afro-American,train,Africa Unite - Uguale,Uguale,Africa Unite,Mentre Fuori Piove,2003,Africa Unite
Entire_music/train/Afro-American_05/050045.mp3,Afro-American,train,Africa Unite - Wha'ts Going On,Wha'ts Going On,Africa Unite,Mentre Fuori Piove,2003,Africa Unite
Entire_music/val/Afro-American_05/050046.mp3,Afro-American,val,Africa Unite- U Man Right,Uman Right,Africa Unite,,,
Entire_music/train/Afro-American_05/050047.mp3,Afro-American,train,Afrikan Simba - Civilization,Civilization,Afrikan Simba,,,
Entire_music/train/Afro-American_05/050048.mp3,Afro-American,train,Afrikan Simba - Poverty + dub1 (King Shiloh 12_),Poverty + dub1 (King Shiloh 12),Afrikan Simba,,,
Entire_music/train/Afro-American_05/050049.mp3,Afro-American,train,Alborosie - Kingston Town,Kingston Town,Alborosie,,2007,
Entire_music/train/Afro-American_05/050050.mp3,Afro-American,train,Ali Toure Farka - Vol. 1,Vol. 1,Ali Toure Farka,,,
Entire_music/train/Afro-American_05/050051.mp3,Afro-American,train,Alpha Blondie - Marijuana,Marijuana,Alpha Blondy,Masada,1992,Alpha Blondy
Entire_music/train/Afro-American_05/050052.mp3,Afro-American,train,Aswad - Dub Fire,Dub Fire,Aswad,,,
Entire_music/train/Afro-American_05/050053.mp3,Afro-American,train,Augustus Pablo - The Essential Collection Chapter I (Full Album),The Essential Collection Chapter I,Augustus Pablo,,,
Entire_music/train/Afro-American_05/050054.mp3,Afro-American,train,Bob Marley Greatest Hits Reggae Songs 2023 Bob Marley Full Playlist,Bob Marley Greatest Hits Reggae Songs 2023 | Bob Marley Full Playlist,Bob Marley,,,
Entire_music/train/Afro-American_05/050055.mp3,Afro-American,train,"Dont Think Twice, Its All Right","Dont Think Twice, Its All Right",,,,
Entire_music/test/Afro-American_05/050056.mp3,Afro-American,test,FLASHBACK Lee Perry - Skanking With The Upsetter Rare Dubs (1971-1974),Skanking With The Upsetter Rare Dubs (1971-1974),Lee Perry,,,
Entire_music/train/Afro-American_05/050057.mp3,Afro-American,train,"Fela Kuti (Nigeria, 1973) - Gentleman (Full Album)",Gentleman,Fela Kuti,Gentleman,1973,
Entire_music/train/Afro-American_05/050058.mp3,Afro-American,train,"Fela Kuti (Nigeria, 1975) - He Miss Road (Full Album)",He Miss Road,Fela Kuti,He Miss Road,1975,
Entire_music/train/Afro-American_05/050059.mp3,Afro-American,train,Fela Kuti - Teacher Dont Teach Me Nonsense (LP),Teacher Dont Teach Me Nonsense,Fela Kuti,Teacher Dont Teach Me Nonsense,,
Entire_music/val/Afro-American_05/050060.mp3,Afro-American,val,Guy Davis - Loneliest Road That I Know,Loneliest Road That I Know,Guy Davis,,,
Entire_music/train/Afro-American_05/050061.mp3,Afro-American,train,Harry Belafonte - 1956 Greatest Hits - Calypso (Full Album),Calypso,Harry Belafonte,Calypso,1956,
Entire_music/train/Afro-American_05/050062.mp3,Afro-American,train,Jazz Gillum - Chicago Blues On Air,Chicago Blues On Air,Jazz Gillum,,,
Entire_music/test/Afro-American_05/050063.mp3,Afro-American,test,Josh White - Chicago 1963 Sessions,Chicago 1963 Sessions,Josh White,,1963,
Entire_music/train/Afro-American_05/050064.mp3,Afro-American,train,Leadbelly Best Songs - Leadbelly Top Hits - Leadbelly Full ALbum,Leadbelly Best Songs - Leadbelly Top Hits - Leadbelly,Leadbelly,,,
Entire_music/train/Afro-American_05/050065.mp3,Afro-American,train,Lee Perry & Mad Professor - Mad Man Dubwise,Mad Man Dubwise,Lee Perry & Mad Professor,,,
Entire_music/train/Afro-American_05/050066.mp3,Afro-American,train,MIRIAM MAKEBA - Makeba! [FULL ALBUM] 1968,Makeba!,MIRIAM MAKEBA,Makeba!,1968,
Entire_music/test/Afro-American_05/050067.mp3,Afro-American,test,Manu Chao Sus Mejores Exitos - Manu Chao 30 Grandes Éxitos,Manu Chao Sus Mejores Exitos - Manu Chao 30 Grandes Éxitos,Manu Chao,,,
Entire_music/train/Afro-American_05/050068.mp3,Afro-American,train,Miriam Makeba Ten songs for you GR 01421 (Full Album),Ten songs for you GR 01421,Miriam Makeba,Ten songs for you GR 01421,,
Entire_music/train/Afro-American_05/050069.mp3,Afro-American,train,My Rambling Ways,My Rambling Ways,,,,
Entire_music/train/Afro-American_05/050070.mp3,Afro-American,train,Odetta - Waterboy,Waterboy,Odetta,,,
Entire_music/train/Afro-American_05/050071.mp3,Afro-American,train,Odetta - Battle Hymn Of The Republic,Battle Hymn Of The Republic,Odetta,,,
Entire_music/test/Afro-American_05/050072.mp3,Afro-American,test,Odetta - Hit Or Miss,Hit Or Miss,Odetta,,,
Entire_music/train/Afro-American_05/050073.mp3,Afro-American,train,Odetta - Sometimes I Feel Like a Motherless Child,Sometimes I Feel Like a Motherless Child,Odetta,,,
Entire_music/train/Afro-American_05/050074.mp3,Afro-American,train,Odetta – Sometimes I Feel Like Cryin -(Full Vinyl LP),Sometimes I Feel Like Cryin,Odetta,Sometimes I Feel Like Cryin,,
Entire_music/train/Afro-American_05/050075.mp3,Afro-American,train,Rhiannon Giddens - Another Wasted Life (Official Video),Another Wasted Life,Rhiannon Giddens,,,
Entire_music/train/Afro-American_05/050076.mp3,Afro-American,train,Rhiannon Giddens - Wayfaring Stranger,Wayfaring Stranger,Rhiannon Giddens,,,
Entire_music/val/Afro-American_05/050077.mp3,Afro-American,val,Rhiannon Giddens - We Could Fly (Official Video),We Could Fly,Rhiannon Giddens,,,
Entire_music/train/Afro-American_05/050078.mp3,Afro-American,train,Rhiannon Giddens - You Louisiana Man (Official Video),You Louisiana Man,Rhiannon Giddens,,,
Entire_music/train/Afro-American_05/050079.mp3,Afro-American,train,Rhiannon Giddens Julie (original),Julie (original),Rhiannon Giddens,,,
Entire_music/train/Afro-American_05/050080.mp3,Afro-American,train,Richie Havens – Common Ground (1983) [Full Album],Common Ground,Richie Havens,Common Ground,1983,
Entire_music/test/Afro-American_05/050081.mp3,Afro-American,test,Sister Rosetta Tharpe - The Best Of Vol 1 (Full Album - Album complet),The Best Of Vol 1,Sister Rosetta Tharpe,,,
Entire_music/train/Afro-American_05/050082.mp3,Afro-American,train,Sonny & Brownie Bring out the boogie in me,Bring out the boogie in me,Sonny & Brownie,,,
Entire_music/train/Afro-American_05/050083.mp3,Afro-American,train,Sonny & Brownie Sonnys thing,Sonnys thing,Sonny & Brownie,,,
Entire_music/train/Afro-American_05/050084.mp3,Afro-American,train,Sonny & Brownie People Get Ready,People Get Ready,Sonny & Brownie,,,
Entire_music/train/Afro-American_05/050085.mp3,Afro-American,train,Sonny Terry & Brownie McGhee - On The Road Again,On The Road Again,Sonny Terry & Brownie McGhee,,,
Entire_music/train/Afro-American_05/050086.mp3,Afro-American,train,Sonny Terry & Brownie Mcgee - Jesus Gonna Make It Alright,Jesus Gonna Make It Alright,Sonny Terry & Brownie Mcgee,,,
Entire_music/test/Afro-American_05/050087.mp3,Afro-American,test,"Taj Mahal - 1968 - Taj Mahal [Full Album, Remastered] HQ",Taj Mahal,Taj Mahal,Taj Mahal,1968,
Entire_music/train/Afro-American_05/050088.mp3,Afro-American,train,We All Need More Kindness In This World,We All Need More Kindness In This World,,,,
Entire_music/train/Afro-American_05/050089.mp3,Afro-American,train,Writing Paper Blues,Writing Paper Blues,,,,
Entire_music/train/Afro-American_05/050090.mp3,Afro-American,train,Youssou Ndour - Ndar [ Saint-Louis ] - Album,Youssou Ndour - Ndar [ Saint-Louis ] - Album,Youssou Ndour,Ndar [Saint-Louis],,
Entire_music/val/Baroque_sacred_06/060001.mp3,Baroque sacred,val,"01 - Prelude in E Flat Major, BWV 552","Prelude in E Flat Major, BWV 552",Wolfgang Ruebsam,"Clavierübung III, Vol.1 - J.S.Bach",1994,Johann Sebastian Bach
Entire_music/train/Baroque_sacred_06/060002.mp3,Baroque sacred,train,"Bach, Johann Sebastian - Mass in B minor CD 1/2 - Kyrie - Kyrie eleison",Kyrie - Kyrie eleison,"Bach, Johann Sebastian",Mass in B minor CD 1/2,,"Bach, Johann Sebastian"
Entire_music/train/Baroque_sacred_06/060003.mp3,Baroque sacred,train,,,,,,
Entire_music/train/Baroque_sacred_06/060004.mp3,Baroque sacred,train,"02 - Kyrie, Gott Vater in Ewigkeit, BWV 669","Kyrie, Gott Vater in Ewigkeit, BWV 669",Wolfgang Ruebsam,"Clavierübung III, Vol.1 - J.S.Bach",1994,Johann Sebastian Bach
Entire_music/train/Baroque_sacred_06/060005.mp3,Baroque sacred,train,"Bach, Johann Sebastian - Mass in B minor CD 1/2 - Kyrie - Christe eleison",Kyrie - Christe eleison,"Bach, Johann Sebastian",Mass in B minor CD 1/2,,"Bach, Johann Sebastian"
Entire_music/train/Baroque_sacred_06/060006.mp3,Baroque sacred,train,,,,,,
Entire_music/train/Baroque_sacred_06/060007.mp3,Baroque sacred,train,"03 - Christe, aller Welt Trost, BWV 670","Christe, aller Welt Trost, BWV 670",Wolfgang Ruebsam,"Clavierübung III, Vol.1 - J.S.Bach",1994,Johann Sebastian Bach
Entire_music/train/Baroque_sacred_06/060008.mp3,Baroque sacred,train,"03 - Komm, Gott, Schöpfer, heiliger Geist","Komm, Gott, Schöpfer, heiliger Geist",Pietro Spada,Bach Busoni/ Complete Transcriptions for Piano -Vol.2,1988,
Entire_music/train/Baroque_sacred_06/060009.mp3,Baroque sacred,train,"Bach, Johann Sebastian - Mass in B minor CD 1/2 - Kyrie - Kyrie eleison",Kyrie - Kyrie eleison,"Bach, Johann Sebastian",Mass in B minor CD 1/2,,"Bach, Johann Sebastian"
Entire_music/train/Baroque_sacred_06/060010.mp3,Baroque sacred,train,,,,,,
Entire_music/train/Baroque_sacred_06/060011.mp3,Baroque sacred,train,"04 - Komm, Gott, Schoepfer, Heiliger Geist, BWV 667 - Chorale preludes for organ","Komm, Gott, Schoepfer, Heiliger Geist, BWV 667 - Chorale preludes for organ",Kun Woo Paik,Bach/Busoni,2001,Johann Sebastian Bach
Entire_music/train/Baroque_sacred_06/060012.mp3,Baroque sacred,train,"04 - Kyrie, Gott heiliger Geist, BWV 671","Kyrie, Gott heiliger Geist, BWV 671",Wolfgang Ruebsam,"Clavierübung III, Vol.1 - J.S.Bach",1994,Johann Sebastian Bach
Entire_music/train/Baroque_sacred_06/060013.mp3,Baroque sacred,train,"04 - Wachet auf, ruft uns die Stimme","Wachet auf, ruft uns die Stimme",Pietro Spada,Bach Busoni/ Complete Transcriptions for Piano -Vol.2,1988,
Entire_music/train/Baroque_sacred_06/060014.mp3,Baroque sacred,train,"Bach, Johann Sebastian - Mass in B minor CD 1/2 - Gloria - Gloria in excelsis Deo",Gloria - Gloria in excelsis Deo,"Bach, Johann Sebastian",Mass in B minor CD 1/2,,"Bach, Johann Sebastian"
Entire_music/val/Baroque_sacred_06/060015.mp3,Baroque sacred,val,,,,,,
Entire_music/train/Baroque_sacred_06/060016.mp3,Baroque sacred,train,"05 - Kyrie, Gott Vater in Ewigkeit, BWV 672","Kyrie, Gott Vater in Ewigkeit, BWV 672",Wolfgang Ruebsam,"Clavierübung III, Vol.1 - J.S.Bach",1994,Johann Sebastian Bach
Entire_music/train/Baroque_sacred_06/060017.mp3,Baroque sacred,train,"05 - Nun komm, der heiden Heiland","Nun komm, der heiden Heiland",Pietro Spada,Bach Busoni/ Complete Transcriptions for Piano -Vol.2,1988,
Entire_music/train/Baroque_sacred_06/060018.mp3,Baroque sacred,train,"05 - Wachet auf, Ruft uns die Stimme, BWV 645 - Chorale preludes for organ","Wachet auf, Ruft uns die Stimme, BWV 645 - Chorale preludes for organ",Kun Woo Paik,Bach/Busoni,2001,Johann Sebastian Bach
Entire_music/train/Baroque_sacred_06/060019.mp3,Baroque sacred,train,"Bach, Johann Sebastian - Mass in B minor CD 1/2 - Gloria - Laudamus te",Gloria - Laudamus te,"Bach, Johann Sebastian",Mass in B minor CD 1/2,,"Bach, Johann Sebastian"
Entire_music/train/Baroque_sacred_06/060020.mp3,Baroque sacred,train,,,,,,
Entire_music/train/Baroque_sacred_06/060021.mp3,Baroque sacred,train,"06 - Christe, aller Welt Trost, BWV 673","Christe, aller Welt Trost, BWV 673",Wolfgang Ruebsam,"Clavierübung III, Vol.1 - J.S.Bach",1994,Johann Sebastian Bach
Entire_music/val/Baroque_sacred_06/060022.mp3,Baroque sacred,val,"06 - Nun freut euch, liebe Christen gmein","Nun freut euch, liebe Christen gmein",Pietro Spada,Bach Busoni/ Complete Transcriptions for Piano -Vol.2,1988,
Entire_music/train/Baroque_sacred_06/060023.mp3,Baroque sacred,train,"06 - Nun komm, der heiden Heiland, BWV 659 - Chorale preludes for organ","Nun komm, der heiden Heiland, BWV 659 - Chorale preludes for organ",Kun Woo Paik,Bach/Busoni,2001,Johann Sebastian Bach
Entire_music/train/Baroque_sacred_06/060024.mp3,Baroque sacred,train,"Bach, Johann Sebastian - Mass in B minor CD 1/2 - Gloria - Gratias agimus tibi",Gloria - Gratias agimus tibi,"Bach, Johann Sebastian",Mass in B minor CD 1/2,,"Bach, Johann Sebastian"
Entire_music/test/Baroque_sacred_06/060025.mp3,Baroque sacred,test,,,,,,
Entire_music/train/Baroque_sacred_06/060026.mp3,Baroque sacred,train,"07 - Ich ruf' zu dir, Herr Jesu Christ","Ich ruf' zu dir, Herr Jesu Christ",Pietro Spada,Bach Busoni/ Complete Transcriptions for Piano -Vol.2,1988,
Entire_music/train/Baroque_sacred_06/060027.mp3,Baroque sacred,train,"07 - Kyrie, Gott heiliger Geist, BWV 674","Kyrie, Gott heiliger Geist, BWV 674",Wolfgang Ruebsam,"Clavierübung III, Vol.1 - J.S.Bach",1994,Johann Sebastian Bach
Entire_music/test/Baroque_sacred_06/060028.mp3,Baroque sacred,test,"07 - Nun freut euch, lieben Christen Gmein, BWV 734A - Chorale preludes for organ","Nun freut euch, lieben Christen Gmein, BWV 734A - Chorale preludes for organ",Kun Woo Paik,Bach/Busoni,2001,Johann Sebastian Bach
Entire_music/test/Baroque_sacred_06/060029.mp3,Baroque sacred,test,"Bach, Johann Sebastian - Mass in B minor CD 1/2 - Gloria - Domine Deus",Gloria - Domine Deus,"Bach, Johann Sebastian",Mass in B minor CD 1/2,,"Bach, Johann Sebastian"
Entire_music/train/Baroque_sacred_06/060030.mp3,Baroque sacred,train,,,,,,
Entire_music/train/Baroque_sacred_06/060031.mp3,Baroque sacred,train,"08 - Allein Gott in der Hoeh' sei Ehr', BWV 675","Allein Gott in der Hoeh' sei Ehr', BWV 675",Wolfgang Ruebsam,"Clavierübung III, Vol.1 - J.S.Bach",1994,Johann Sebastian Bach
Entire_music/train/Baroque_sacred_06/060032.mp3,Baroque sacred,train,"08 - Herr Gott, nun schleuß den Himmel auf","Herr Gott, nun schleuß den Himmel auf",Pietro Spada,Bach Busoni/ Complete Transcriptions for Piano -Vol.2,1988,
Entire_music/val/Baroque_sacred_06/060033.mp3,Baroque sacred,val,"08 - Ich ruf' zu dir, herr Jesu Christ, BWV 639 - Chorale preludes for organ","Ich ruf' zu dir, herr Jesu Christ, BWV 639 - Chorale preludes for organ",Kun Woo Paik,Bach/Busoni,2001,Johann Sebastian Bach
Entire_music/val/Baroque_sacred_06/060034.mp3,Baroque sacred,val,"Bach, Johann Sebastian - Mass in B minor CD 1/2 - Gloria - Qui tollis peccata mundi",Gloria - Qui tollis peccata mundi,"Bach, Johann Sebastian",Mass in B minor CD 1/2,,"Bach, Johann Sebastian"
Entire_music/test/Baroque_sacred_06/060035.mp3,Baroque sacred,test,,,,,,
Entire_music/train/Baroque_sacred_06/060036.mp3,Baroque sacred,train,"09 - Allein Gott in der Hoeh' sei Ehr', BWV 676","Allein Gott in der Hoeh' sei Ehr', BWV 676",Wolfgang Ruebsam,"Clavierübung III, Vol.1 - J.S.Bach",1994,Johann Sebastian Bach
Entire_music/train/Baroque_sacred_06/060037.mp3,Baroque sacred,train,09 - Durchs Adams Fall ist ganz verderbt,Durchs Adams Fall ist ganz verderbt,Pietro Spada,Bach Busoni/ Complete Transcriptions for Piano -Vol.2,1988,
Entire_music/train/Baroque_sacred_06/060038.mp3,Baroque sacred,train,"09 - Jesus Christus, unser Heiland, BWV 665 - Chorale preludes for organ","Jesus Christus, unser Heiland, BWV 665 - Chorale preludes for organ",Kun Woo Paik,Bach/Busoni,2001,Johann Sebastian Bach
Entire_music/train/Baroque_sacred_06/060039.mp3,Baroque sacred,train,"Bach, Johann Sebastian - Mass in B minor CD 1/2 - Gloria - Qui sedes ad dextram Patris",Gloria - Qui sedes ad dextram Patris,"Bach, Johann Sebastian",Mass in B minor CD 1/2,,"Bach, Johann Sebastian"
Entire_music/test/Baroque_sacred_06/060040.mp3,Baroque sacred,test,,,,,,
Entire_music/train/Baroque_sacred_06/060041.mp3,Baroque sacred,train,"10 - Fughetta super_ Allein Gott in der Hoeh' sei Ehr', BWV 677","Fughetta super: Allein Gott in der Hoeh' sei Ehr', BWV 677",Wolfgang Ruebsam,"Clavierübung III, Vol.1 - J.S.Bach",1994,Johann Sebastian Bach
Entire_music/train/Baroque_sacred_06/060042.mp3,Baroque sacred,train,"10 - In dir is Freude, BWV 615 - Chorale preludes for organ","In dir is Freude, BWV 615 - Chorale preludes for organ",Kun Woo Paik,Bach/Busoni,2001,Johann Sebastian Bach
Entire_music/train/Baroque_sacred_06/060043.mp3,Baroque sacred,train,10 - In dir ist Freude,In dir ist Freude,Pietro Spada,Bach Busoni/ Complete Transcriptions for Piano -Vol.2,1988,
Entire_music/train/Baroque_sacred_06/060044.mp3,Baroque sacred,train,"Bach, Johann Sebastian - Mass in B minor CD 1/2 - Gloria - Quoniam tu solus sanctus",Gloria - Quoniam tu solus sanctus,"Bach, Johann Sebastian",Mass in B minor CD 1/2,,"Bach, Johann Sebastian"
Entire_music/test/Baroque_sacred_06/060045.mp3,Baroque sacred,test,,,,,,
Entire_music/train/Baroque_sacred_06/060046.mp3,Baroque sacred,train,"11 - Dies sind die heil'gen zehn Gebot, BWV 678","Dies sind die heil'gen zehn Gebot, BWV 678",Wolfgang Ruebsam,"Clavierübung III, Vol.1 - J.S.Bach",1994,Johann Sebastian Bach
Entire_music/val/Baroque_sacred_06/060047.mp3,Baroque sacred,val,"11 - Herr Gott, nun schluess den Himmel auf, BWV 617 - Chorale preludes for organ","Herr Gott, nun schluess den Himmel auf, BWV 617 - Chorale preludes for organ",Kun Woo Paik,Bach/Busoni,2001,Johann Sebastian Bach
Entire_music/train/Baroque_sacred_06/060048.mp3,Baroque sacred,train,"11 - Jesus Christus, unser Heiland","Jesus Christus, unser Heiland",Pietro Spada,Bach Busoni/ Complete Transcriptions for Piano -Vol.2,1988,
Entire_music/val/Baroque_sacred_06/060049.mp3,Baroque sacred,val,"Bach, Johann Sebastian - Mass in B minor CD 1/2 - Gloria - Cum Sancto Spiritu",Gloria - Cum Sancto Spiritu,"Bach, Johann Sebastian",Mass in B minor CD 1/2,,"Bach, Johann Sebastian"
Entire_music/train/Baroque_sacred_06/060050.mp3,Baroque sacred,train,,,,,,
Entire_music/val/Baroque_sacred_06/060051.mp3,Baroque sacred,val,"12 - Durch Adam's Fall ist ganz verderbt, BWV 637 - Chorale preludes for organ","Durch Adam's Fall ist ganz verderbt, BWV 637 - Chorale preludes for organ",Kun Woo Paik,Bach/Busoni,2001,Johann Sebastian Bach
Entire_music/train/Baroque_sacred_06/060052.mp3,Baroque sacred,train,"12 - Fughetta super_ Dies sind die heil'gen zehn Gebot, BWV 679","Fughetta super: Dies sind die heil'gen zehn Gebot, BWV 679",Wolfgang Ruebsam,"Clavierübung III, Vol.1 - J.S.Bach",1994,Johann Sebastian Bach
Entire_music/train/Baroque_sacred_06/060053.mp3,Baroque sacred,train,,,,,,
Entire_music/train/Baroque_sacred_06/060054.mp3,Baroque sacred,train,"13 - Durch Adam's Fall ist ganz verderbt, BWV 705 - Chorale preludes for organ","Durch Adam's Fall ist ganz verderbt, BWV 705 - Chorale preludes for organ",Kun Woo Paik,Bach/Busoni,2001,Johann Sebastian Bach
Entire_music/train/Baroque_sacred_06/060055.mp3,Baroque sacred,train,"13 - Wir glauben all' an einen Gott, BWV 680","Wir glauben all' an einen Gott, BWV 680",Wolfgang Ruebsam,"Clavierübung III, Vol.1 - J.S.Bach",1994,Johann Sebastian Bach
Entire_music/train/Baroque_sacred_06/060056.mp3,Baroque sacred,train,"14 - Fughetta super_ Wir glauben all' an einen Gott, BWV 681","Fughetta super: Wir glauben all' an einen Gott, BWV 681",Wolfgang Ruebsam,"Clavierübung III, Vol.1 - J.S.Bach",1994,Johann Sebastian Bach
Entire_music/train/Baroque_sacred_06/060057.mp3,Baroque sacred,train,,,,,,
Entire_music/train/Baroque_sacred_06/060058.mp3,Baroque sacred,train,,,,,,
Entire_music/train/Baroque_sacred_06/060059.mp3,Baroque sacred,train,,,,,,
Entire_music/train/Baroque_sacred_06/060060.mp3,Baroque sacred,train,,,,,,
Entire_music/train/Baroque_sacred_06/060061.mp3,Baroque sacred,train,,,,,,
Entire_music/train/Baroque_sacred_06/060062.mp3,Baroque sacred,train,Arcangelo Corelli (1653-1713) - Sonate da chiesa,Sonate da chiesa,,,,Arcangelo Corelli
Entire_music/train/Baroque_sacred_06/060063.mp3,Baroque sacred,train,"Bach Mass in B minor, BWV 232 Karl Richter","Mass in B minor, BWV 232",Karl Richter,,,Bach
Entire_music/train/Baroque_sacred_06/060064.mp3,Baroque sacred,train,"Bach-Busoni - Chorale Prelude 'Wachet auf, ruft uns die Stimme' (Perahia)",Busoni - Chorale Prelude 'Wac,_CLASSICAL_Bach,,,Bach
Entire_music/train/Baroque_sacred_06/060065.mp3,Baroque sacred,train,Bach-Feinberg.Coral Prelud Alle menschen müssen sterben.BWV 643,Coral Prelud Alle menschen müssen sterben.BWV 643,,,,Bach
Entire_music/train/Baroque_sacred_06/060066.mp3,Baroque sacred,train,Bach-Feinberg.Coral Prelud Wer nur den lieben Gott lässt walten.BWV 647,Coral Prelud Wer nur den lieben Gott lässt walten.BWV 647,,,,Bach
Entire_music/train/Baroque_sacred_06/060067.mp3,Baroque sacred,train,"Bach_Feinberg - Choral-Prelude_ Allein Gott In Der Hoh Sei Ehr, Bwv 663","Bach_Feinberg - Choral-Prelude: Allein Gott In Der Hoh Sei Ehr, Bwv 663",Samuil Feinberg,Samuil Feinberg_Russian Piano School Volume 3,,Bach
Entire_music/train/Baroque_sacred_06/060068.mp3,Baroque sacred,train,"Bach_Feinberg - Chorale-Prelude_ Allein Gott In Der Hoh Sei Ehr, BWV 662","Bach_Feinberg - Chorale-Prelude: Allein Gott In Der Hoh Sei Ehr, BWV 662",Samuil Feinberg,Samuil Feinberg_Russian Piano School Volume 3,,Bach
Entire_music/train/Baroque_sacred_06/060069.mp3,Baroque sacred,train,"Bach_Feinberg - Chorale-Prelude_ Allein Gott In Der Hoh Sei Ehr, BWV 662_","Bach_Feinberg - Chorale-Prelude: Allein Gott In Der Hoh Sei Ehr, BWV 662*",Samuil Feinberg,Samuil Feinberg_Russian Piano School Volume 3,,Bach
Entire_music/train/Baroque_sacred_06/060070.mp3,Baroque sacred,train,"Bach_Feinberg - Chorale-Prelude_ Allein Gott In Der Hoh Sei Ehr, BWV 711","Bach_Feinberg - Chorale-Prelude: Allein Gott In Der Hoh Sei Ehr, BWV 711",Samuil Feinberg,Samuil Feinberg_Russian Piano School Volume 3,,Bach
Entire_music/train/Baroque_sacred_06/060071.mp3,Baroque sacred,train,"Bach_Feinberg - Chorale-Prelude_ Wer Nur Den Lieben Gott Labt Walten, Bwv 647","Bach_Feinberg - Chorale-Prelude: Wer Nur Den Lieben Gott Labt Walten, Bwv 647",Samuil Feinberg,Samuil Feinberg_Russian Piano School Volume 3,,Bach
Entire_music/train/Baroque_sacred_06/060072.mp3,Baroque sacred,train,Bachs Most Beautiful Chorales,Bachs Most Beautiful Chorales,,,,Bach
Entire_music/train/Baroque_sacred_06/060073.flac,Baroque sacred,train,"Celibidache, Munchner Philharmoniker - Bach, J.S., Mass in B minor (Disk 1) - Christe eleison",Christe eleison,"Celibidache, Munchner Philharmoniker","Bach, J.S., Mass in B minor (Disk 1)",1990,
Entire_music/train/Baroque_sacred_06/060074.flac,Baroque sacred,train,,,,,,
Entire_music/test/Baroque_sacred_06/060075.flac,Baroque sacred,test,"Celibidache, Munchner Philharmoniker - Bach, J.S., Mass in B minor (Disk 2) - Credo in unum deum Patrem omnipotentem",Credo in unum deum Patrem omnipotentem,"Celibidache, Munchner Philharmoniker","Bach, J.S., Mass in B minor (Disk 2)",1990,
Entire_music/train/Baroque_sacred_06/060076.flac,Baroque sacred,train,,,,,,
Entire_music/train/Baroque_sacred_06/060077.mp3,Baroque sacred,train,"Choral _Jesu, joy of man's desiring_ from Cantata BWV 147","Choral ""Jesu, joy of man's desiring"" from Cantata BWV 147",Johann Sebastian Bach,"'Jesu, joy of Man's desiring"", Petites reludes du livres de W.F. Bach, PreludesItalian Concerto Etc. - Tipo",1991,Johann Sebastian Bach
Entire_music/train/Baroque_sacred_06/060078.mp3,Baroque sacred,train,"Chorale Prelude_ Ich ruf zu dir, Herr Jesu Christ [BWV 639]","Chorale Prelude: Ich ruf zu dir, Herr Jesu Christ [BWV 639]","Bach, J.S / Alfred Brendel",Italian Concerto & Chromatic Fantasy - Brendel,1976,Johann Sebastian Bach
Entire_music/train/Baroque_sacred_06/060079.mp3,Baroque sacred,train,Chorale Prelude_ Nun komm der Heiden Heiland [BWV 659],Chorale Prelude: Nun komm der Heiden Heiland [BWV 659],"Bach, J.S / Alfred Brendel",Italian Concerto & Chromatic Fantasy - Brendel,1976,Johann Sebastian Bach
Entire_music/train/Baroque_sacred_06/060080.mp3,Baroque sacred,train,Corale.Weisenberg,Corale,Alexis Weissenberg,Alexis Weissenberg Piano,,
Entire_music/train/Baroque_sacred_06/060081.mp3,Baroque sacred,train,Giovanni Battista Pergolesi - Stabat Mater [1985] (Full Album),Stabat Mater [1985],,,,Giovanni Battista Pergolesi
Entire_music/train/Baroque_sacred_06/060082.mp3,Baroque sacred,train,"H. Purcell «The Tempest, Or The Enchanted Isle» Z.631[Monteverdi Choir Monteverdi Orchestra]","«The Tempest, Or The Enchanted Isle» Z.631",Monteverdi Choir Monteverdi Orchestra,,,H. Purcell
Entire_music/test/Baroque_sacred_06/060083.mp3,Baroque sacred,test,Handel - Messiah - by London Philharmonic (Complete ConcertoFull),Messiah,London Philharmonic,,,Handel
Entire_music/train/Baroque_sacred_06/060084.mp3,Baroque sacred,train,Henry Purcell Sacred Music,Sacred Music,,,,Henry Purcell
Entire_music/val/Baroque_sacred_06/060085.mp3,Baroque sacred,val,Horal prelud BWV 645,Horal prelud BWV 645,,,,Johann Sebastian Bach
Entire_music/test/Baroque_sacred_06/060086.mp3,Baroque sacred,test,In dir ist Freude BWV 615,In dir ist Freude BWV 615,Peter Rvsel,Ferrucio Busoni: Klavierbearbeitungen Bach'scher Werke,,Johann Sebastian Bach
Entire_music/train/Baroque_sacred_06/060087.mp3,Baroque sacred,train,JS. Bach - Passione secondo Matteo BWV 244,Passione secondo Matteo BWV 244,,,,JS. Bach
Entire_music/test/Baroque_sacred_06/060088.mp3,Baroque sacred,test,"Jean-Baptiste Lully Te Deum, Grand Motet LWV 55","Te Deum, Grand Motet LWV 55",,,,Jean-Baptiste Lully
Entire_music/train/Baroque_sacred_06/060089.mp3,Baroque sacred,train,"Nun freut euch, liebe Christen g'mein BWV 734","Nun freut euch, liebe Christen g'mein BWV 734",Peter Rvsel,Ferrucio Busoni: Klavierbearbeitungen Bach'scher Werke,,Johann Sebastian Bach
Entire_music/train/Baroque_sacred_06/060090.mp3,Baroque sacred,train,Nun komm' der Heiden Heiland BWV 659,Nun komm' der Heiden Heiland BWV 659,Peter Rvsel,Ferrucio Busoni: Klavierbearbeitungen Bach'scher Werke,,Johann Sebastian Bach
Entire_music/train/Baroque_sacred_06/060091.mp3,Baroque sacred,train,Org.Chor.prel.BWV 645.Nikolaeva,Org.Chor.prel.BWV 645,Nikolaeva,,,Johann Sebastian Bach
Entire_music/train/Baroque_sacred_06/060092.mp3,Baroque sacred,train,Org.chor.Pr.BWV 147.Nikolaeva,Org.chor.Pr.BWV 147,Nikolaeva,,,Johann Sebastian Bach
Entire_music/train/Baroque_sacred_06/060093.mp3,Baroque sacred,train,Organ Choral Prelude BWV 639.Nikolaeva,Organ Choral Prelude BWV 639,Nikolaeva,,,Johann Sebastian Bach
Entire_music/train/Baroque_sacred_06/060094.mp3,Baroque sacred,train,Telemann - Brockes Passion - Passion Oratorio (complete),Brockes Passion - Passion Oratorio,,,,Telemann
Entire_music/train/Baroque_sacred_06/060095.mp3,Baroque sacred,train,Vivaldi - Gloria In D Major RV 589,Gloria In D Major RV 589,,,,Vivaldi
Entire_music/train/Baroque_sacred_06/060096.mp3,Baroque sacred,train,"Wachet auf, ruft uns die Stimme BWV 645","Wachet auf, ruft uns die Stimme BWV 645",Peter Rvsel,Ferrucio Busoni: Klavierbearbeitungen Bach'scher Werke,,Johann Sebastian Bach
Entire_music/train/Baroque_secular_07/070001.mp3,Baroque secular,train,,,,,,
Entire_music/train/Baroque_secular_07/070002.mp3,Baroque secular,train,,,,,,
Entire_music/train/Baroque_secular_07/070003.mp3,Baroque secular,train,,,,,,
Entire_music/train/Baroque_secular_07/070004.mp3,Baroque secular,train,,,,,,
Entire_music/train/Baroque_secular_07/070005.mp3,Baroque secular,train,,,,,,
Entire_music/train/Baroque_secular_07/070006.mp3,Baroque secular,train,,,,,,
Entire_music/train/Baroque_secular_07/070007.mp3,Baroque secular,train,,,,,,
Entire_music/train/Baroque_secular_07/070008.mp3,Baroque secular,train,,,,,,
Entire_music/train/Baroque_secular_07/070009.mp3,Baroque secular,train,,,,,,
Entire_music/train/Baroque_secular_07/070010.mp3,Baroque secular,train,,,,,,
Entire_music/train/Baroque_secular_07/070011.mp3,Baroque secular,train,,,,,,
Entire_music/train/Baroque_secular_07/070012.mp3,Baroque secular,train,,,,,,
Entire_music/train/Baroque_secular_07/070013.mp3,Baroque secular,train,,,,,,
Entire_music/train/Baroque_secular_07/070014.mp3,Baroque secular,train,,,,,,
Entire_music/train/Baroque_secular_07/070015.mp3,Baroque secular,train,,,,,,
Entire_music/train/Baroque_secular_07/070016.mp3,Baroque secular,train,,,,,,
Entire_music/train/Baroque_secular_07/070017.mp3,Baroque secular,train,,,,,,
Entire_music/train/Baroque_secular_07/070018.mp3,Baroque secular,train,,,,,,
Entire_music/train/Baroque_secular_07/070019.mp3,Baroque secular,train,01 - Aria (2),Aria,Ralph Kirkpatrick,The Complete 1950s Bach Recordings4,1958,
Entire_music/train/Baroque_secular_07/070020.mp3,Baroque secular,train,01 - Aria (3),Aria,"LANDOWSKA, Wanda (1897-1959)",Goldberg Variations - Partita No.2 - Inventions,1951,
Entire_music/test/Baroque_secular_07/070021.mp3,Baroque secular,test,01 - Aria (4),Aria,Johann Sebastian Bach,J.S. Bach: Goldberg Variations Bmv988 - Konstantin Lifschitz,,
Entire_music/test/Baroque_secular_07/070022.mp3,Baroque secular,test,01 - Aria (5),Aria,Johann Sebastian Bach,The Goldberg Variations - Taniana Nikolayeva piano,,
Entire_music/test/Baroque_secular_07/070023.mp3,Baroque secular,test,01 - Aria (6),Aria,Johann Sebastian Bach - Pierre Hantai,Variations Goldberg,,
Entire_music/train/Baroque_secular_07/070024.mp3,Baroque secular,train,01 - Aria Variations 1-5,Aria Variations 1-5,András Schiff,Bach - Goldberg Variations BWV988,,
Entire_music/train/Baroque_secular_07/070025.mp3,Baroque secular,train,01 - Aria,Aria,Keith Jarrett,Bach: Goldberg Variations,1989,
Entire_music/val/Baroque_secular_07/070026.mp3,Baroque secular,val,01 - BWV.772a,BWV.772a,Johann Sebastian Bach,Vol.1,,Johann Sebastian Bach
Entire_music/train/Baroque_secular_07/070027.mp3,Baroque secular,train,"01 - Bach (JS)_ Goldberg Variations, BWV 988 - 00. Aria","Bach (JS): Goldberg Variations, BWV 988 - 00. Aria",Glenn Gould,"Bach (JS): Goldberg Variations, BWV 988",2003,Bach
Entire_music/train/Baroque_secular_07/070028.mp3,Baroque secular,train,"01 - Bach _Busoni- Piano Concerto in D Minor, I","Bach /Busoni- Piano Concerto in D Minor, I",Dinu Lipatti,Bach - Liszt - Bartok Piano Concerti,2001,Bach
Entire_music/train/Baroque_secular_07/070029.mp3,Baroque secular,train,01 - Couperin.Passacaille,Couperin.Passacaille,varie,18 bth Century Hapsichord Works,,Couperin
Entire_music/train/Baroque_secular_07/070030.mp3,Baroque secular,train,01 - English Suite No. 4 in F major BWV809 - Prelude,English Suite No. 4 in F major BWV809 - Prelude,Angela Hewitt,The English Suites 2 JS Bach,2003,
Entire_music/train/Baroque_secular_07/070031.mp3,Baroque secular,train,01 - English Suite No.1 in A major - Prelude,English Suite No.1 in A major - Prelude,Angela Hewitt,The English Suites 1 JS Bach,2003,
Entire_music/train/Baroque_secular_07/070032.mp3,Baroque secular,train,"01 - Goldberg Variations, BWV 988_ Aria (Andante espressivo)","Goldberg Variations, BWV 988: Aria (Andante espressivo)",Wanda Landowska,"J. S. Bach - Goldberg Variations, Italian Concerto, Chromatic Fantasia and Fugue",,Johann Sebastian Bach
Entire_music/train/Baroque_secular_07/070033.mp3,Baroque secular,train,01 - Invention 1 in C (BWV 772),Invention 1 in C (BWV 772),"Bach, J S",J. S. Bach: Two- and Three-Part Inventions BWV772-801,1964,Johann Sebastian Bach
Entire_music/train/Baroque_secular_07/070034.mp3,Baroque secular,train,"01 - Italian Concerto In F Major, BWV 971 - Allegro","Italian Concerto In F Major, BWV 971 - Allegro",Sviatoslav Richter,Russian Piano School Volume 6,,Johann Sebastian Bach
Entire_music/val/Baroque_secular_07/070035.mp3,Baroque secular,val,01 - Italian Concerto in F [BWV 971] 1 Allegro,Italian Concerto in F [BWV 971] 1 Allegro,"Bach, J.S / Alfred Brendel",Italian Concerto & Chromatic Fantasy - Brendel,1976,Johann Sebastian Bach
Entire_music/train/Baroque_secular_07/070036.mp3,Baroque secular,train,"01 - Italian Concerto in F, BWV 971","Italian Concerto in F, BWV 971",Johann Sebastian Bach,Sviatoslav Richter: The autorised recording.3,1994,Johann Sebastian Bach
Entire_music/train/Baroque_secular_07/070037.mp3,Baroque secular,train,01 - Part No. 1 In C Major,Part No. 1 In C Major,Wanda Landowska,BACH Landowska Recordings,1951,
Entire_music/train/Baroque_secular_07/070038.mp3,Baroque secular,train,01 - Prelude and Fugue No. 1 in C major,Prelude and Fugue No. 1 in C major,Christiane Jaccottet,J.S.Bach - Harpsichord Works (Disc 1),2001,
Entire_music/train/Baroque_secular_07/070039.mp3,Baroque secular,train,"01 - Prelude and Fugue in A minor, BWV 894 - I Praeludium","Prelude and Fugue in A minor, BWV 894 - I Praeludium",Jean Louis Steuerman,Bach Chromatic Fantasy & Fugue etc.,,Johann Sebastian Bach
Entire_music/train/Baroque_secular_07/070040.mp3,Baroque secular,train,"01 - Six Little Preludes, Prelude in C, BWV933","Six Little Preludes, Prelude in C, BWV933",Angela Hewitt,French Suites CD2,1999,JS Bach
Entire_music/train/Baroque_secular_07/070041.ogg,Baroque secular,train,01 - Sonata in d BWV 964; Adagio,Sonata in d BWV 964; Adagio,"Bach, J.S.","Angela Hewitt - French Suites, Little Preludes, etc.",1995,Johann Sebastian Bach
Entire_music/train/Baroque_secular_07/070042.mp3,Baroque secular,train,01 - Toccata & Fugue in D minor BWV 565,Toccata & Fugue in D minor BWV 565,Pietro Spada,Bach Busoni/ Complete Transcriptions for Piano -Vol.2,1988,Johann Sebastian Bach
Entire_music/train/Baroque_secular_07/070043.mp3,Baroque secular,train,01 - Toccata in d - Part 1,Toccata in d - Part 1,Glenn Gould,Broadcast Recitals 1956 & 1967,,
Entire_music/train/Baroque_secular_07/070044.mp3,Baroque secular,train,01 - Toccata in fis-Moll BWV 910,Toccata in fis-Moll BWV 910,Bach: Christiane Jaccottet,Toccaten BWV 910-916,1990,Johann Sebastian Bach
Entire_music/val/Baroque_secular_07/070045.mp3,Baroque secular,val,01 Aria,01 Aria,Composer: J.S.Bach; Pianist: Glenn Gould,Goldberg Variations BWV 988,1982,
Entire_music/train/Baroque_secular_07/070046.mp3,Baroque secular,train,"01 Prelude No. 1 In C Major, BWV 846","Prelude No. 1 In C Major, BWV 846",,Bach Clavicembalo 1,,Johann Sebastian Bach
Entire_music/test/Baroque_secular_07/070047.mp3,Baroque secular,test,01 Prelude No.1 in C major,Prelude No.1 in C major,Glenn Gould,Bach Clacicembalo II,,Bach
Entire_music/val/Baroque_secular_07/070048.mp3,Baroque secular,val,,,,,,
Entire_music/train/Baroque_secular_07/070049.mp3,Baroque secular,train,,,,,,
Entire_music/train/Baroque_secular_07/070050.mp3,Baroque secular,train,"01 di 45 Glenn Gould (piano) - Bach French Suites, BWV 812-817, Overture BWV 831, CD 1","French Suite No.1 in D Minor, BWV 812, I.Allemande (Gould)",Glenn Gould (piano),"Bach: French Suites, BWV 812-817, Overture BWV 831, CD 1",,Bach
Entire_music/train/Baroque_secular_07/070051.mp3,Baroque secular,train,"01 di Johann Sebastian Bach - Das Wohltemperierte Klavier Teil 1, Disc 1",BWV 846 C major - Prelude,Johann Sebastian Bach,"Das Wohltemperierte Klavier Teil 1, Disc 1",,Bach
Entire_music/train/Baroque_secular_07/070052.mp3,Baroque secular,train,"01 di Johann Sebastian Bach - Das Wohltemperierte Klavier Teil 2, Disc 1",BWV 870 C major - Prelude,Bach,Das Wohltemperierte Klavier B2 (cd1),,Johann Sebastian Bach
Entire_music/train/Baroque_secular_07/070053.mp3,Baroque secular,train,"01-Edwin Fischer-[JS Bach]-Chromatic Fantasy & Fugue in Dm,BWV 903-Fantasia",[JS Bach]-Chromatic Fantasy &,J.S. Bach,Greatest Pianists of the 20th,1931,JS Bach
Entire_music/train/Baroque_secular_07/070054.ape,Baroque secular,train,01.Aria,Aria,Andras Schiff,Goldberg Variations (J. S. Bach),,
Entire_music/train/Baroque_secular_07/070055.mp3,Baroque secular,train,,,,,,
Entire_music/train/Baroque_secular_07/070056.mp3,Baroque secular,train,,,,,,
Entire_music/train/Baroque_secular_07/070057.mp3,Baroque secular,train,,,,,,
Entire_music/train/Baroque_secular_07/070058.mp3,Baroque secular,train,,,,,,
Entire_music/train/Baroque_secular_07/070059.mp3,Baroque secular,train,,,,,,
Entire_music/train/Baroque_secular_07/070060.mp3,Baroque secular,train,,,,,,
Entire_music/test/Baroque_secular_07/070061.mp3,Baroque secular,test,,,,,,
Entire_music/train/Baroque_secular_07/070062.mp3,Baroque secular,train,,,,,,
Entire_music/test/Baroque_secular_07/070063.mp3,Baroque secular,test,,,,,,
Entire_music/train/Baroque_secular_07/070064.mp3,Baroque secular,train,,,,,,
Entire_music/train/Baroque_secular_07/070065.mp3,Baroque secular,train,,,,,,
Entire_music/train/Baroque_secular_07/070066.mp3,Baroque secular,train,,,,,,
Entire_music/train/Baroque_secular_07/070067.mp3,Baroque secular,train,,,,,,
Entire_music/train/Baroque_secular_07/070068.mp3,Baroque secular,train,,,,,,
Entire_music/train/Baroque_secular_07/070069.mp3,Baroque secular,train,,,,,,
Entire_music/train/Baroque_secular_07/070070.mp3,Baroque secular,train,,,,,,
Entire_music/test/Baroque_secular_07/070071.mp3,Baroque secular,test,,,,,,
Entire_music/train/Baroque_secular_07/070072.mp3,Baroque secular,train,,,,,,
Entire_music/train/Baroque_secular_07/070073.mp3,Baroque secular,train,,,,,,
Entire_music/train/Baroque_secular_07/070074.mp3,Baroque secular,train,,,,,,
Entire_music/train/Baroque_secular_07/070075.mp3,Baroque secular,train,02 - 2 BWV.773,2 BWV.773,Johann Sebastian Bach,Vol.1,,Johann Sebastian Bach
Entire_music/train/Baroque_secular_07/070076.mp3,Baroque secular,train,02 - Allemande (2),Allemande,Angela Hewitt,The English Suites 2 JS Bach,2003,
Entire_music/train/Baroque_secular_07/070077.mp3,Baroque secular,train,02 - Allemande,Allemande,Angela Hewitt,The English Suites 1 JS Bach,2003,
Entire_music/val/Baroque_secular_07/070078.mp3,Baroque secular,val,"02 - Bach (JS)_ Goldberg Variations, BWV 988 - 01. Variation 1","Bach (JS): Goldberg Variations, BWV 988 - 01. Variation 1",Glenn Gould,"Bach (JS): Goldberg Variations, BWV 988",2003,Bach
Entire_music/test/Baroque_secular_07/070079.mp3,Baroque secular,test,"02 - Bach_Busoni - Piano Concerto in D Minor, II","Bach/Busoni - Piano Concerto in D Minor, II",Dinu Lipatti,Bach - Liszt - Bartok Piano Concerti,2001,Bach
Entire_music/train/Baroque_secular_07/070080.ogg,Baroque secular,train,02 - Fuga Allegro,Fuga Allegro,"Bach, J.S.","Angela Hewitt - French Suites, Little Preludes, etc.",1995,
Entire_music/train/Baroque_secular_07/070081.mp3,Baroque secular,train,"02 - Italian Concerto In F Major, BWV 971 - Andante","Italian Concerto In F Major, BWV 971 - Andante",Sviatoslav Richter,Russian Piano School Volume 6,,Johann Sebastian Bach
Entire_music/train/Baroque_secular_07/070082.mp3,Baroque secular,train,02 - Italian Concerto in F [BWV 971] 2 Andante,Italian Concerto in F [BWV 971] 2 Andante,"Bach, J.S / Alfred Brendel",Italian Concerto & Chromatic Fantasy - Brendel,1976,Johann Sebastian Bach
Entire_music/train/Baroque_secular_07/070083.mp3,Baroque secular,train,"02 - Italian Concerto in F, BWV 971 II. Andante","Italian Concerto in F, BWV 971 II. Andante",Johann Sebastian Bach,Sviatoslav Richter: The autorised recording.3,1994,Johann Sebastian Bach
Entire_music/test/Baroque_secular_07/070084.mp3,Baroque secular,test,02 - Johann Sebastian Bach - Concerto Italiano BWV 753 - Allegro,Johann Sebastian Bach - Concerto Italiano BWV 753 - Allegro,Andrea Padova,Musica In Bocconi,2006,Johann Sebastian Bach
Entire_music/train/Baroque_secular_07/070085.mp3,Baroque secular,train,02 - Menuets croises,Menuets croises,varie,18 bth Century Hapsichord Works,,
Entire_music/train/Baroque_secular_07/070086.mp3,Baroque secular,train,02 - Part No. 2 In C Minor,Part No. 2 In C Minor,Wanda Landowska,BACH Landowska Recordings,1951,
Entire_music/test/Baroque_secular_07/070087.mp3,Baroque secular,test,02 - Prelude and Fugue No. 2 in C major,Prelude and Fugue No. 2 in C major,Christiane Jaccottet,J.S.Bach - Harpsichord Works (Disc 1),2001,
Entire_music/train/Baroque_secular_07/070088.mp3,Baroque secular,train,"02 - Prelude and Fugue in A minor, BWV 894 - II Fugue","Prelude and Fugue in A minor, BWV 894 - II Fugue",Jean Louis Steuerman,Bach Chromatic Fantasy & Fugue etc.,,Johann Sebastian Bach
Entire_music/train/Baroque_secular_07/070089.mp3,Baroque secular,train,02 - Prelude and Fugue in D maj BWV 532,Prelude and Fugue in D maj BWV 532,Pietro Spada,Bach Busoni/ Complete Transcriptions for Piano -Vol.2,1988,Johann Sebastian Bach
Entire_music/train/Baroque_secular_07/070090.mp3,Baroque secular,train,"02 - Prelude in c, BWV934","Prelude in c, BWV934",Angela Hewitt,French Suites CD2,1999,JS Bach
Entire_music/train/Baroque_secular_07/070091.mp3,Baroque secular,train,02 - Sinfonia 1 in C (BWV 787),Sinfonia 1 in C (BWV 787),"Bach, J S",J. S. Bach: Two- and Three-Part Inventions BWV772-801,1964,Johann Sebastian Bach
Entire_music/train/Baroque_secular_07/070092.mp3,Baroque secular,train,02 - Toccata in d - Part 2,Toccata in d - Part 2,Glenn Gould,Broadcast Recitals 1956 & 1967,,
Entire_music/train/Baroque_secular_07/070093.mp3,Baroque secular,train,02 - Variatio 1 (2),Variatio 1.,Johann Sebastian Bach,J.S. Bach: Goldberg Variations Bmv988 - Konstantin Lifschitz,,
Entire_music/train/Baroque_secular_07/070094.mp3,Baroque secular,train,02 - Variatio 1 a 1 Clav (2),Variatio 1 a 1 Clav.,Johann Sebastian Bach - Pierre Hantai,Variations Goldberg,,
Entire_music/train/Baroque_secular_07/070095.mp3,Baroque secular,train,02 - Variatio 1,Variatio 1,Ralph Kirkpatrick,The Complete 1950s Bach Recordings4,1958,
Entire_music/train/Baroque_secular_07/070096.mp3,Baroque secular,train,02 - Variation 1,Variation 1,Johann Sebastian Bach,The Goldberg Variations - Taniana Nikolayeva piano,,
Entire_music/val/Baroque_secular_07/070097.mp3,Baroque secular,val,02 - Variation I A 1 Clavier,Variation I A 1 Clavier,Keith Jarrett,Bach: Goldberg Variations,1989,
Entire_music/train/Baroque_secular_07/070098.mp3,Baroque secular,train,02 - Variation I,Variation I,"LANDOWSKA, Wanda (1897-1959)",Goldberg Variations - Partita No.2 - Inventions,1951,
Entire_music/test/Baroque_secular_07/070099.mp3,Baroque secular,test,02 - Variations 1-5,Variations 1-5,Wanda Landowska,"J. S. Bach - Goldberg Variations, Italian Concerto, Chromatic Fantasia and Fugue",,
Entire_music/test/Baroque_secular_07/070100.mp3,Baroque secular,test,02 - Variations 6-10,Variations 6-10,András Schiff,Bach - Goldberg Variations BWV988,,
Entire_music/train/Baroque_secular_07/070101.mp3,Baroque secular,train,"02 Fugue No. 1 In C Major, BWV 846","Fugue No. 1 In C Major, BWV 846",,Bach Clavicembalo 1,,Johann Sebastian Bach
Entire_music/train/Baroque_secular_07/070102.mp3,Baroque secular,train,02 Fugue No.1 in C major,Fugue No.1 in C major,Glenn Gould,Bach Clacicembalo II,,Bach
Entire_music/train/Baroque_secular_07/070103.mp3,Baroque secular,train,,,,,,
Entire_music/val/Baroque_secular_07/070104.mp3,Baroque secular,val,,,,,,
Entire_music/val/Baroque_secular_07/070105.mp3,Baroque secular,val,02 Variatio 1 a 1 Clav,02 Variatio 1 a 1 Clav.,Composer: J.S.Bach; Pianist: Glenn Gould,Goldberg Variations BWV 988,1982,
Entire_music/test/Baroque_secular_07/070106.mp3,Baroque secular,test,"02 di 45 Glenn Gould (piano) - Bach French Suites, BWV 812-817, Overture BWV 831, CD 1","French Suite No.1 in D Minor, BWV 812, II.Courante (Gould)",Glenn Gould (piano),"Bach: French Suites, BWV 812-817, Overture BWV 831, CD 1",,Bach
Entire_music/train/Baroque_secular_07/070107.mp3,Baroque secular,train,"02 di Johann Sebastian Bach - Das Wohltemperierte Klavier Teil 1, Disc 1",BWV 846 C major - Fugue,Johann Sebastian Bach,"Das Wohltemperierte Klavier Teil 1, Disc 1",,Bach
Entire_music/train/Baroque_secular_07/070108.mp3,Baroque secular,train,"02 di Johann Sebastian Bach - Das Wohltemperierte Klavier Teil 2, Disc 1",BWV 870 C major - Fugue,Bach,Das Wohltemperierte Klavier B2 (cd1),,Johann Sebastian Bach
Entire_music/train/Baroque_secular_07/070109.ape,Baroque secular,train,02.Variatio 1,Variatio 1,Andras Schiff,Goldberg Variations (J. S. Bach),,
Entire_music/train/Baroque_secular_07/070110.mp3,Baroque secular,train,,,,,,
Entire_music/train/Baroque_secular_07/070111.mp3,Baroque secular,train,,,,,,
Entire_music/train/Baroque_secular_07/070112.mp3,Baroque secular,train,,,,,,
Entire_music/train/Baroque_secular_07/070113.mp3,Baroque secular,train,,,,,,
Entire_music/train/Baroque_secular_07/070114.mp3,Baroque secular,train,,,,,,
Entire_music/train/Baroque_secular_07/070115.mp3,Baroque secular,train,,,,,,
Entire_music/train/Baroque_secular_07/070116.mp3,Baroque secular,train,,,,,,
Entire_music/train/Baroque_secular_07/070117.mp3,Baroque secular,train,,,,,,
Entire_music/train/Baroque_secular_07/070118.mp3,Baroque secular,train,,,,,,
Entire_music/train/Baroque_secular_07/070119.mp3,Baroque secular,train,,,,,,
Entire_music/train/Baroque_secular_07/070120.mp3,Baroque secular,train,,,,,,
Entire_music/train/Baroque_secular_07/070121.mp3,Baroque secular,train,,,,,,
Entire_music/train/Baroque_secular_07/070122.mp3,Baroque secular,train,,,,,,
Entire_music/train/Baroque_secular_07/070123.mp3,Baroque secular,train,,,,,,
Entire_music/train/Baroque_secular_07/070124.mp3,Baroque secular,train,,,,,,
Entire_music/train/Baroque_secular_07/070125.mp3,Baroque secular,train,,,,,,
Entire_music/train/Baroque_secular_07/070126.mp3,Baroque secular,train,,,,,,
Entire_music/train/Baroque_secular_07/070127.mp3,Baroque secular,train,,,,,,
Entire_music/train/Baroque_secular_07/070128.mp3,Baroque secular,train,,,,,,
Entire_music/train/Baroque_secular_07/070129.mp3,Baroque secular,train,,,,,,
Entire_music/train/Baroque_secular_07/070130.ogg,Baroque secular,train,03 - Andante,Andante,"Bach, J.S.","Angela Hewitt - French Suites, Little Preludes, etc.",1995,
Entire_music/train/Baroque_secular_07/070131.mp3,Baroque secular,train,03 - BWV.774,BWV.774,Johann Sebastian Bach,Vol.1,,Johann Sebastian Bach
Entire_music/test/Baroque_secular_07/070132.mp3,Baroque secular,test,"03 - Bach (JS)_ Goldberg Variations, BWV 988 - 02. Variation 2","Bach (JS): Goldberg Variations, BWV 988 - 02. Variation 2",Glenn Gould,"Bach (JS): Goldberg Variations, BWV 988",2003,Bach
Entire_music/test/Baroque_secular_07/070133.mp3,Baroque secular,test,"03 - Bach_Busoni - Piano Concerto in D Minor, III","Bach/Busoni - Piano Concerto in D Minor, III",Dinu Lipatti,Bach - Liszt - Bartok Piano Concerti,2001,Bach
Entire_music/train/Baroque_secular_07/070134.mp3,Baroque secular,train,03 - Courante I,Courante I,Angela Hewitt,The English Suites 1 JS Bach,2003,
Entire_music/train/Baroque_secular_07/070135.mp3,Baroque secular,train,03 - Courante,Courante,Angela Hewitt,The English Suites 2 JS Bach,2003,
Entire_music/train/Baroque_secular_07/070136.mp3,Baroque secular,train,03 - Invention 2 in c (BWV 773),Invention 2 in c (BWV 773),"Bach, J S",J. S. Bach: Two- and Three-Part Inventions BWV772-801,1964,Johann Sebastian Bach
Entire_music/train/Baroque_secular_07/070137.mp3,Baroque secular,train,"03 - Italian Concerto In F Major, BWV 971 - Presto","Italian Concerto In F Major, BWV 971 - Presto",Sviatoslav Richter,Russian Piano School Volume 6,,Johann Sebastian Bach
Entire_music/train/Baroque_secular_07/070138.mp3,Baroque secular,train,03 - Italian Concerto in F [BWV 971] 3 Presto,Italian Concerto in F [BWV 971] 3 Presto,"Bach, J.S / Alfred Brendel",Italian Concerto & Chromatic Fantasy - Brendel,1976,Johann Sebastian Bach
Entire_music/train/Baroque_secular_07/070139.mp3,Baroque secular,train,"03 - Italian Concerto in F, BWV 971 III. Presto","Italian Concerto in F, BWV 971 III. Presto",Johann Sebastian Bach,Sviatoslav Richter: The autorised recording.3,1994,Johann Sebastian Bach
Entire_music/train/Baroque_secular_07/070140.mp3,Baroque secular,train,03 - Johann Sebastian Bach - Concerto Italiano BWV 753 - Andante,Johann Sebastian Bach - Concerto Italiano BWV 753 - Andante,Andrea Padova,Musica In Bocconi,2006,Johann Sebastian Bach
Entire_music/train/Baroque_secular_07/070141.mp3,Baroque secular,train,03 - Part No. 3 In D Major,Part No. 3 In D Major,Wanda Landowska,BACH Landowska Recordings,1951,
Entire_music/train/Baroque_secular_07/070142.mp3,Baroque secular,train,03 - Prelude and Fugue No. 3 in C sharp major,Prelude and Fugue No. 3 in C sharp major,Christiane Jaccottet,J.S.Bach - Harpsichord Works (Disc 1),2001,
Entire_music/test/Baroque_secular_07/070143.mp3,Baroque secular,test,"03 - Prelude in d, BWV935","Prelude in d, BWV935",Angela Hewitt,French Suites CD2,1999,JS Bach
Entire_music/test/Baroque_secular_07/070144.mp3,Baroque secular,test,03 - Soer Monique,Soer Monique,varie,18 bth Century Hapsichord Works,,
Entire_music/test/Baroque_secular_07/070145.mp3,Baroque secular,test,03 - Toccata in D-Dur BWV 912,Toccata in D-Dur BWV 912,Bach: Christiane Jaccottet,Toccaten BWV 910-916,1990,Johann Sebastian Bach
Entire_music/train/Baroque_secular_07/070146.mp3,Baroque secular,train,03 - Toccata in d - Part 3,Toccata in d - Part 3,Glenn Gould,Broadcast Recitals 1956 & 1967,,
Entire_music/train/Baroque_secular_07/070147.mp3,Baroque secular,train,03 - Variatio 2 (2),Variatio 2.,Johann Sebastian Bach,J.S. Bach: Goldberg Variations Bmv988 - Konstantin Lifschitz,,
Entire_music/val/Baroque_secular_07/070148.mp3,Baroque secular,val,03 - Variatio 2 a 1 Clav (2),Variatio 2 a 1 Clav.,Johann Sebastian Bach - Pierre Hantai,Variations Goldberg,,
Entire_music/train/Baroque_secular_07/070149.mp3,Baroque secular,train,03 - Variatio 2,Variatio 2,Ralph Kirkpatrick,The Complete 1950s Bach Recordings4,1958,
Entire_music/test/Baroque_secular_07/070150.mp3,Baroque secular,test,03 - Variation 2,Variation 2,Johann Sebastian Bach,The Goldberg Variations - Taniana Nikolayeva piano,,
Entire_music/train/Baroque_secular_07/070151.mp3,Baroque secular,train,03 - Variation II A 1 Clavier,Variation II A 1 Clavier,Keith Jarrett,Bach: Goldberg Variations,1989,
Entire_music/val/Baroque_secular_07/070152.mp3,Baroque secular,val,03 - Variation II,Variation II,"LANDOWSKA, Wanda (1897-1959)",Goldberg Variations - Partita No.2 - Inventions,1951,
Entire_music/train/Baroque_secular_07/070153.mp3,Baroque secular,train,03 - Variations 11-15,Variations 11-15,András Schiff,Bach - Goldberg Variations BWV988,,
Entire_music/train/Baroque_secular_07/070154.mp3,Baroque secular,train,03 - Variations 6-10,Variations 6-10,Wanda Landowska,"J. S. Bach - Goldberg Variations, Italian Concerto, Chromatic Fantasia and Fugue",,
Entire_music/val/Baroque_secular_07/070155.mp3,Baroque secular,val,"03 Prelude No. 2 In C Minor, BWV 847","Prelude No. 2 In C Minor, BWV 847",,Bach Clavicembalo 1,,Johann Sebastian Bach
Entire_music/train/Baroque_secular_07/070156.mp3,Baroque secular,train,03 Prelude No.2 in C minor,Prelude No.2 in C minor,Glenn Gould,Bach Clacicembalo II,,Bach
Entire_music/test/Baroque_secular_07/070157.mp3,Baroque secular,test,,,,,,
Entire_music/train/Baroque_secular_07/070158.mp3,Baroque secular,train,,,,,,
Entire_music/val/Baroque_secular_07/070159.mp3,Baroque secular,val,03 Variatio 2 a 1 Clav,03 Variatio 2 a 1 Clav.,Composer: J.S.Bach; Pianist: Glenn Gould,Goldberg Variations BWV 988,1982,
Entire_music/train/Baroque_secular_07/070160.mp3,Baroque secular,train,"03 di 45 Glenn Gould (piano) - Bach French Suites, BWV 812-817, Overture BWV 831, CD 1","French Suite No.1 in D Minor, BWV 812, III.Sarabande (Gould)",Glenn Gould (piano),"Bach: French Suites, BWV 812-817, Overture BWV 831, CD 1",,Bach
Entire_music/test/Baroque_secular_07/070161.mp3,Baroque secular,test,"03 di Johann Sebastian Bach - Das Wohltemperierte Klavier Teil 1, Disc 1",BWV 847 C minor - Prelude,Johann Sebastian Bach,"Das Wohltemperierte Klavier Teil 1, Disc 1",,Bach
Entire_music/train/Baroque_secular_07/070162.mp3,Baroque secular,train,"03 di Johann Sebastian Bach - Das Wohltemperierte Klavier Teil 2, Disc 1",BWV 871 C minor - Prelude,Bach,Das Wohltemperierte Klavier B2 (cd1),,Johann Sebastian Bach
Entire_music/train/Baroque_secular_07/070163.ape,Baroque secular,train,03.Variatio 2,Variatio 2,Andras Schiff,Goldberg Variations (J. S. Bach),,
Entire_music/test/Baroque_secular_07/070164.mp3,Baroque secular,test,,,,,,
Entire_music/train/Baroque_secular_07/070165.mp3,Baroque secular,train,,,,,,
Entire_music/train/Baroque_secular_07/070166.mp3,Baroque secular,train,,,,,,
Entire_music/train/Baroque_secular_07/070167.mp3,Baroque secular,train,,,,,,
Entire_music/val/Baroque_secular_07/070168.mp3,Baroque secular,val,Glenn Gould - Bach Goldberg Variations - track 32,,Glenn Gould,Bach Goldberg Variations,1981,
Entire_music/train/Baroque_secular_07/070169.mp3,Baroque secular,train,,,,,,
Entire_music/train/Baroque_secular_07/070170.mp3,Baroque secular,train,,,,,,
Entire_music/test/Baroque_secular_07/070171.mp3,Baroque secular,test,04 - 04 Variation III,04 Variation III,Martin Stadtfeld,Bach: Goldberg-Variationen,2003,
Entire_music/train/Baroque_secular_07/070172.mp3,Baroque secular,train,04 - Allegro,Allegro,Angela Hewitt,French Suites CD1,,JS Bach
Entire_music/val/Baroque_secular_07/070173.mp3,Baroque secular,val,04 - BWV.775,BWV.775,Johann Sebastian Bach,Vol.1,,Johann Sebastian Bach
Entire_music/train/Baroque_secular_07/070174.mp3,Baroque secular,train,"04 - Capriccio sopra la lontananza del fratello dilettissimo, BWV 992 - II","Capriccio sopra la lontananza del fratello dilettissimo, BWV 992 - II",Jean Louis Steuerman,Bach Chromatic Fantasy & Fugue etc.,,Johann Sebastian Bach
Entire_music/train/Baroque_secular_07/070175.mp3,Baroque secular,train,04 - Courante II,Courante II,Angela Hewitt,The English Suites 1 JS Bach,2003,
Entire_music/train/Baroque_secular_07/070176.mp3,Baroque secular,train,04 - Duett 1 e-moll BWV 802,Duett 1 e-moll BWV 802,András Schiff,Johann Sebastian Bach,,Johann Sebastian Bach
Entire_music/train/Baroque_secular_07/070177.mp3,Baroque secular,train,04 - Goldberg Variations BWV 988 - var. 3,Goldberg Variations BWV 988 - var. 3,Johann Sebastian Bach,Glenn Gould vol. 1,,Johann Sebastian Bach
Entire_music/train/Baroque_secular_07/070178.mp3,Baroque secular,train,04 - Inventio part No. 4 In D Minor,Inventio part No. 4 In D Minor,Wanda Landowska,BACH Landowska Recordings,1951,
Entire_music/train/Baroque_secular_07/070179.mp3,Baroque secular,train,04 - Johann Sebastian Bach - Concerto Italiano BWV 753 - Presto,Johann Sebastian Bach - Concerto Italiano BWV 753 - Presto,Andrea Padova,Musica In Bocconi,2006,Johann Sebastian Bach
Entire_music/train/Baroque_secular_07/070180.mp3,Baroque secular,train,04 - Les Calotins et les Calotines,Les Calotins et les Calotines,varie,18 bth Century Hapsichord Works,,
Entire_music/train/Baroque_secular_07/070181.mp3,Baroque secular,train,04 - Prelude and Fugue No. 4 in C sharp major,Prelude and Fugue No. 4 in C sharp major,Christiane Jaccottet,J.S.Bach - Harpsichord Works (Disc 1),2001,
Entire_music/test/Baroque_secular_07/070182.mp3,Baroque secular,test,"04 - Prelude in D, BWV936","Prelude in D, BWV936",Angela Hewitt,French Suites CD2,1999,JS Bach
Entire_music/train/Baroque_secular_07/070183.mp3,Baroque secular,train,04 - Sarabande,Sarabande,Angela Hewitt,The English Suites 2 JS Bach,2003,
Entire_music/train/Baroque_secular_07/070184.mp3,Baroque secular,train,04 - Sinfonia 2 in c (BWV 788),Sinfonia 2 in c (BWV 788),"Bach, J S",J. S. Bach: Two- and Three-Part Inventions BWV772-801,1964,Johann Sebastian Bach
Entire_music/train/Baroque_secular_07/070185.mp3,Baroque secular,train,04 - Toccata in d - Part 4,Toccata in d - Part 4,Glenn Gould,Broadcast Recitals 1956 & 1967,,
Entire_music/train/Baroque_secular_07/070186.mp3,Baroque secular,train,04 - Toccata in d-Moll BWV 913,Toccata in d-Moll BWV 913,Bach: Christiane Jaccottet,Toccaten BWV 910-916,1990,Johann Sebastian Bach
Entire_music/train/Baroque_secular_07/070187.mp3,Baroque secular,train,04 - Variatio 3 (Canone all'Unisono),Variatio 3 (Canone all'Unisono),Ralph Kirkpatrick,The Complete 1950s Bach Recordings4,1958,
Entire_music/val/Baroque_secular_07/070188.mp3,Baroque secular,val,04 - Variatio 3 Canone all'Unisono a 1 Clav,Variatio 3 Canone all'Unisono a 1 Clav.,Johann Sebastian Bach - Pierre Hantai,Variations Goldberg,,
Entire_music/train/Baroque_secular_07/070189.mp3,Baroque secular,train,04 - Variatio 3. Canone All'Unisona,Variatio 3. Canone All'Unisona.,Johann Sebastian Bach,J.S. Bach: Goldberg Variations Bmv988 - Konstantin Lifschitz,,
Entire_music/train/Baroque_secular_07/070190.mp3,Baroque secular,train,04 - Variation 3,Variation 3,Johann Sebastian Bach,The Goldberg Variations - Taniana Nikolayeva piano,,
Entire_music/train/Baroque_secular_07/070191.mp3,Baroque secular,train,04 - Variation III A 1 Clavier Canone all'Unisono,Variation III A 1 Clavier Canone all'Unisono,Keith Jarrett,Bach: Goldberg Variations,1989,
Entire_music/train/Baroque_secular_07/070192.mp3,Baroque secular,train,04 - Variation III _ Canone all'unisuono,Variation III : Canone all'unisuono,"LANDOWSKA, Wanda (1897-1959)",Goldberg Variations - Partita No.2 - Inventions,1951,
Entire_music/train/Baroque_secular_07/070193.mp3,Baroque secular,train,04 - Variations 11-15,Variations 11-15,Wanda Landowska,"J. S. Bach - Goldberg Variations, Italian Concerto, Chromatic Fantasia and Fugue",,
Entire_music/train/Baroque_secular_07/070194.mp3,Baroque secular,train,04 - Variations 16-20,Variations 16-20,András Schiff,Bach - Goldberg Variations BWV988,,
Entire_music/train/Baroque_secular_07/070195.mp3,Baroque secular,train,"04 Fugue No. 2 In C Minor, BWV 847","Fugue No. 2 In C Minor, BWV 847",,Bach Clavicembalo 1,,Johann Sebastian Bach
Entire_music/train/Baroque_secular_07/070196.mp3,Baroque secular,train,04 Fugue No.2 in C minor,Fugue No.2 in C minor,Glenn Gould,Bach Clavicembalo II,,Bach
Entire_music/train/Baroque_secular_07/070197.mp3,Baroque secular,train,"04 Petits Preludes du Petit Livre de W.F.Bach -- In C major, BWV 924","Petits Preludes du Petit Livre de W.F.Bach -- In C major, BWV 924",Johann Sebastian Bach,"'Jesu, joy of Man's desiring"", Petites reludes du livres de W.F. Bach, PreludesItalian Concerto Etc. - Tipo",1991,Bach
Entire_music/train/Baroque_secular_07/070198.mp3,Baroque secular,train,,,,,,
Entire_music/train/Baroque_secular_07/070199.mp3,Baroque secular,train,,,,,,
Entire_music/val/Baroque_secular_07/070200.mp3,Baroque secular,val,04 Variatio 3 a 1 Clav. Canone all'Unisono,04 Variatio 3 a 1 Clav. Canone all'Unisono,Composer: J.S.Bach; Pianist: Glenn Gould,Goldberg Variations BWV 988,1982,
Entire_music/train/Baroque_secular_07/070201.mp3,Baroque secular,train,"04 di 45 Glenn Gould (piano) - Bach French Suites, BWV 812-817, Overture BWV 831, CD 1","French Suite No.1 in D Minor, BWV 812, IV.Menuett I (Gould)",Glenn Gould (piano),"Bach: French Suites, BWV 812-817, Overture BWV 831, CD 1",,Bach
Entire_music/train/Baroque_secular_07/070202.mp3,Baroque secular,train,"04 di Johann Sebastian Bach - Das Wohltemperierte Klavier Teil 1, Disc 1",BWV 847 C minor - Fugue,Johann Sebastian Bach,"Das Wohltemperierte Klavier Teil 1, Disc 1",,Bach
Entire_music/test/Baroque_secular_07/070203.mp3,Baroque secular,test,"04 di Johann Sebastian Bach - Das Wohltemperierte Klavier Teil 2, Disc 1",BWV 871 C minor - Fugue,Bach,Das Wohltemperierte Klavier B2 (cd1),,Johann Sebastian Bach
Entire_music/test/Baroque_secular_07/070204.ape,Baroque secular,test,04.Variatio 3,Variatio 3,Andras Schiff,Goldberg Variations (J. S. Bach),,
Entire_music/train/Baroque_secular_07/070205.mp3,Baroque secular,train,05 - BWV.776,BWV.776,Johann Sebastian Bach,Vol.1,,Johann Sebastian Bach
Entire_music/train/Baroque_secular_07/070206.mp3,Baroque secular,train,"05 - Bach (JS)_ Goldberg Variations, BWV 988 - 04. Variation 4","Bach (JS): Goldberg Variations, BWV 988 - 04. Variation 4",Glenn Gould,"Bach (JS): Goldberg Variations, BWV 988",2003,Bach
Entire_music/train/Baroque_secular_07/070207.mp3,Baroque secular,train,05 - Duett 2 F-dur BWV 803,Duett 2 F-dur BWV 803,András Schiff,Johann Sebastian Bach,,Johann Sebastian Bach
Entire_music/train/Baroque_secular_07/070208.mp3,Baroque secular,train,"05 - French Suite no 1 in d, BWV812, Allemande","French Suite no 1 in d, BWV812, Allemande",Angela Hewitt,French Suites CD1,,JS Bach
Entire_music/train/Baroque_secular_07/070209.mp3,Baroque secular,train,05 - Inventio part No. 5 In E Flat Major,Inventio part No. 5 In E Flat Major,Wanda Landowska,BACH Landowska Recordings,1951,
Entire_music/train/Baroque_secular_07/070210.mp3,Baroque secular,train,05 - Invention 5 in Eb (BWV 776),Invention 5 in Eb (BWV 776),"Bach, J S",J. S. Bach: Two- and Three-Part Inventions BWV772-801,1964,Johann Sebastian Bach
Entire_music/train/Baroque_secular_07/070211.mp3,Baroque secular,train,05 - Menuet I and II,Menuet I and II,Angela Hewitt,The English Suites 2 JS Bach,2003,
Entire_music/train/Baroque_secular_07/070212.mp3,Baroque secular,train,05 - Musete de Choisi.Musete de Taverni,Musete de Choisi.Musete de Taverni,varie,18 bth Century Hapsichord Works,,
Entire_music/train/Baroque_secular_07/070213.mp3,Baroque secular,train,05 - Prelude and Fugue No. 5 in D major,Prelude and Fugue No. 5 in D major,Christiane Jaccottet,J.S.Bach - Harpsichord Works (Disc 1),2001,
Entire_music/train/Baroque_secular_07/070214.mp3,Baroque secular,train,05 - Prelude in E BWV937,Prelude in E BWV937,Angela Hewitt,French Suites CD2,1999,JS Bach
Entire_music/train/Baroque_secular_07/070215.mp3,Baroque secular,train,05 - Sarabande,Sarabande,Angela Hewitt,The English Suites 1 JS Bach,2003,
Entire_music/train/Baroque_secular_07/070216.mp3,Baroque secular,train,05 - Toccata in e-Moll BWV 914,Toccata in e-Moll BWV 914,Bach: Christiane Jaccottet,Toccaten BWV 910-916,1990,Johann Sebastian Bach
Entire_music/train/Baroque_secular_07/070217.mp3,Baroque secular,train,05 - Variatio 4 (2),Variatio 4.,Johann Sebastian Bach,J.S. Bach: Goldberg Variations Bmv988 - Konstantin Lifschitz,,
Entire_music/test/Baroque_secular_07/070218.mp3,Baroque secular,test,05 - Variatio 4 a 1 Clav (2),Variatio 4 a 1 Clav.,Johann Sebastian Bach - Pierre Hantai,Variations Goldberg,,
Entire_music/train/Baroque_secular_07/070219.mp3,Baroque secular,train,05 - Variatio 4,Variatio 4,Ralph Kirkpatrick,The Complete 1950s Bach Recordings4,1958,
Entire_music/train/Baroque_secular_07/070220.mp3,Baroque secular,train,05 - Variation 4,Variation 4,Johann Sebastian Bach,The Goldberg Variations - Taniana Nikolayeva piano,,
Entire_music/test/Baroque_secular_07/070221.mp3,Baroque secular,test,05 - Variation IV A 1 Clavier,Variation IV A 1 Clavier,Keith Jarrett,Bach: Goldberg Variations,1989,
Entire_music/train/Baroque_secular_07/070222.mp3,Baroque secular,train,05 - Variation IV,Variation IV,"LANDOWSKA, Wanda (1897-1959)",Goldberg Variations - Partita No.2 - Inventions,1951,
Entire_music/test/Baroque_secular_07/070223.mp3,Baroque secular,test,05 - Variations 16-20,Variations 16-20,Wanda Landowska,"J. S. Bach - Goldberg Variations, Italian Concerto, Chromatic Fantasia and Fugue",,
Entire_music/train/Baroque_secular_07/070224.mp3,Baroque secular,train,05 - Variations 21-25,Variations 21-25,András Schiff,Bach - Goldberg Variations BWV988,,
Entire_music/train/Baroque_secular_07/070225.mp3,Baroque secular,train,"05 Petits Preludes du Petit Livre de W.F.Bach -- In D minor, BWV 926","Petits Preludes du Petit Livre de W.F.Bach -- In D minor, BWV 926",Johann Sebastian Bach,"'Jesu, joy of Man's desiring"", Petites reludes du livres de W.F. Bach, PreludesItalian Concerto Etc. - Tipo",1991,Bach
Entire_music/train/Baroque_secular_07/070226.mp3,Baroque secular,train,"05 Prelude No. 3 In C-sharp Major, BWV 848","Prelude No. 3 In C-sharp Major, BWV 848",,Bach Clavicembalo 1,,Johann Sebastian Bach
Entire_music/train/Baroque_secular_07/070227.mp3,Baroque secular,train,05 Prelude No.3 in C-sharp major,Prelude No.3 in C-sharp major,Glenn Gould,Bach Clavicembalo II,,Bach
Entire_music/train/Baroque_secular_07/070228.mp3,Baroque secular,train,,,,,,
Entire_music/train/Baroque_secular_07/070229.mp3,Baroque secular,train,,,,,,
Entire_music/val/Baroque_secular_07/070230.mp3,Baroque secular,val,05 Variatio 4 a 1 Clav,05 Variatio 4 a 1 Clav.,Composer: J.S.Bach; Pianist: Glenn Gould,Goldberg Variations BWV 988,1982,
Entire_music/train/Baroque_secular_07/070231.mp3,Baroque secular,train,"05 di 45 Glenn Gould (piano) - Bach French Suites, BWV 812-817, Overture BWV 831, CD 1","French Suite No.1 in D Minor, BWV 812, V.Menuett II (Gould)",Glenn Gould (piano),"Bach: French Suites, BWV 812-817, Overture BWV 831, CD 1",,Bach
Entire_music/train/Baroque_secular_07/070232.mp3,Baroque secular,train,"05 di Johann Sebastian Bach - Das Wohltemperierte Klavier Teil 1, Disc 1",BWV 848 C sharp major - Prelude,Johann Sebastian Bach,"Das Wohltemperierte Klavier Teil 1, Disc 1",,Bach
Entire_music/train/Baroque_secular_07/070233.mp3,Baroque secular,train,"05 di Johann Sebastian Bach - Das Wohltemperierte Klavier Teil 2, Disc 1",BWV 872 C sharp major - Prelude,Bach,Das Wohltemperierte Klavier B2 (cd1),,Johann Sebastian Bach
Entire_music/test/Baroque_secular_07/070234.ape,Baroque secular,test,05.Variatio 4,Variatio 4,Andras Schiff,Goldberg Variations (J. S. Bach),,
Entire_music/train/Baroque_secular_07/070235.mp3,Baroque secular,train,06 - 06 Variation V,06 Variation V,Martin Stadtfeld,Bach: Goldberg-Variationen,2003,
Entire_music/train/Baroque_secular_07/070236.mp3,Baroque secular,train,06 - BWV.777,BWV.777,Johann Sebastian Bach,Vol.1,,Johann Sebastian Bach
Entire_music/train/Baroque_secular_07/070237.mp3,Baroque secular,train,"06 - Bach (JS)_ Goldberg Variations, BWV 988 - 05. Variation 5","Bach (JS): Goldberg Variations, BWV 988 - 05. Variation 5",Glenn Gould,"Bach (JS): Goldberg Variations, BWV 988",2003,Bach
Entire_music/train/Baroque_secular_07/070238.mp3,Baroque secular,train,06 - Bourree I and II,Bourree I and II,Angela Hewitt,The English Suites 1 JS Bach,2003,
Entire_music/val/Baroque_secular_07/070239.mp3,Baroque secular,val,"06 - Capriccio sopra la lontananza del fratello dilettissimo, BWV 992 - IV","Capriccio sopra la lontananza del fratello dilettissimo, BWV 992 - IV",Jean Louis Steuerman,Bach Chromatic Fantasy & Fugue etc.,,Johann Sebastian Bach
Entire_music/train/Baroque_secular_07/070240.mp3,Baroque secular,train,06 - Courante,Courante,Angela Hewitt,French Suites CD1,,JS Bach
Entire_music/train/Baroque_secular_07/070241.mp3,Baroque secular,train,06 - Duett 3 G-dur BWV 804,Duett 3 G-dur BWV 804,András Schiff,Johann Sebastian Bach,,Johann Sebastian Bach
Entire_music/train/Baroque_secular_07/070242.mp3,Baroque secular,train,06 - Gigue,Gigue,Angela Hewitt,The English Suites 2 JS Bach,2003,
Entire_music/train/Baroque_secular_07/070243.mp3,Baroque secular,train,06 - Inventio part No. 6 In E Major,Inventio part No. 6 In E Major,Wanda Landowska,BACH Landowska Recordings,1951,
Entire_music/train/Baroque_secular_07/070244.mp3,Baroque secular,train,06 - Les Baricades Misterieuses,Les Baricades Misterieuses,varie,18 bth Century Hapsichord Works,,
Entire_music/train/Baroque_secular_07/070245.mp3,Baroque secular,train,06 - Prelude and Fugue No. 6 in D minor,Prelude and Fugue No. 6 in D minor,Christiane Jaccottet,J.S.Bach - Harpsichord Works (Disc 1),2001,
Entire_music/train/Baroque_secular_07/070246.mp3,Baroque secular,train,"06 - Prelude in e, BWV938","Prelude in e, BWV938",Angela Hewitt,French Suites CD2,1999,JS Bach
Entire_music/train/Baroque_secular_07/070247.mp3,Baroque secular,train,06 - Sinfonia 5 in Eb (BWV 791),Sinfonia 5 in Eb (BWV 791),"Bach, J S",J. S. Bach: Two- and Three-Part Inventions BWV772-801,1964,Johann Sebastian Bach
Entire_music/test/Baroque_secular_07/070248.mp3,Baroque secular,test,06 - Toccata in g-Moll BWV 915,Toccata in g-Moll BWV 915,Bach: Christiane Jaccottet,Toccaten BWV 910-916,1990,Johann Sebastian Bach
Entire_music/train/Baroque_secular_07/070249.mp3,Baroque secular,train,06 - Variatio 5 (2),Variatio 5.,Johann Sebastian Bach,J.S. Bach: Goldberg Variations Bmv988 - Konstantin Lifschitz,,
Entire_music/val/Baroque_secular_07/070250.mp3,Baroque secular,val,06 - Variatio 5 a 1 ovvero 2 Clav (2),Variatio 5 a 1 ovvero 2 Clav.,Johann Sebastian Bach - Pierre Hantai,Variations Goldberg,,
Entire_music/train/Baroque_secular_07/070251.mp3,Baroque secular,train,06 - Variatio 5,Variatio 5,Ralph Kirkpatrick,The Complete 1950s Bach Recordings4,1958,
Entire_music/train/Baroque_secular_07/070252.mp3,Baroque secular,train,06 - Variation 5,Variation 5,Johann Sebastian Bach,The Goldberg Variations - Taniana Nikolayeva piano,,
Entire_music/train/Baroque_secular_07/070253.mp3,Baroque secular,train,06 - Variation V A 1 Ovvero 2 Clavier,Variation V A 1 Ovvero 2 Clavier,Keith Jarrett,Bach: Goldberg Variations,1989,
Entire_music/train/Baroque_secular_07/070254.mp3,Baroque secular,train,06 - Variation V,Variation V,"LANDOWSKA, Wanda (1897-1959)",Goldberg Variations - Partita No.2 - Inventions,1951,
Entire_music/train/Baroque_secular_07/070255.mp3,Baroque secular,train,06 - Variations 21-25,Variations 21-25,Wanda Landowska,"J. S. Bach - Goldberg Variations, Italian Concerto, Chromatic Fantasia and Fugue",,
Entire_music/train/Baroque_secular_07/070256.mp3,Baroque secular,train,06 - Variations 26-30,Variations 26-30,András Schiff,Bach - Goldberg Variations BWV988,,
Entire_music/val/Baroque_secular_07/070257.mp3,Baroque secular,val,"06 Fugue No. 3 In C-sharp Major, BWV 848","Fugue No. 3 In C-sharp Major, BWV 848",,Bach Clavicembalo 1,,Johann Sebastian Bach
Entire_music/train/Baroque_secular_07/070258.mp3,Baroque secular,train,06 Fugue No.3 in C-sharp major,Fugue No.3 in C-sharp major,Glenn Gould,Bach Clavicembalo II,,Bach
Entire_music/train/Baroque_secular_07/070259.mp3,Baroque secular,train,"06 Petits Preludes du Petit Livre de W.F.Bach -- In F major, BWV 927","Petits Preludes du Petit Livre de W.F.Bach -- In F major, BWV 927",Johann Sebastian Bach,"'Jesu, joy of Man's desiring"", Petites reludes du livres de W.F. Bach, PreludesItalian Concerto Etc. - Tipo",1991,Bach
Entire_music/train/Baroque_secular_07/070260.mp3,Baroque secular,train,,,,,,
Entire_music/train/Baroque_secular_07/070261.mp3,Baroque secular,train,,,,,,
Entire_music/val/Baroque_secular_07/070262.mp3,Baroque secular,val,06 Variatio 5 a 1 ovvero 2 Clav,06 Variatio 5 a 1 ovvero 2 Clav.,Composer: J.S.Bach; Pianist: Glenn Gould,Goldberg Variations BWV 988,1982,
Entire_music/train/Baroque_secular_07/070263.mp3,Baroque secular,train,"06 di 45 Glenn Gould (piano) - Bach French Suites, BWV 812-817, Overture BWV 831, CD 1","French Suite No.1 in D Minor, BWV 812, VI.Gigue (Gould)",Glenn Gould (piano),"Bach: French Suites, BWV 812-817, Overture BWV 831, CD 1",,Bach
Entire_music/train/Baroque_secular_07/070264.mp3,Baroque secular,train,"06 di Johann Sebastian Bach - Das Wohltemperierte Klavier Teil 1, Disc 1",BWV 848 C sharp major - Fugue,Johann Sebastian Bach,"Das Wohltemperierte Klavier Teil 1, Disc 1",,Bach
Entire_music/train/Baroque_secular_07/070265.mp3,Baroque secular,train,"06 di Johann Sebastian Bach - Das Wohltemperierte Klavier Teil 2, Disc 1",BWV 872 C sharp major - Fugue,Bach,Das Wohltemperierte Klavier B2 (cd1),,Johann Sebastian Bach
Entire_music/train/Baroque_secular_07/070266.ape,Baroque secular,train,06.Variatio 5,Variatio 5,Andras Schiff,Goldberg Variations (J. S. Bach),,
Entire_music/train/Baroque_secular_07/070267.mp3,Baroque secular,train,07 - 07 Variation VI,07 Variation VI,Martin Stadtfeld,Bach: Goldberg-Variationen,2003,
Entire_music/train/Baroque_secular_07/070268.mp3,Baroque secular,train,07 - BWV.778,BWV.778,Johann Sebastian Bach,Vol.1,,Johann Sebastian Bach
Entire_music/val/Baroque_secular_07/070269.mp3,Baroque secular,val,07 - Duett 4 a-moll BWV 805,Duett 4 a-moll BWV 805,András Schiff,Johann Sebastian Bach,,Johann Sebastian Bach
Entire_music/train/Baroque_secular_07/070270.mp3,Baroque secular,train,07 - English Suite No. 5 in E minor BWV810 - Prelude,English Suite No. 5 in E minor BWV810 - Prelude,Angela Hewitt,The English Suites 2 JS Bach,2003,
Entire_music/train/Baroque_secular_07/070271.mp3,Baroque secular,train,07 - Gigue,Gigue,Angela Hewitt,The English Suites 1 JS Bach,2003,
Entire_music/test/Baroque_secular_07/070272.mp3,Baroque secular,test,07 - Goldberg Variations BWV 988 - var. 6,Goldberg Variations BWV 988 - var. 6,Johann Sebastian Bach,Glenn Gould vol. 1,,Johann Sebastian Bach
Entire_music/val/Baroque_secular_07/070273.mp3,Baroque secular,val,07 - Inventio part No. 7 In E Minor,Inventio part No. 7 In E Minor,Wanda Landowska,BACH Landowska Recordings,1951,
Entire_music/test/Baroque_secular_07/070274.mp3,Baroque secular,test,07 - Invention 14 in Bb (BWV 785),Invention 14 in Bb (BWV 785),"Bach, J S",J. S. Bach: Two- and Three-Part Inventions BWV772-801,1964,Johann Sebastian Bach
Entire_music/train/Baroque_secular_07/070275.mp3,Baroque secular,train,07 - Le Trophee,Le Trophee,varie,18 bth Century Hapsichord Works,,
Entire_music/train/Baroque_secular_07/070276.mp3,Baroque secular,train,07 - Prelude and Fugue No. 7 in E flat major,Prelude and Fugue No. 7 in E flat major,Christiane Jaccottet,J.S.Bach - Harpsichord Works (Disc 1),2001,
Entire_music/train/Baroque_secular_07/070277.mp3,Baroque secular,train,07 - Sarabande,Sarabande,Angela Hewitt,French Suites CD1,,JS Bach
Entire_music/train/Baroque_secular_07/070278.mp3,Baroque secular,train,"07 - Six Little Preludes, Prelude in C, BWV939","Six Little Preludes, Prelude in C, BWV939",Angela Hewitt,French Suites CD2,1999,JS Bach
Entire_music/train/Baroque_secular_07/070279.mp3,Baroque secular,train,07 - Toccata in G-Dur BWV 916,Toccata in G-Dur BWV 916,Bach: Christiane Jaccottet,Toccaten BWV 910-916,1990,Johann Sebastian Bach
Entire_music/train/Baroque_secular_07/070280.mp3,Baroque secular,train,07 - Variatio 6 (Canone Alla Seconda),Variatio 6 (Canone Alla Seconda),Ralph Kirkpatrick,The Complete 1950s Bach Recordings4,1958,
Entire_music/train/Baroque_secular_07/070281.mp3,Baroque secular,train,07 - Variatio 6 Canone alla Seconda a 1 Clav,Variatio 6 Canone alla Seconda a 1 Clav.,Johann Sebastian Bach - Pierre Hantai,Variations Goldberg,,
Entire_music/train/Baroque_secular_07/070282.mp3,Baroque secular,train,07 - Variatio 6. Canone Alla Seconda,Variatio 6. Canone Alla Seconda.,Johann Sebastian Bach,J.S. Bach: Goldberg Variations Bmv988 - Konstantin Lifschitz,,
Entire_music/train/Baroque_secular_07/070283.mp3,Baroque secular,train,07 - Variation 6,Variation 6,Johann Sebastian Bach,The Goldberg Variations - Taniana Nikolayeva piano,,
Entire_music/train/Baroque_secular_07/070284.mp3,Baroque secular,train,07 - Variation VI A 1 Clavier Canone Alla Seconda,Variation VI A 1 Clavier Canone Alla Seconda,Keith Jarrett,Bach: Goldberg Variations,1989,
Entire_music/val/Baroque_secular_07/070285.mp3,Baroque secular,val,07 - Variation VI _ Canone alla seconda,Variation VI : Canone alla seconda,"LANDOWSKA, Wanda (1897-1959)",Goldberg Variations - Partita No.2 - Inventions,1951,
Entire_music/train/Baroque_secular_07/070286.mp3,Baroque secular,train,07 - Variations 26-30,Variations 26-30,Wanda Landowska,"J. S. Bach - Goldberg Variations, Italian Concerto, Chromatic Fantasia and Fugue",,
Entire_music/train/Baroque_secular_07/070287.mp3,Baroque secular,train,"07 Petits Preludes du Petit Livre de W.F.Bach -- In G minor, BWV 930","Petits Preludes du Petit Livre de W.F.Bach -- In G minor, BWV 930",Johann Sebastian Bach,"'Jesu, joy of Man's desiring"", Petites reludes du livres de W.F. Bach, PreludesItalian Concerto Etc. - Tipo",1991,Bach
Entire_music/train/Baroque_secular_07/070288.mp3,Baroque secular,train,"07 Prelude No. 4 In C-sharp Minor, BWV 849","Prelude No. 4 In C-sharp Minor, BWV 849",,Bach Clavicembalo 1,,Johann Sebastian Bach
Entire_music/train/Baroque_secular_07/070289.mp3,Baroque secular,train,07 Prelude No.4 in C-sharp minor,Prelude No.4 in C-sharp minor,Glenn Gould,Bach Clavicembalo II,,Bach
Entire_music/train/Baroque_secular_07/070290.mp3,Baroque secular,train,,,,,,
Entire_music/train/Baroque_secular_07/070291.mp3,Baroque secular,train,,,,,,
Entire_music/val/Baroque_secular_07/070292.mp3,Baroque secular,val,07 Variatio 6 a 1 Clav. Canone alla Seconda,07 Variatio 6 a 1 Clav. Canone alla Seconda,Composer: J.S.Bach; Pianist: Glenn Gould,Goldberg Variations BWV 988,1982,
Entire_music/train/Baroque_secular_07/070293.mp3,Baroque secular,train,"07 di 45 Glenn Gould (piano) - Bach French Suites, BWV 812-817, Overture BWV 831, CD 1","French Suite No.2 in C Minor, BWV 813, I.Allemande (Gould)",Glenn Gould (piano),"Bach: French Suites, BWV 812-817, Overture BWV 831, CD 1",,Bach
Entire_music/train/Baroque_secular_07/070294.mp3,Baroque secular,train,"07 di Johann Sebastian Bach - Das Wohltemperierte Klavier Teil 1, Disc 1",BWV 849 C sharp minor - Prelude,Johann Sebastian Bach,"Das Wohltemperierte Klavier Teil 1, Disc 1",,Bach
Entire_music/train/Baroque_secular_07/070295.mp3,Baroque secular,train,"07 di Johann Sebastian Bach - Das Wohltemperierte Klavier Teil 2, Disc 1",BWV 873 C sharp minor - Prelude,Bach,Das Wohltemperierte Klavier B2 (cd1),,Johann Sebastian Bach
Entire_music/val/Baroque_secular_07/070296.ape,Baroque secular,val,07.Variatio 6,Variatio 6,Andras Schiff,Goldberg Variations (J. S. Bach),,
Entire_music/train/Baroque_secular_07/070297.mp3,Baroque secular,train,08 - Allemande,Allemande,Angela Hewitt,The English Suites 2 JS Bach,2003,
Entire_music/val/Baroque_secular_07/070298.mp3,Baroque secular,val,08 - Aria da capo,Aria da capo,Wanda Landowska,"J. S. Bach - Goldberg Variations, Italian Concerto, Chromatic Fantasia and Fugue",,
Entire_music/train/Baroque_secular_07/070299.mp3,Baroque secular,train,08 - BWV.779,BWV.779,Johann Sebastian Bach,Vol.1,,Johann Sebastian Bach
Entire_music/val/Baroque_secular_07/070300.mp3,Baroque secular,val,"08 - Bach (JS)_ Goldberg Variations, BWV 988 - 07. Variation 7","Bach (JS): Goldberg Variations, BWV 988 - 07. Variation 7",Glenn Gould,"Bach (JS): Goldberg Variations, BWV 988",2003,Bach
Entire_music/train/Baroque_secular_07/070301.mp3,Baroque secular,train,"08 - Capriccio sopra la lontananza del fratello dilettissimo, BWV 992 - VI Fugue","Capriccio sopra la lontananza del fratello dilettissimo, BWV 992 - VI Fugue",Jean Louis Steuerman,Bach Chromatic Fantasy & Fugue etc.,,Johann Sebastian Bach
Entire_music/test/Baroque_secular_07/070302.mp3,Baroque secular,test,08 - Chromatische Fantasie und Fuge d-moll BWV 903_ Fantasie,Chromatische Fantasie und Fuge d-moll BWV 903: Fantasie,András Schiff,Johann Sebastian Bach,,Johann Sebastian Bach
Entire_music/train/Baroque_secular_07/070303.mp3,Baroque secular,train,08 - English Suite No.2 in A minor - Prelude,English Suite No.2 in A minor - Prelude,Angela Hewitt,The English Suites 1 JS Bach,2003,
Entire_music/train/Baroque_secular_07/070304.mp3,Baroque secular,train,08 - Goldberg-Variationen BWV 988 08 Variation VII,Goldberg-Variationen BWV 988 08 Variation VII,Martin Stadtfeld,Bach: Goldberg-Variationen,2003,Johann Sebastian Bach
Entire_music/train/Baroque_secular_07/070305.mp3,Baroque secular,train,08 - Inventio part No. 8 In F Major,Inventio part No. 8 In F Major,Wanda Landowska,BACH Landowska Recordings,1951,
Entire_music/val/Baroque_secular_07/070306.mp3,Baroque secular,val,08 - Jean Philippe Rameau.Gigue en Rondeau,Jean Philippe Rameau.Gigue en Rondeau,varie,18 bth Century Hapsichord Works,,Jean Philippe Rameau
Entire_music/test/Baroque_secular_07/070307.mp3,Baroque secular,test,08 - Menuet I & II,Menuet I & II,Angela Hewitt,French Suites CD1,,JS Bach
Entire_music/train/Baroque_secular_07/070308.mp3,Baroque secular,train,08 - Prelude and Fugue No. 8 in D sharp major,Prelude and Fugue No. 8 in D sharp major,Christiane Jaccottet,J.S.Bach - Harpsichord Works (Disc 1),2001,
Entire_music/train/Baroque_secular_07/070309.mp3,Baroque secular,train,"08 - Prelude in d, BWV940","Prelude in d, BWV940",Angela Hewitt,French Suites CD2,1999,JS Bach
Entire_music/train/Baroque_secular_07/070310.mp3,Baroque secular,train,08 - Sinfonia 14 in Bb (BWV 800),Sinfonia 14 in Bb (BWV 800),"Bach, J S",J. S. Bach: Two- and Three-Part Inventions BWV772-801,1964,Johann Sebastian Bach
Entire_music/train/Baroque_secular_07/070311.mp3,Baroque secular,train,08 - Variatio 7 (2),Variatio 7.,Johann Sebastian Bach,J.S. Bach: Goldberg Variations Bmv988 - Konstantin Lifschitz,,
Entire_music/val/Baroque_secular_07/070312.mp3,Baroque secular,val,08 - Variatio 7 a 1 ovvero Clav. Al tempo di Giga,Variatio 7 a 1 ovvero Clav. Al tempo di Giga,Johann Sebastian Bach - Pierre Hantai,Variations Goldberg,,
Entire_music/train/Baroque_secular_07/070313.mp3,Baroque secular,train,08 - Variatio 7,Variatio 7,Ralph Kirkpatrick,The Complete 1950s Bach Recordings4,1958,
Entire_music/train/Baroque_secular_07/070314.mp3,Baroque secular,train,08 - Variation 7,Variation 7,Johann Sebastian Bach,The Goldberg Variations - Taniana Nikolayeva piano,,
Entire_music/train/Baroque_secular_07/070315.mp3,Baroque secular,train,08 - Variation VII A 1 Ovvero 2 Clavier,Variation VII A 1 Ovvero 2 Clavier,Keith Jarrett,Bach: Goldberg Variations,1989,
Entire_music/train/Baroque_secular_07/070316.mp3,Baroque secular,train,08 - Variation VII,Variation VII,"LANDOWSKA, Wanda (1897-1959)",Goldberg Variations - Partita No.2 - Inventions,1951,
Entire_music/train/Baroque_secular_07/070317.mp3,Baroque secular,train,"08 Fugue No. 4 In C-sharp Minor, BWV 849","Fugue No. 4 In C-sharp Minor, BWV 849",,Bach Clavicembalo 1,,Johann Sebastian Bach
Entire_music/train/Baroque_secular_07/070318.mp3,Baroque secular,train,08 Fugue No.4 in C-sharp minor,Fugue No.4 in C-sharp minor,Glenn Gould,Bach Clavicembalo II,,Bach
Entire_music/train/Baroque_secular_07/070319.mp3,Baroque secular,train,"08 Petits Preludes du Petit Livre de W.F.Bach -- in F major, BWV 928","Petits Preludes du Petit Livre de W.F.Bach -- in F major, BWV 928",Johann Sebastian Bach,"'Jesu, joy of Man's desiring"", Petites reludes du livres de W.F. Bach, PreludesItalian Concerto Etc. - Tipo",1991,Bach
Entire_music/train/Baroque_secular_07/070320.mp3,Baroque secular,train,,,,,,
Entire_music/train/Baroque_secular_07/070321.mp3,Baroque secular,train,,,,,,
Entire_music/val/Baroque_secular_07/070322.mp3,Baroque secular,val,08 Variatio 7 a 1 ovvero 2 Clav,08 Variatio 7 a 1 ovvero 2 Clav.,Composer: J.S.Bach; Pianist: Glenn Gould,Goldberg Variations BWV 988,1982,
Entire_music/train/Baroque_secular_07/070323.mp3,Baroque secular,train,"08 di 45 Glenn Gould (piano) - Bach French Suites, BWV 812-817, Overture BWV 831, CD 1","French Suite No.2 in C Minor, BWV 813, II.Courante (Gould)",Glenn Gould (piano),"Bach: French Suites, BWV 812-817, Overture BWV 831, CD 1",,Bach
Entire_music/train/Baroque_secular_07/070324.mp3,Baroque secular,train,"08 di Johann Sebastian Bach - Das Wohltemperierte Klavier Teil 1, Disc 1",BWV 849 C sharp minor - Fugue,Johann Sebastian Bach,"Das Wohltemperierte Klavier Teil 1, Disc 1",,Bach
Entire_music/test/Baroque_secular_07/070325.mp3,Baroque secular,test,"08 di Johann Sebastian Bach - Das Wohltemperierte Klavier Teil 2, Disc 1",BWV 873 C sharp minor - Fugue,Bach,Das Wohltemperierte Klavier B2 (cd1),,Johann Sebastian Bach
Entire_music/test/Baroque_secular_07/070326.ape,Baroque secular,test,08.Variatio 7,Variatio 7,Andras Schiff,Goldberg Variations (J. S. Bach),,
Entire_music/train/Baroque_secular_07/070327.mp3,Baroque secular,train,09 - Allemande,Allemande,Angela Hewitt,The English Suites 1 JS Bach,2003,
Entire_music/train/Baroque_secular_07/070328.mp3,Baroque secular,train,09 - BWV.780,BWV.780,Johann Sebastian Bach,Vol.1,,Johann Sebastian Bach
Entire_music/train/Baroque_secular_07/070329.mp3,Baroque secular,train,"09 - Bach (JS)_ Goldberg Variations, BWV 988 - 08. Variation 8","Bach (JS): Goldberg Variations, BWV 988 - 08. Variation 8",Glenn Gould,"Bach (JS): Goldberg Variations, BWV 988",2003,Bach
Entire_music/test/Baroque_secular_07/070330.mp3,Baroque secular,test,09 - Chromatische Fantasie und Fuge d-moll BWV 903_ Fuge,Chromatische Fantasie und Fuge d-moll BWV 903: Fuge,András Schiff,Johann Sebastian Bach,,Johann Sebastian Bach
Entire_music/val/Baroque_secular_07/070331.mp3,Baroque secular,val,09 - Courante,Courante,Angela Hewitt,The English Suites 2 JS Bach,2003,
Entire_music/train/Baroque_secular_07/070332.mp3,Baroque secular,train,"09 - Fantasia and Fugue in A minor, BWV 904","Fantasia and Fugue in A minor, BWV 904",Jean Louis Steuerman,Bach Chromatic Fantasy & Fugue etc.,,Johann Sebastian Bach
Entire_music/train/Baroque_secular_07/070333.mp3,Baroque secular,train,09 - Gigue,Gigue,Angela Hewitt,French Suites CD1,,JS Bach
Entire_music/train/Baroque_secular_07/070334.mp3,Baroque secular,train,09 - Goldberg-Variationen BWV 988 09 Variation VIII,Goldberg-Variationen BWV 988 09 Variation VIII,Martin Stadtfeld,Bach: Goldberg-Variationen,2003,Johann Sebastian Bach
Entire_music/train/Baroque_secular_07/070335.mp3,Baroque secular,train,09 - Inventio part No. 9 In F Minor,Inventio part No. 9 In F Minor,Wanda Landowska,BACH Landowska Recordings,1951,
Entire_music/val/Baroque_secular_07/070336.mp3,Baroque secular,val,09 - Invention 11 in g (BWV 782),Invention 11 in g (BWV 782),"Bach, J S",J. S. Bach: Two- and Three-Part Inventions BWV772-801,1964,Johann Sebastian Bach
Entire_music/test/Baroque_secular_07/070337.mp3,Baroque secular,test,"09 - Italian Concerto, BWV 971_ First Movement","Italian Concerto, BWV 971: First Movement",Wanda Landowska,"J. S. Bach - Goldberg Variations, Italian Concerto, Chromatic Fantasia and Fugue",,Johann Sebastian Bach
Entire_music/test/Baroque_secular_07/070338.mp3,Baroque secular,test,09 - Le rappel des Oiseaux,Le rappel des Oiseaux,varie,18 bth Century Hapsichord Works,,
Entire_music/train/Baroque_secular_07/070339.mp3,Baroque secular,train,09 - Prelude and Fugue No. 9 in E major,Prelude and Fugue No. 9 in E major,Christiane Jaccottet,J.S.Bach - Harpsichord Works (Disc 1),2001,
Entire_music/train/Baroque_secular_07/070340.mp3,Baroque secular,train,"09 - Prelude in e, BWV941","Prelude in e, BWV941",Angela Hewitt,French Suites CD2,1999,JS Bach
Entire_music/train/Baroque_secular_07/070341.mp3,Baroque secular,train,09 - Variatio 8 (A 2 Clav.),Variatio 8 (A 2 Clav.),Ralph Kirkpatrick,The Complete 1950s Bach Recordings4,1958,
Entire_music/train/Baroque_secular_07/070342.mp3,Baroque secular,train,09 - Variatio 8 a 2 Clav (2),Variatio 8 a 2 Clav.,Johann Sebastian Bach - Pierre Hantai,Variations Goldberg,,
Entire_music/val/Baroque_secular_07/070343.mp3,Baroque secular,val,09 - Variatio 8,Variatio 8.,Johann Sebastian Bach,J.S. Bach: Goldberg Variations Bmv988 - Konstantin Lifschitz,,
Entire_music/train/Baroque_secular_07/070344.mp3,Baroque secular,train,09 - Variation 8,Variation 8,Johann Sebastian Bach,The Goldberg Variations - Taniana Nikolayeva piano,,
Entire_music/train/Baroque_secular_07/070345.mp3,Baroque secular,train,09 - Variation VIII A 2 Clavier,Variation VIII A 2 Clavier,Keith Jarrett,Bach: Goldberg Variations,1989,
Entire_music/train/Baroque_secular_07/070346.mp3,Baroque secular,train,09 - Variation VIII,Variation VIII,"LANDOWSKA, Wanda (1897-1959)",Goldberg Variations - Partita No.2 - Inventions,1951,
Entire_music/train/Baroque_secular_07/070347.mp3,Baroque secular,train,"09 Petits Preludes du Petit Livre de W.F.Bach -- In D major, BWV 925","Petits Preludes du Petit Livre de W.F.Bach -- In D major, BWV 925",Johann Sebastian Bach,"'Jesu, joy of Man's desiring"", Petites reludes du livres de W.F. Bach, PreludesItalian Concerto Etc. - Tipo",1991,Bach
Entire_music/train/Baroque_secular_07/070348.mp3,Baroque secular,train,"09 Prelude No. 5 In D Major, BWV 850","Prelude No. 5 In D Major, BWV 850",,Bach Clavicembalo 1,,Johann Sebastian Bach
Entire_music/test/Baroque_secular_07/070349.mp3,Baroque secular,test,09 Prelude No.5 in D major,Prelude No.5 in D major,Glenn Gould,Bach Clavicembalo II,,Bach
Entire_music/train/Baroque_secular_07/070350.mp3,Baroque secular,train,,,,,,
Entire_music/train/Baroque_secular_07/070351.mp3,Baroque secular,train,,,,,,
Entire_music/val/Baroque_secular_07/070352.mp3,Baroque secular,val,09 Variatio 8 a 2 Clav,09 Variatio 8 a 2 Clav.,Composer: J.S.Bach; Pianist: Glenn Gould,Goldberg Variations BWV 988,1982,
Entire_music/train/Baroque_secular_07/070353.mp3,Baroque secular,train,"09 di 45 Glenn Gould (piano) - Bach French Suites, BWV 812-817, Overture BWV 831, CD 1","French Suite No.2 in C Minor, BWV 813, III.Sarabande (Gould)",Glenn Gould (piano),"Bach: French Suites, BWV 812-817, Overture BWV 831, CD 1",,Bach
Entire_music/train/Baroque_secular_07/070354.mp3,Baroque secular,train,"09 di Johann Sebastian Bach - Das Wohltemperierte Klavier Teil 1, Disc 1",BWV 850 D major - Prelude,Johann Sebastian Bach,"Das Wohltemperierte Klavier Teil 1, Disc 1",,Bach
Entire_music/test/Baroque_secular_07/070355.mp3,Baroque secular,test,"09 di Johann Sebastian Bach - Das Wohltemperierte Klavier Teil 2, Disc 1",BWV 874 D major - Prelude,Bach,Das Wohltemperierte Klavier B2 (cd1),,Johann Sebastian Bach
Entire_music/train/Baroque_secular_07/070356.ape,Baroque secular,train,09.Variatio 8,Variatio 8,Andras Schiff,Goldberg Variations (J. S. Bach),,
Entire_music/train/Baroque_secular_07/070357.mp3,Baroque secular,train,,,,,,
Entire_music/train/Baroque_secular_07/070358.mp3,Baroque secular,train,,,,,,
Entire_music/train/Baroque_secular_07/070359.mp3,Baroque secular,train,10 - BWV.781,BWV.781,Johann Sebastian Bach,Vol.1,,Johann Sebastian Bach
Entire_music/train/Baroque_secular_07/070360.mp3,Baroque secular,train,10 - Courante,Courante,Angela Hewitt,The English Suites 1 JS Bach,2003,
Entire_music/train/Baroque_secular_07/070361.mp3,Baroque secular,train,"10 - Fantasia and Fugue in A minor, BWV 904 - Fugue","Fantasia and Fugue in A minor, BWV 904 - Fugue",Jean Louis Steuerman,Bach Chromatic Fantasy & Fugue etc.,,Johann Sebastian Bach
Entire_music/val/Baroque_secular_07/070362.mp3,Baroque secular,val,"10 - French Suite no 2 in c, BWV813, Allemande","French Suite no 2 in c, BWV813, Allemande",Angela Hewitt,French Suites CD1,,JS Bach
Entire_music/train/Baroque_secular_07/070363.mp3,Baroque secular,train,10 - Goldberg Variations BWV 988 - var. 9,Goldberg Variations BWV 988 - var. 9,Johann Sebastian Bach,Glenn Gould vol. 1,,Johann Sebastian Bach
Entire_music/train/Baroque_secular_07/070364.mp3,Baroque secular,train,10 - Goldberg-Variationen BWV 988 10 Variation IX,Goldberg-Variationen BWV 988 10 Variation IX,Martin Stadtfeld,Bach: Goldberg-Variationen,2003,Johann Sebastian Bach
Entire_music/train/Baroque_secular_07/070365.mp3,Baroque secular,train,10 - Inventio part No. 10 In G Major,Inventio part No. 10 In G Major,Wanda Landowska,BACH Landowska Recordings,1951,
Entire_music/train/Baroque_secular_07/070366.mp3,Baroque secular,train,10 - Italian Concerto_ Second Movement,Italian Concerto: Second Movement,Wanda Landowska,"J. S. Bach - Goldberg Variations, Italian Concerto, Chromatic Fantasia and Fugue",,
Entire_music/train/Baroque_secular_07/070367.mp3,Baroque secular,train,"10 - Menuet 1,2","Menuet 1,2",varie,18 bth Century Hapsichord Works,,
Entire_music/train/Baroque_secular_07/070368.mp3,Baroque secular,train,10 - Prelude and Fugue No. 10 in E minor,Prelude and Fugue No. 10 in E minor,Christiane Jaccottet,J.S.Bach - Harpsichord Works (Disc 1),2001,
Entire_music/train/Baroque_secular_07/070369.mp3,Baroque secular,train,"10 - Prelude in a, BWV942","Prelude in a, BWV942",Angela Hewitt,French Suites CD2,1999,JS Bach
Entire_music/test/Baroque_secular_07/070370.mp3,Baroque secular,test,10 - Sarabande,Sarabande,Angela Hewitt,The English Suites 2 JS Bach,2003,
Entire_music/train/Baroque_secular_07/070371.mp3,Baroque secular,train,10 - Sinfonia 11 in g (BWV 797),Sinfonia 11 in g (BWV 797),"Bach, J S",J. S. Bach: Two- and Three-Part Inventions BWV772-801,1964,Johann Sebastian Bach
Entire_music/train/Baroque_secular_07/070372.mp3,Baroque secular,train,10 - Variatio 9 (Canone Alla Terza),Variatio 9 (Canone Alla Terza),Ralph Kirkpatrick,The Complete 1950s Bach Recordings4,1958,
Entire_music/train/Baroque_secular_07/070373.mp3,Baroque secular,train,10 - Variatio 9 Canone alla Terza a 1 Clav,Variatio 9 Canone alla Terza a 1 Clav.,Johann Sebastian Bach - Pierre Hantai,Variations Goldberg,,
Entire_music/val/Baroque_secular_07/070374.mp3,Baroque secular,val,10 - Variatio 9. Canone Alla Terza,Variatio 9. Canone Alla Terza.,Johann Sebastian Bach,J.S. Bach: Goldberg Variations Bmv988 - Konstantin Lifschitz,,
Entire_music/train/Baroque_secular_07/070375.mp3,Baroque secular,train,10 - Variation 9,Variation 9,Johann Sebastian Bach,The Goldberg Variations - Taniana Nikolayeva piano,,
Entire_music/train/Baroque_secular_07/070376.mp3,Baroque secular,train,10 - Variation IX A 1 Clav Canone Alla Terza,Variation IX A 1 Clav Canone Alla Terza,Keith Jarrett,Bach: Goldberg Variations,1989,
Entire_music/train/Baroque_secular_07/070377.mp3,Baroque secular,train,10 - Variation IX _ Canone alla terza,Variation IX : Canone alla terza,"LANDOWSKA, Wanda (1897-1959)",Goldberg Variations - Partita No.2 - Inventions,1951,
Entire_music/val/Baroque_secular_07/070378.mp3,Baroque secular,val,"10 6 Petits Preludes pour les commencants -- In C major, BWV 933","6 Petits Preludes pour les commencants -- In C major, BWV 933",Johann Sebastian Bach,"'Jesu, joy of Man's desiring"", Petites reludes du livres de W.F. Bach, PreludesItalian Concerto Etc. - Tipo",1991,Johann Sebastian Bach
Entire_music/test/Baroque_secular_07/070379.mp3,Baroque secular,test,"10 Fugue No. 5 In D Major, BWV 850","Fugue No. 5 In D Major, BWV 850",,Bach Clavicembalo 1,,Johann Sebastian Bach
Entire_music/train/Baroque_secular_07/070380.mp3,Baroque secular,train,10 Fugue No.5 in D major,Fugue No.5 in D major,Glenn Gould,Bach Clavicembalo II,,Bach
Entire_music/train/Baroque_secular_07/070381.mp3,Baroque secular,train,,,,,,
Entire_music/train/Baroque_secular_07/070382.mp3,Baroque secular,train,,,,,,
Entire_music/val/Baroque_secular_07/070383.mp3,Baroque secular,val,10 Variatio 9 a 1 Clav. Canone alla Terza,10 Variatio 9 a 1 Clav. Canone alla Terza,Composer: J.S.Bach; Pianist: Glenn Gould,Goldberg Variations BWV 988,1982,
Entire_music/train/Baroque_secular_07/070384.mp3,Baroque secular,train,"10 di 45 Glenn Gould (piano) - Bach French Suites, BWV 812-817, Overture BWV 831, CD 1","French Suite No.2 in C Minor, BWV 813, IV.Air (Gould)",Glenn Gould (piano),"Bach: French Suites, BWV 812-817, Overture BWV 831, CD 1",,Bach
Entire_music/train/Baroque_secular_07/070385.mp3,Baroque secular,train,"10 di Johann Sebastian Bach - Das Wohltemperierte Klavier Teil 1, Disc 1",BWV 850 D major - Fugue,Johann Sebastian Bach,"Das Wohltemperierte Klavier Teil 1, Disc 1",,Bach
Entire_music/test/Baroque_secular_07/070386.mp3,Baroque secular,test,"10 di Johann Sebastian Bach - Das Wohltemperierte Klavier Teil 2, Disc 1",BWV 874 D major - Fugue,Bach,Das Wohltemperierte Klavier B2 (cd1),,Johann Sebastian Bach
Entire_music/train/Baroque_secular_07/070387.ape,Baroque secular,train,10.Variatio 9,Variatio 9,Andras Schiff,Goldberg Variations (J. S. Bach),,
Entire_music/val/Baroque_secular_07/070388.mp3,Baroque secular,val,11 - BWV.782,BWV.782,Johann Sebastian Bach,Vol.1,,Johann Sebastian Bach
Entire_music/train/Baroque_secular_07/070389.mp3,Baroque secular,train,"11 - Chromatic Fantasia and Fugue in D minor, BWV 903 - Fantasia - Recitativo","Chromatic Fantasia and Fugue in D minor, BWV 903 - Fantasia - Recitativo",Jean Louis Steuerman,Bach Chromatic Fantasy & Fugue etc.,,Johann Sebastian Bach
Entire_music/train/Baroque_secular_07/070390.mp3,Baroque secular,train,11 - Courante,Courante,Angela Hewitt,French Suites CD1,,JS Bach
Entire_music/train/Baroque_secular_07/070391.mp3,Baroque secular,train,11 - Goldberg Variations BWV 988 - var. 10,Goldberg Variations BWV 988 - var. 10,Johann Sebastian Bach,Glenn Gould vol. 1,,Johann Sebastian Bach
Entire_music/train/Baroque_secular_07/070392.mp3,Baroque secular,train,11 - Goldberg-Variationen BWV 988 11 Variation X,Goldberg-Variationen BWV 988 11 Variation X,Martin Stadtfeld,Bach: Goldberg-Variationen,2003,Johann Sebastian Bach
Entire_music/train/Baroque_secular_07/070393.mp3,Baroque secular,train,11 - Inventio part No. 11 In G Minor,Inventio part No. 11 In G Minor,Wanda Landowska,BACH Landowska Recordings,1951,
Entire_music/train/Baroque_secular_07/070394.mp3,Baroque secular,train,11 - Invention 10 in G (BWV 781),Invention 10 in G (BWV 781),"Bach, J S",J. S. Bach: Two- and Three-Part Inventions BWV772-801,1964,Johann Sebastian Bach
Entire_music/train/Baroque_secular_07/070395.mp3,Baroque secular,train,11 - Italian Concerto_ Third Movement,Italian Concerto: Third Movement,Wanda Landowska,"J. S. Bach - Goldberg Variations, Italian Concerto, Chromatic Fantasia and Fugue",,
Entire_music/train/Baroque_secular_07/070396.mp3,Baroque secular,train,11 - La poule,La poule,varie,18 bth Century Hapsichord Works,,
Entire_music/test/Baroque_secular_07/070397.mp3,Baroque secular,test,11 - Passepied I and II,Passepied I and II,Angela Hewitt,The English Suites 2 JS Bach,2003,
Entire_music/train/Baroque_secular_07/070398.mp3,Baroque secular,train,11 - Prelude and Fugue No. 11 in F major,Prelude and Fugue No. 11 in F major,Christiane Jaccottet,J.S.Bach - Harpsichord Works (Disc 1),2001,
Entire_music/train/Baroque_secular_07/070399.mp3,Baroque secular,train,"11 - Prelude in C, BWV943","Prelude in C, BWV943",Angela Hewitt,French Suites CD2,1999,JS Bach
Entire_music/train/Baroque_secular_07/070400.mp3,Baroque secular,train,11 - Sarabande et les agrements de la meme,Sarabande et les agrements de la meme,Angela Hewitt,The English Suites 1 JS Bach,2003,
Entire_music/train/Baroque_secular_07/070401.mp3,Baroque secular,train,11 - Variatio 10 (Fughetta),Variatio 10 (Fughetta),Ralph Kirkpatrick,The Complete 1950s Bach Recordings4,1958,
Entire_music/train/Baroque_secular_07/070402.mp3,Baroque secular,train,11 - Variatio 10 a 1 Clav. Fughetta (2),Variatio 10 a 1 Clav. Fughetta,Johann Sebastian Bach - Pierre Hantai,Variations Goldberg,,
Entire_music/train/Baroque_secular_07/070403.mp3,Baroque secular,train,11 - Variatio 10. Fughetta,Variatio 10. Fughetta.,Johann Sebastian Bach,J.S. Bach: Goldberg Variations Bmv988 - Konstantin Lifschitz,,
Entire_music/train/Baroque_secular_07/070404.mp3,Baroque secular,train,11 - Variation 10,Variation 10,Johann Sebastian Bach,The Goldberg Variations - Taniana Nikolayeva piano,,
Entire_music/test/Baroque_secular_07/070405.mp3,Baroque secular,test,11 - Variation X A 1 Clavier Fughetta,Variation X A 1 Clavier Fughetta,Keith Jarrett,Bach: Goldberg Variations,1989,
Entire_music/train/Baroque_secular_07/070406.mp3,Baroque secular,train,11 - Variation X,Variation X,"LANDOWSKA, Wanda (1897-1959)",Goldberg Variations - Partita No.2 - Inventions,1951,
Entire_music/test/Baroque_secular_07/070407.mp3,Baroque secular,test,"11 6 Petits Preludes pour les commencants -- In C minor, BWV 934","6 Petits Preludes pour les commencants -- In C minor, BWV 934",Johann Sebastian Bach,"'Jesu, joy of Man's desiring"", Petites reludes du livres de W.F. Bach, PreludesItalian Concerto Etc. - Tipo",1991,Johann Sebastian Bach
Entire_music/train/Baroque_secular_07/070408.mp3,Baroque secular,train,"11 Prelude No. 6 In D Minor, BWV 851","Prelude No. 6 In D Minor, BWV 851",,Bach Clavicembalo 1,,Johann Sebastian Bach
Entire_music/train/Baroque_secular_07/070409.mp3,Baroque secular,train,11 Prelude No. 6 in D minor,Prelude No. 6 in D minor,Glenn Gould,Bach Clavicembalo II,,Bach
Entire_music/test/Baroque_secular_07/070410.mp3,Baroque secular,test,,,,,,
Entire_music/train/Baroque_secular_07/070411.mp3,Baroque secular,train,,,,,,
Entire_music/val/Baroque_secular_07/070412.mp3,Baroque secular,val,11 Variatio 10 a 1 Clav. Fughetta,11 Variatio 10 a 1 Clav. Fughetta,Composer: J.S.Bach; Pianist: Glenn Gould,Goldberg Variations BWV 988,1982,
Entire_music/train/Baroque_secular_07/070413.mp3,Baroque secular,train,"11 di 45 Glenn Gould (piano) - Bach French Suites, BWV 812-817, Overture BWV 831, CD 1","French Suite No.2 in C Minor, BWV 813, V.Menuett (Gould)",Glenn Gould (piano),"Bach: French Suites, BWV 812-817, Overture BWV 831, CD 1",,Bach
Entire_music/train/Baroque_secular_07/070414.mp3,Baroque secular,train,"11 di Johann Sebastian Bach - Das Wohltemperierte Klavier Teil 1, Disc 1",BWV 851 D minor - Prelude,Johann Sebastian Bach,"Das Wohltemperierte Klavier Teil 1, Disc 1",,Bach
Entire_music/train/Baroque_secular_07/070415.mp3,Baroque secular,train,"11 di Johann Sebastian Bach - Das Wohltemperierte Klavier Teil 2, Disc 1",BWV 875 D minor - Prelude,Bach,Das Wohltemperierte Klavier B2 (cd1),,Johann Sebastian Bach
Entire_music/train/Baroque_secular_07/070416.ape,Baroque secular,train,11.Variatio 10,Variatio 10,Andras Schiff,Goldberg Variations (J. S. Bach),,
Entire_music/train/Baroque_secular_07/070417.mp3,Baroque secular,train,12 - BWV.783,BWV.783,Johann Sebastian Bach,Vol.1,,Johann Sebastian Bach
Entire_music/train/Baroque_secular_07/070418.mp3,Baroque secular,train,"12 - Bach (JS)_ Goldberg Variations, BWV 988 - 11. Variation 11","Bach (JS): Goldberg Variations, BWV 988 - 11. Variation 11",Glenn Gould,"Bach (JS): Goldberg Variations, BWV 988",2003,Bach
Entire_music/train/Baroque_secular_07/070419.mp3,Baroque secular,train,12 - Bourree I and II,Bourree I and II,Angela Hewitt,The English Suites 1 JS Bach,2003,
Entire_music/train/Baroque_secular_07/070420.mp3,Baroque secular,train,"12 - Chromatic Fantasia and Fugue in D minor, BWV 903 - Fugue","Chromatic Fantasia and Fugue in D minor, BWV 903 - Fugue",Jean Louis Steuerman,Bach Chromatic Fantasy & Fugue etc.,,Johann Sebastian Bach
Entire_music/val/Baroque_secular_07/070421.mp3,Baroque secular,val,"12 - Chromatic Fantasia and Fugue, BWV 903_ Fantasia","Chromatic Fantasia and Fugue, BWV 903: Fantasia",Wanda Landowska,"J. S. Bach - Goldberg Variations, Italian Concerto, Chromatic Fantasia and Fugue",,Johann Sebastian Bach
Entire_music/train/Baroque_secular_07/070422.mp3,Baroque secular,train,"12 - Duetto I in E minor, BWV 802","Duetto I in E minor, BWV 802",Johann Sebastian Bach,Sviatoslav Richter: The autorised recording.3,1994,Johann Sebastian Bach
Entire_music/train/Baroque_secular_07/070423.mp3,Baroque secular,train,12 - Gigue,Gigue,Angela Hewitt,The English Suites 2 JS Bach,2003,
Entire_music/train/Baroque_secular_07/070424.mp3,Baroque secular,train,12 - Goldberg-Variationen BWV 988 12 Variation XI,Goldberg-Variationen BWV 988 12 Variation XI,Martin Stadtfeld,Bach: Goldberg-Variationen,2003,Johann Sebastian Bach
Entire_music/train/Baroque_secular_07/070425.mp3,Baroque secular,train,12 - Inventio part No. 12 In A Major,Inventio part No. 12 In A Major,Wanda Landowska,BACH Landowska Recordings,1951,
Entire_music/train/Baroque_secular_07/070426.mp3,Baroque secular,train,12 - Les Triolets,Les Triolets,varie,18 bth Century Hapsichord Works,,
Entire_music/train/Baroque_secular_07/070427.mp3,Baroque secular,train,12 - Prelude No. 12 in F minor,Prelude No. 12 in F minor,Christiane Jaccottet,J.S.Bach - Harpsichord Works (Disc 1),2001,
Entire_music/test/Baroque_secular_07/070428.mp3,Baroque secular,test,"12 - Prelude in c, BWV999","Prelude in c, BWV999",Angela Hewitt,French Suites CD2,1999,JS Bach
Entire_music/train/Baroque_secular_07/070429.mp3,Baroque secular,train,12 - Sarabande,Sarabande,Angela Hewitt,French Suites CD1,,JS Bach
Entire_music/train/Baroque_secular_07/070430.mp3,Baroque secular,train,12 - Sinfonia 10 in G (BWV 796),Sinfonia 10 in G (BWV 796),"Bach, J S",J. S. Bach: Two- and Three-Part Inventions BWV772-801,1964,Johann Sebastian Bach
Entire_music/train/Baroque_secular_07/070431.mp3,Baroque secular,train,12 - Variatio 11 (A 2 Clav.),Variatio 11 (A 2 Clav.),Ralph Kirkpatrick,The Complete 1950s Bach Recordings4,1958,
Entire_music/train/Baroque_secular_07/070432.mp3,Baroque secular,train,12 - Variatio 11 a 2 Clav (2),Variatio 11 a 2 Clav.,Johann Sebastian Bach - Pierre Hantai,Variations Goldberg,,
Entire_music/train/Baroque_secular_07/070433.mp3,Baroque secular,train,12 - Variatio 11,Variatio 11.,Johann Sebastian Bach,J.S. Bach: Goldberg Variations Bmv988 - Konstantin Lifschitz,,
Entire_music/train/Baroque_secular_07/070434.mp3,Baroque secular,train,12 - Variation 11,Variation 11,Johann Sebastian Bach,The Goldberg Variations - Taniana Nikolayeva piano,,
Entire_music/train/Baroque_secular_07/070435.mp3,Baroque secular,train,12 - Variation XI A 2 Clavier,Variation XI A 2 Clavier,Keith Jarrett,Bach: Goldberg Variations,1989,
Entire_music/val/Baroque_secular_07/070436.mp3,Baroque secular,val,12 - Variation XI,Variation XI,"LANDOWSKA, Wanda (1897-1959)",Goldberg Variations - Partita No.2 - Inventions,1951,
Entire_music/train/Baroque_secular_07/070437.mp3,Baroque secular,train,"12 6 Petits Preludes pour les commencants -- In D minor, BWV 935","6 Petits Preludes pour les commencants -- In D minor, BWV 935",Johann Sebastian Bach,"'Jesu, joy of Man's desiring"", Petites reludes du livres de W.F. Bach, PreludesItalian Concerto Etc. - Tipo",1991,Johann Sebastian Bach
Entire_music/train/Baroque_secular_07/070438.mp3,Baroque secular,train,"12 Fugue No. 6 In D Minor, BWV 851","Fugue No. 6 In D Minor, BWV 851",,Bach Clavicembalo 1,,Johann Sebastian Bach
Entire_music/train/Baroque_secular_07/070439.mp3,Baroque secular,train,12 Fugue No. 6 in D minor,Fugue No. 6 in D minor,Glenn Gould,Bach Clavicembalo II,,Bach
Entire_music/train/Baroque_secular_07/070440.mp3,Baroque secular,train,,,,,,
Entire_music/train/Baroque_secular_07/070441.mp3,Baroque secular,train,,,,,,
Entire_music/val/Baroque_secular_07/070442.mp3,Baroque secular,val,12 Variatio 11 a 2 Clav,12 Variatio 11 a 2 Clav.,Composer: J.S.Bach; Pianist: Glenn Gould,Goldberg Variations BWV 988,1982,
Entire_music/train/Baroque_secular_07/070443.mp3,Baroque secular,train,"12 di 45 Glenn Gould (piano) - Bach French Suites, BWV 812-817, Overture BWV 831, CD 1","French Suite No.2 in C Minor, BWV 813, VI.Gigue (Gould)",Glenn Gould (piano),"Bach: French Suites, BWV 812-817, Overture BWV 831, CD 1",,Bach
Entire_music/test/Baroque_secular_07/070444.mp3,Baroque secular,test,"12 di Johann Sebastian Bach - Das Wohltemperierte Klavier Teil 1, Disc 1",BWV 851 D minor - Fugue,Johann Sebastian Bach,"Das Wohltemperierte Klavier Teil 1, Disc 1",,Bach
Entire_music/train/Baroque_secular_07/070445.mp3,Baroque secular,train,"12 di Johann Sebastian Bach - Das Wohltemperierte Klavier Teil 2, Disc 1",BWV 875 D minor - Fugue,Bach,Das Wohltemperierte Klavier B2 (cd1),,Johann Sebastian Bach
Entire_music/train/Baroque_secular_07/070446.ape,Baroque secular,train,12.Variatio 11,Variatio 11,Andras Schiff,Goldberg Variations (J. S. Bach),,
Entire_music/train/Baroque_secular_07/070447.mp3,Baroque secular,train,13 - Air,Air,Angela Hewitt,French Suites CD1,,JS Bach
Entire_music/train/Baroque_secular_07/070448.mp3,Baroque secular,train,13 - BWV.784,BWV.784,Johann Sebastian Bach,Vol.1,,Johann Sebastian Bach
Entire_music/train/Baroque_secular_07/070449.mp3,Baroque secular,train,"13 - Duetto II in F minor, BWV 803","Duetto II in F minor, BWV 803",Johann Sebastian Bach,Sviatoslav Richter: The autorised recording.3,1994,Johann Sebastian Bach
Entire_music/train/Baroque_secular_07/070450.mp3,Baroque secular,train,13 - Engilsh Suite No. 6 in D minor BWV811 - Prelude,Engilsh Suite No. 6 in D minor BWV811 - Prelude,Angela Hewitt,The English Suites 2 JS Bach,2003,
Entire_music/train/Baroque_secular_07/070451.mp3,Baroque secular,train,"13 - Fantasia (and Fugue) in C minor, BWV 906","Fantasia (and Fugue) in C minor, BWV 906",Jean Louis Steuerman,Bach Chromatic Fantasy & Fugue etc.,,Johann Sebastian Bach
Entire_music/train/Baroque_secular_07/070452.mp3,Baroque secular,train,"13 - French Suite no 4 in E flat, Praeludium","French  Suite no 4 in E flat, Praeludium",Angela Hewitt,French Suites CD2,1999,JS Bach
Entire_music/train/Baroque_secular_07/070453.mp3,Baroque secular,train,13 - Fugue No. 13 in F minor,Fugue No. 13 in F minor,Christiane Jaccottet,J.S.Bach - Harpsichord Works (Disc 1),2001,
Entire_music/train/Baroque_secular_07/070454.mp3,Baroque secular,train,13 - Gigue,Gigue,Angela Hewitt,The English Suites 1 JS Bach,2003,
Entire_music/train/Baroque_secular_07/070455.mp3,Baroque secular,train,13 - Goldberg Variations BWV 988 - var. 12,Goldberg Variations BWV 988 - var. 12,Johann Sebastian Bach,Glenn Gould vol. 1,,Johann Sebastian Bach
Entire_music/train/Baroque_secular_07/070456.mp3,Baroque secular,train,13 - Goldberg-Variationen BWV 988 13 Variation XII,Goldberg-Variationen BWV 988 13 Variation XII,Martin Stadtfeld,Bach: Goldberg-Variationen,2003,Johann Sebastian Bach
Entire_music/train/Baroque_secular_07/070457.mp3,Baroque secular,train,13 - Inventio part No. 13 In A Minor,Inventio part No. 13 In A Minor,Wanda Landowska,BACH Landowska Recordings,1951,
Entire_music/val/Baroque_secular_07/070458.mp3,Baroque secular,val,13 - Invention 15 in b (BWV 786),Invention 15 in b (BWV 786),"Bach, J S",J. S. Bach: Two- and Three-Part Inventions BWV772-801,1964,Johann Sebastian Bach
Entire_music/train/Baroque_secular_07/070459.mp3,Baroque secular,train,13 - Musette en Rondeau,Musette en Rondeau,varie,18 bth Century Hapsichord Works,,
Entire_music/test/Baroque_secular_07/070460.mp3,Baroque secular,test,13 - Variatio 12 (Canone Alla Quarta),Variatio 12 (Canone Alla Quarta),Ralph Kirkpatrick,The Complete 1950s Bach Recordings4,1958,
Entire_music/train/Baroque_secular_07/070461.mp3,Baroque secular,train,13 - Variatio 12 Canone alla Quarta,Variatio 12 Canone alla Quarta,Johann Sebastian Bach - Pierre Hantai,Variations Goldberg,,
Entire_music/train/Baroque_secular_07/070462.mp3,Baroque secular,train,13 - Variatio 12. Canone Alla Quarta. (In Moto Contrario),Variatio 12. Canone Alla Quarta. (In Moto Contrario),Johann Sebastian Bach,J.S. Bach: Goldberg Variations Bmv988 - Konstantin Lifschitz,,
Entire_music/train/Baroque_secular_07/070463.mp3,Baroque secular,train,13 - Variation 12,Variation 12,Johann Sebastian Bach,The Goldberg Variations - Taniana Nikolayeva piano,,
Entire_music/test/Baroque_secular_07/070464.mp3,Baroque secular,test,13 - Variation XII Canone Alla Quarta,Variation XII Canone Alla Quarta,Keith Jarrett,Bach: Goldberg Variations,1989,
Entire_music/train/Baroque_secular_07/070465.mp3,Baroque secular,train,13 - Variation XII _ Canone alla quarta,Variation XII : Canone alla quarta,"LANDOWSKA, Wanda (1897-1959)",Goldberg Variations - Partita No.2 - Inventions,1951,
Entire_music/train/Baroque_secular_07/070466.mp3,Baroque secular,train,"13 6 Petits Preludes pour les commencants -- In D major, BWV 936","6 Petits Preludes pour les commencants -- In D major, BWV 936",Johann Sebastian Bach,"'Jesu, joy of Man's desiring"", Petites reludes du livres de W.F. Bach, PreludesItalian Concerto Etc. - Tipo",1991,Johann Sebastian Bach
Entire_music/train/Baroque_secular_07/070467.mp3,Baroque secular,train,13 Fugue,Fugue,Wanda Landowska,"J. S. Bach - Goldberg Variations, Italian Concerto, Chromatic Fantasia and Fugue",,
Entire_music/val/Baroque_secular_07/070468.mp3,Baroque secular,val,"13 Prelude No. 7 In E-flat Major, BWV 852","Prelude No. 7 In E-flat Major, BWV 852",,Bach Clavicembalo 1,,Johann Sebastian Bach
Entire_music/train/Baroque_secular_07/070469.mp3,Baroque secular,train,13 Prelude No.7 in E-flat major,Prelude No.7 in E-flat major,Glenn Gould,Bach Clavicembalo II,,Bach
Entire_music/train/Baroque_secular_07/070470.mp3,Baroque secular,train,,,,,,
Entire_music/train/Baroque_secular_07/070471.mp3,Baroque secular,train,,,,,,
Entire_music/val/Baroque_secular_07/070472.mp3,Baroque secular,val,13 Variatio 12. Canone alla Quarta,13 Variatio 12. Canone alla Quarta,Composer: J.S.Bach; Pianist: Glenn Gould,Goldberg Variations BWV 988,1982,
Entire_music/train/Baroque_secular_07/070473.mp3,Baroque secular,train,"13 di 45 Glenn Gould (piano) - Bach French Suites, BWV 812-817, Overture BWV 831, CD 1","French Suite No.3 in B Minor, BWV 814, I.Allemande (Gould)",Glenn Gould (piano),"Bach: French Suites, BWV 812-817, Overture BWV 831, CD 1",,Bach
Entire_music/train/Baroque_secular_07/070474.mp3,Baroque secular,train,"13 di Johann Sebastian Bach - Das Wohltemperierte Klavier Teil 1, Disc 1",BWV 852 E flat major - Prelude,Johann Sebastian Bach,"Das Wohltemperierte Klavier Teil 1, Disc 1",,Bach
Entire_music/val/Baroque_secular_07/070475.mp3,Baroque secular,val,"13 di Johann Sebastian Bach - Das Wohltemperierte Klavier Teil 2, Disc 1",BWV 876 E flat major - Prelude,Bach,Das Wohltemperierte Klavier B2 (cd1),,Johann Sebastian Bach
Entire_music/test/Baroque_secular_07/070476.ape,Baroque secular,test,13.Variatio 12,Variatio 12,Andras Schiff,Goldberg Variations (J. S. Bach),,
Entire_music/test/Baroque_secular_07/070477.mp3,Baroque secular,test,14 - Allemande (2),Allemande,Angela Hewitt,French Suites CD2,1999,JS Bach
Entire_music/train/Baroque_secular_07/070478.mp3,Baroque secular,train,14 - Allemande,Allemande,Angela Hewitt,The English Suites 2 JS Bach,2003,
Entire_music/val/Baroque_secular_07/070479.mp3,Baroque secular,val,14 - BWV.785,BWV.785,Johann Sebastian Bach,Vol.1,,Johann Sebastian Bach
Entire_music/train/Baroque_secular_07/070480.mp3,Baroque secular,train,"14 - Bach (JS)_ Goldberg Variations, BWV 988 - 13. Variation 13","Bach (JS): Goldberg Variations, BWV 988 - 13. Variation 13",Glenn Gould,"Bach (JS): Goldberg Variations, BWV 988",2003,Bach
Entire_music/train/Baroque_secular_07/070481.mp3,Baroque secular,train,"14 - Duetto III in G minor, BWV 804","Duetto III in G minor, BWV 804",Johann Sebastian Bach,Sviatoslav Richter: The autorised recording.3,1994,Johann Sebastian Bach
Entire_music/train/Baroque_secular_07/070482.mp3,Baroque secular,train,14 - English Suite No.3 in G minor - Prelude,English Suite No.3 in G minor - Prelude,Angela Hewitt,The English Suites 1 JS Bach,2003,
Entire_music/train/Baroque_secular_07/070483.mp3,Baroque secular,train,"14 - Fantasia (and Fugue) in C minor, BWV 906 - Fugue (unfinished)","Fantasia (and Fugue) in C minor, BWV 906 - Fugue (unfinished)",Jean Louis Steuerman,Bach Chromatic Fantasy & Fugue etc.,,Johann Sebastian Bach
Entire_music/train/Baroque_secular_07/070484.mp3,Baroque secular,train,14 - Goldberg-Variationen BWV 988 14 Variation XIII,Goldberg-Variationen BWV 988 14 Variation XIII,Martin Stadtfeld,Bach: Goldberg-Variationen,2003,Johann Sebastian Bach
Entire_music/test/Baroque_secular_07/070485.mp3,Baroque secular,test,14 - Inventio part No. 14 In B Flat,Inventio part No. 14 In B Flat,Wanda Landowska,BACH Landowska Recordings,1951,
Entire_music/train/Baroque_secular_07/070486.mp3,Baroque secular,train,14 - Menuet I & II,Menuet I & II,Angela Hewitt,French Suites CD1,,JS Bach
Entire_music/train/Baroque_secular_07/070487.mp3,Baroque secular,train,14 - Sinfonia 15 in b (BWV 801),Sinfonia 15 in b (BWV 801),"Bach, J S",J. S. Bach: Two- and Three-Part Inventions BWV772-801,1964,Johann Sebastian Bach
Entire_music/train/Baroque_secular_07/070488.mp3,Baroque secular,train,14 - Variatio 13 (A 2 Clav.),Variatio 13 (A 2 Clav.),Ralph Kirkpatrick,The Complete 1950s Bach Recordings4,1958,
Entire_music/train/Baroque_secular_07/070489.mp3,Baroque secular,train,14 - Variatio 13 a 2 Clav (2),Variatio 13 a 2 Clav.,Johann Sebastian Bach - Pierre Hantai,Variations Goldberg,,
Entire_music/train/Baroque_secular_07/070490.mp3,Baroque secular,train,14 - Variatio 13,Variatio 13.,Johann Sebastian Bach,J.S. Bach: Goldberg Variations Bmv988 - Konstantin Lifschitz,,
Entire_music/train/Baroque_secular_07/070491.mp3,Baroque secular,train,14 - Variation 13,Variation 13,Johann Sebastian Bach,The Goldberg Variations - Taniana Nikolayeva piano,,
Entire_music/train/Baroque_secular_07/070492.mp3,Baroque secular,train,14 - Variation XIII,Variation XIII,"LANDOWSKA, Wanda (1897-1959)",Goldberg Variations - Partita No.2 - Inventions,1951,
Entire_music/train/Baroque_secular_07/070493.mp3,Baroque secular,train,14 - Variation Xiii A 2 Clavier,Variation Xiii A 2 Clavier,Keith Jarrett,Bach: Goldberg Variations,1989,
Entire_music/val/Baroque_secular_07/070494.mp3,Baroque secular,val,14 - le Tambourin,le Tambourin,varie,18 bth Century Hapsichord Works,,
Entire_music/train/Baroque_secular_07/070495.mp3,Baroque secular,train,"14 6 Petits Preludes pour les commencants -- In E major, BWV 937","6 Petits Preludes pour les commencants -- In E major, BWV 937",Johann Sebastian Bach,"'Jesu, joy of Man's desiring"", Petites reludes du livres de W.F. Bach, PreludesItalian Concerto Etc. - Tipo",1991,Johann Sebastian Bach
Entire_music/train/Baroque_secular_07/070496.mp3,Baroque secular,train,"14 Fugue No. 7 In E-flat Major, BWV 852","Fugue No. 7 In E-flat Major, BWV 852",,Bach Clavicembalo 1,,Johann Sebastian Bach
Entire_music/train/Baroque_secular_07/070497.mp3,Baroque secular,train,14 Fugue No.7 in E-flat major,Fugue No.7 in E-flat major,,,,
Entire_music/train/Baroque_secular_07/070498.mp3,Baroque secular,train,,,,,,
Entire_music/train/Baroque_secular_07/070499.mp3,Baroque secular,train,,,,,,
Entire_music/val/Baroque_secular_07/070500.mp3,Baroque secular,val,14 Variatio 13 a 2 Clav,14 Variatio 13 a 2 Clav.,Composer: J.S.Bach; Pianist: Glenn Gould,Goldberg Variations BWV 988,1982,
Entire_music/train/Baroque_secular_07/070501.mp3,Baroque secular,train,"14 di 45 Glenn Gould (piano) - Bach French Suites, BWV 812-817, Overture BWV 831, CD 1","French Suite No.3 in B Minor, BWV 814, II.Courantee (Gould)",Glenn Gould (piano),"Bach: French Suites, BWV 812-817, Overture BWV 831, CD 1",,Bach
Entire_music/train/Baroque_secular_07/070502.mp3,Baroque secular,train,"14 di Johann Sebastian Bach - Das Wohltemperierte Klavier Teil 1, Disc 1",BWV 852 E flat major - Fugue,Johann Sebastian Bach,"Das Wohltemperierte Klavier Teil 1, Disc 1",,Bach
Entire_music/train/Baroque_secular_07/070503.mp3,Baroque secular,train,"14 di Johann Sebastian Bach - Das Wohltemperierte Klavier Teil 2, Disc 1",BWV 876 E flat major - Fugue,Bach,Das Wohltemperierte Klavier B2 (cd1),,Johann Sebastian Bach
Entire_music/train/Baroque_secular_07/070504.ape,Baroque secular,train,14.Variatio 13,Variatio 13,Andras Schiff,Goldberg Variations (J. S. Bach),,
Entire_music/train/Baroque_secular_07/070505.mp3,Baroque secular,train,15 - Allemande,Allemande,Angela Hewitt,The English Suites 1 JS Bach,2003,
Entire_music/train/Baroque_secular_07/070506.mp3,Baroque secular,train,15 - BWV.786,BWV.786,Johann Sebastian Bach,Vol.1,,Johann Sebastian Bach
Entire_music/val/Baroque_secular_07/070507.mp3,Baroque secular,val,"15 - Bach (JS)_ Goldberg Variations, BWV 988 - 14. Variation 14","Bach (JS): Goldberg Variations, BWV 988 - 14. Variation 14",Glenn Gould,"Bach (JS): Goldberg Variations, BWV 988",2003,Bach
Entire_music/train/Baroque_secular_07/070508.mp3,Baroque secular,train,15 - Couperin.Les Notables et jures,Couperin.Les Notables et jures,varie,18 bth Century Hapsichord Works,,Couperin
Entire_music/train/Baroque_secular_07/070509.mp3,Baroque secular,train,15 - Courante (2),Courante,Angela Hewitt,French Suites CD2,1999,JS Bach
Entire_music/train/Baroque_secular_07/070510.mp3,Baroque secular,train,15 - Courante,Courante,Angela Hewitt,The English Suites 2 JS Bach,2003,
Entire_music/train/Baroque_secular_07/070511.mp3,Baroque secular,train,"15 - Duetto IV in A minor, BWV 805","Duetto IV in A minor, BWV 805",Johann Sebastian Bach,Sviatoslav Richter: The autorised recording.3,1994,Johann Sebastian Bach
Entire_music/train/Baroque_secular_07/070512.mp3,Baroque secular,train,15 - Gigue,Gigue,Angela Hewitt,French Suites CD1,,JS Bach
Entire_music/train/Baroque_secular_07/070513.mp3,Baroque secular,train,15 - Goldberg-Variationen BWV 988 15 Variation XIV,Goldberg-Variationen BWV 988 15 Variation XIV,Martin Stadtfeld,Bach: Goldberg-Variationen,2003,Johann Sebastian Bach
Entire_music/train/Baroque_secular_07/070514.mp3,Baroque secular,train,15 - Inventio part No. 15 In B Minor,Inventio part No. 15 In B Minor,Wanda Landowska,BACH Landowska Recordings,1951,
Entire_music/train/Baroque_secular_07/070515.mp3,Baroque secular,train,15 - Invention 7 in e (BWV 778),Invention 7 in e (BWV 778),"Bach, J S",J. S. Bach: Two- and Three-Part Inventions BWV772-801,1964,Johann Sebastian Bach
Entire_music/train/Baroque_secular_07/070516.mp3,Baroque secular,train,15 - Variatio 14 (A 2 Clav.),Variatio 14 (A 2 Clav.),Ralph Kirkpatrick,The Complete 1950s Bach Recordings4,1958,
Entire_music/test/Baroque_secular_07/070517.mp3,Baroque secular,test,15 - Variatio 14 a 2 Clav (2),Variatio 14 a 2 Clav.,Johann Sebastian Bach - Pierre Hantai,Variations Goldberg,,
Entire_music/val/Baroque_secular_07/070518.mp3,Baroque secular,val,15 - Variatio 14,Variatio 14.,Johann Sebastian Bach,J.S. Bach: Goldberg Variations Bmv988 - Konstantin Lifschitz,,
Entire_music/train/Baroque_secular_07/070519.mp3,Baroque secular,train,15 - Variation 14,Variation 14,Johann Sebastian Bach,The Goldberg Variations - Taniana Nikolayeva piano,,
Entire_music/train/Baroque_secular_07/070520.mp3,Baroque secular,train,15 - Variation XIV A 2 Clavier,Variation XIV A 2 Clavier,Keith Jarrett,Bach: Goldberg Variations,1989,
Entire_music/train/Baroque_secular_07/070521.mp3,Baroque secular,train,15 - Variation XIV,Variation XIV,"LANDOWSKA, Wanda (1897-1959)",Goldberg Variations - Partita No.2 - Inventions,1951,
Entire_music/train/Baroque_secular_07/070522.mp3,Baroque secular,train,"15 6 Petits Preludes pour les commencants -- In E minor, BVW 938","6 Petits Preludes pour les commencants -- In E minor, BVW 938",Johann Sebastian Bach,"'Jesu, joy of Man's desiring"", Petites reludes du livres de W.F. Bach, PreludesItalian Concerto Etc. - Tipo",1991,
Entire_music/test/Baroque_secular_07/070523.mp3,Baroque secular,test,"15 Prelude No. 8 In E-flat Minor, BWV 853","Prelude No. 8 In E-flat Minor, BWV 853",,Bach Clavicembalo 1,,Johann Sebastian Bach
Entire_music/val/Baroque_secular_07/070524.mp3,Baroque secular,val,15 Prelude No.8 in D-sharp minor,Prelude No.8 in D-sharp minor,,,,
Entire_music/test/Baroque_secular_07/070525.mp3,Baroque secular,test,,,,,,
Entire_music/train/Baroque_secular_07/070526.mp3,Baroque secular,train,,,,,,
Entire_music/val/Baroque_secular_07/070527.mp3,Baroque secular,val,15 Variatio 14 a 2 Clav,15 Variatio 14 a 2 Clav.,Composer: J.S.Bach; Pianist: Glenn Gould,Goldberg Variations BWV 988,1982,
Entire_music/train/Baroque_secular_07/070528.mp3,Baroque secular,train,"15 di 45 Glenn Gould (piano) - Bach French Suites, BWV 812-817, Overture BWV 831, CD 1","French Suite No.3 in B Minor, BWV 814, III.Sarabande (Gould)",Glenn Gould (piano),"Bach: French Suites, BWV 812-817, Overture BWV 831, CD 1",,Bach
Entire_music/train/Baroque_secular_07/070529.mp3,Baroque secular,train,"15 di Johann Sebastian Bach - Das Wohltemperierte Klavier Teil 1, Disc 1",BWV 853 E flat minor - Prelude,Johann Sebastian Bach,"Das Wohltemperierte Klavier Teil 1, Disc 1",,Bach
Entire_music/train/Baroque_secular_07/070530.mp3,Baroque secular,train,"15 di Johann Sebastian Bach - Das Wohltemperierte Klavier Teil 2, Disc 1",BWV 877 E flat minor - Prelude,Bach,Das Wohltemperierte Klavier B2 (cd1),,Johann Sebastian Bach
Entire_music/train/Baroque_secular_07/070531.ape,Baroque secular,train,15.Variatio 14,Variatio 14,Andras Schiff,Goldberg Variations (J. S. Bach),,
Entire_music/train/Baroque_secular_07/070532.mp3,Baroque secular,train,16 - BWV.787,BWV.787,Johann Sebastian Bach,Vol.1,,Johann Sebastian Bach
Entire_music/train/Baroque_secular_07/070533.mp3,Baroque secular,train,16 - Courante,Courante,Angela Hewitt,The English Suites 1 JS Bach,2003,
Entire_music/train/Baroque_secular_07/070534.mp3,Baroque secular,train,"16 - French Suite no 3 in b, BWV814, Allemande","French Suite no 3 in b, BWV814, Allemande",Angela Hewitt,French Suites CD1,,JS Bach
Entire_music/train/Baroque_secular_07/070535.mp3,Baroque secular,train,16 - Goldberg Variations BWV 988 - var. 15,Goldberg Variations BWV 988 - var. 15,Johann Sebastian Bach,Glenn Gould vol. 1,,Johann Sebastian Bach
Entire_music/train/Baroque_secular_07/070536.mp3,Baroque secular,train,16 - Goldberg-Variationen BWV 988 16 Variation XV,Goldberg-Variationen BWV 988 16 Variation XV,Martin Stadtfeld,Bach: Goldberg-Variationen,2003,Johann Sebastian Bach
Entire_music/val/Baroque_secular_07/070537.mp3,Baroque secular,val,16 - I Corrente,I Corrente,Luigi Ferdinando Tagliavini,L. F. Tagliavini And His Collection Of Harpsichords,1996,
Entire_music/train/Baroque_secular_07/070538.mp3,Baroque secular,train,16 - It.con.1.BWV 971,It.con.1.BWV 971,Adras Schiff,"Bach French Suites 5,6 Italian Concerto",1993,Johann Sebastian Bach
Entire_music/train/Baroque_secular_07/070539.mp3,Baroque secular,train,16 - Les Vieleux et les Gueux,Les Vieleux et les Gueux,varie,18 bth Century Hapsichord Works,,
Entire_music/train/Baroque_secular_07/070540.mp3,Baroque secular,train,16 - Sarabande (2),Sarabande,Angela Hewitt,French Suites CD2,1999,JS Bach
Entire_music/train/Baroque_secular_07/070541.mp3,Baroque secular,train,16 - Sarabande,Sarabande,Angela Hewitt,The English Suites 2 JS Bach,2003,
Entire_music/train/Baroque_secular_07/070542.mp3,Baroque secular,train,16 - Sinfonia 7 in e (BWV 793),Sinfonia 7 in e (BWV 793),"Bach, J S",J. S. Bach: Two- and Three-Part Inventions BWV772-801,1964,Johann Sebastian Bach
Entire_music/train/Baroque_secular_07/070543.mp3,Baroque secular,train,16 - Variatio 15 (Canone Alla Quinta)_ Andante,Variatio 15 (Canone Alla Quinta): Andante,Ralph Kirkpatrick,The Complete 1950s Bach Recordings4,1958,
Entire_music/train/Baroque_secular_07/070544.mp3,Baroque secular,train,16 - Variatio 15 Canone alla Quinta a 1 Clav. Andante,Variatio 15 Canone alla Quinta a 1 Clav. Andante,Johann Sebastian Bach - Pierre Hantai,Variations Goldberg,,
Entire_music/train/Baroque_secular_07/070545.mp3,Baroque secular,train,16 - Variation 15,Variation 15,Johann Sebastian Bach,The Goldberg Variations - Taniana Nikolayeva piano,,
Entire_music/train/Baroque_secular_07/070546.mp3,Baroque secular,train,16 - Variation XV A 1 Clav Canone Alla Quinta,Variation XV A 1 Clav Canone Alla Quinta,Keith Jarrett,Bach: Goldberg Variations,1989,
Entire_music/train/Baroque_secular_07/070547.mp3,Baroque secular,train,16 - Variation XV _ Canone alla quinta,Variation XV : Canone alla quinta,"LANDOWSKA, Wanda (1897-1959)",Goldberg Variations - Partita No.2 - Inventions,1951,
Entire_music/train/Baroque_secular_07/070548.mp3,Baroque secular,train,"16 6 Petits Preludes -- In C major, BWV 939","6 Petits Preludes -- In C major, BWV 939",Johann Sebastian Bach,"'Jesu, joy of Man's desiring"", Petites reludes du livres de W.F. Bach, PreludesItalian Concerto Etc. - Tipo",1991,Johann Sebastian Bach
Entire_music/train/Baroque_secular_07/070549.mp3,Baroque secular,train,"16 Fugue No. 8 In D-sharp Minor, BWV 853","Fugue No. 8 In D-sharp Minor, BWV 853",,Bach Clavicembalo 1,,Johann Sebastian Bach
Entire_music/train/Baroque_secular_07/070550.mp3,Baroque secular,train,16 Fugue No.8 in D-sharp minor,Fugue No.8 in D-sharp minor,,,,
Entire_music/train/Baroque_secular_07/070551.mp3,Baroque secular,train,,,,,,
Entire_music/train/Baroque_secular_07/070552.mp3,Baroque secular,train,,,,,,
Entire_music/val/Baroque_secular_07/070553.mp3,Baroque secular,val,16 Variatio 15 a 1 Clav. Canone alla Quinta. Andante,16 Variatio 15 a 1 Clav. Canone alla Quinta. Andante,Composer: J.S.Bach; Pianist: Glenn Gould,Goldberg Variations BWV 988,1982,
Entire_music/test/Baroque_secular_07/070554.mp3,Baroque secular,test,"16 di 45 Glenn Gould (piano) - Bach French Suites, BWV 812-817, Overture BWV 831, CD 1","French Suite No.3 in B Minor, BWV 814, IV.Menuett-Trio (Gould)",Glenn Gould (piano),"Bach: French Suites, BWV 812-817, Overture BWV 831, CD 1",,Bach
Entire_music/train/Baroque_secular_07/070555.mp3,Baroque secular,train,"16 di Johann Sebastian Bach - Das Wohltemperierte Klavier Teil 1, Disc 1",BWV 853 E flat minor - Fugue,Johann Sebastian Bach,"Das Wohltemperierte Klavier Teil 1, Disc 1",,Bach
Entire_music/val/Baroque_secular_07/070556.mp3,Baroque secular,val,"16 di Johann Sebastian Bach - Das Wohltemperierte Klavier Teil 2, Disc 1",BWV 877 E flat minor - Fugue,Bach,Das Wohltemperierte Klavier B2 (cd1),,Johann Sebastian Bach
Entire_music/train/Baroque_secular_07/070557.ape,Baroque secular,train,16.Variatio 15,Variatio 15,Andras Schiff,Goldberg Variations (J. S. Bach),,
Entire_music/train/Baroque_secular_07/070558.mp3,Baroque secular,train,17 - BWV 971.2,BWV 971.2,Adras Schiff,"Bach French Suites 5,6 Italian Concerto",1993,Johann Sebastian Bach
Entire_music/train/Baroque_secular_07/070559.mp3,Baroque secular,train,17 - BWV.788,BWV.788,Johann Sebastian Bach,Vol.1,,Johann Sebastian Bach
Entire_music/train/Baroque_secular_07/070560.mp3,Baroque secular,train,17 - Courante,Courante,Angela Hewitt,French Suites CD1,,JS Bach
Entire_music/train/Baroque_secular_07/070561.mp3,Baroque secular,train,17 - Gavotte I and II,Gavotte I and II,Angela Hewitt,The English Suites 2 JS Bach,2003,
Entire_music/test/Baroque_secular_07/070562.mp3,Baroque secular,test,17 - Gavotte I,Gavotte I,Angela Hewitt,French Suites CD2,1999,JS Bach
Entire_music/train/Baroque_secular_07/070563.mp3,Baroque secular,train,17 - Goldberg Variations BWV 988 - var. 16,Goldberg Variations BWV 988 - var. 16,Johann Sebastian Bach,Glenn Gould vol. 1,,Johann Sebastian Bach
Entire_music/train/Baroque_secular_07/070564.mp3,Baroque secular,train,17 - Goldberg-Variationen BWV 988 17 Variation XVI,Goldberg-Variationen BWV 988 17 Variation XVI,Martin Stadtfeld,Bach: Goldberg-Variationen,2003,Johann Sebastian Bach
Entire_music/train/Baroque_secular_07/070565.mp3,Baroque secular,train,17 - II Corrente,II Corrente,Luigi Ferdinando Tagliavini,L. F. Tagliavini And His Collection Of Harpsichords,1996,
Entire_music/train/Baroque_secular_07/070566.mp3,Baroque secular,train,17 - Invention 6 in E (BWV 777),Invention 6 in E (BWV 777),"Bach, J S",J. S. Bach: Two- and Three-Part Inventions BWV772-801,1964,Johann Sebastian Bach
Entire_music/val/Baroque_secular_07/070567.mp3,Baroque secular,val,"17 - Les Jongleurs,Sateurs et Satinbanquues","Les Jongleurs,Sateurs et Satinbanquues",varie,18 bth Century Hapsichord Works,,
Entire_music/train/Baroque_secular_07/070568.mp3,Baroque secular,train,17 - Sarabande et les argrements de la meme,Sarabande et les argrements de la meme,Angela Hewitt,The English Suites 1 JS Bach,2003,
Entire_music/train/Baroque_secular_07/070569.mp3,Baroque secular,train,17 - Symphonia part No. 1 In C Major,Symphonia part No. 1 In C Major,Wanda Landowska,BACH Landowska Recordings,1951,
Entire_music/train/Baroque_secular_07/070570.mp3,Baroque secular,train,17 - Variatio 16 (Ouverture),Variatio 16 (Ouverture),Ralph Kirkpatrick,The Complete 1950s Bach Recordings4,1958,
Entire_music/train/Baroque_secular_07/070571.mp3,Baroque secular,train,17 - Variatio 16 a 1 Clav. Ouverture (2),Variatio 16 a 1 Clav. Ouverture,Johann Sebastian Bach - Pierre Hantai,Variations Goldberg,,
Entire_music/train/Baroque_secular_07/070572.mp3,Baroque secular,train,17 - Variatio 16. Ouverture,Variatio 16. Ouverture.,Johann Sebastian Bach,J.S. Bach: Goldberg Variations Bmv988 - Konstantin Lifschitz,,
Entire_music/train/Baroque_secular_07/070573.mp3,Baroque secular,train,17 - Variation 16,Variation 16,Johann Sebastian Bach,The Goldberg Variations - Taniana Nikolayeva piano,,
Entire_music/val/Baroque_secular_07/070574.mp3,Baroque secular,val,17 - Variation XVI A 1 Clav Ouverture,Variation XVI A 1 Clav Ouverture,Keith Jarrett,Bach: Goldberg Variations,1989,
Entire_music/train/Baroque_secular_07/070575.mp3,Baroque secular,train,17 - Variation XVI _ Ouverture,Variation XVI : Ouverture,"LANDOWSKA, Wanda (1897-1959)",Goldberg Variations - Partita No.2 - Inventions,1951,
Entire_music/train/Baroque_secular_07/070576.mp3,Baroque secular,train,"17 6 Petits Preludes -- In D minor, BWV 940","6 Petits Preludes -- In D minor, BWV 940",Johann Sebastian Bach,"'Jesu, joy of Man's desiring"", Petites reludes du livres de W.F. Bach, PreludesItalian Concerto Etc. - Tipo",1991,Johann Sebastian Bach
Entire_music/val/Baroque_secular_07/070577.mp3,Baroque secular,val,"17 Prelude No. 9 In E Major, BWV 854","Prelude No. 9 In E Major, BWV 854",,Bach Clavicembalo 1,,Johann Sebastian Bach
Entire_music/train/Baroque_secular_07/070578.mp3,Baroque secular,train,17 Prelude No.9 in E major,Prelude No.9 in E major,Glenn Gould,Bach Clavicembalo II,,Bach
Entire_music/train/Baroque_secular_07/070579.mp3,Baroque secular,train,,,,,,
Entire_music/train/Baroque_secular_07/070580.mp3,Baroque secular,train,,,,,,
Entire_music/val/Baroque_secular_07/070581.mp3,Baroque secular,val,17 Variatio 16 a 1 Clav. Ouverture,17 Variatio 16 a 1 Clav. Ouverture,Composer: J.S.Bach; Pianist: Glenn Gould,Goldberg Variations BWV 988,1982,
Entire_music/train/Baroque_secular_07/070582.mp3,Baroque secular,train,"17 di 45 Glenn Gould (piano) - Bach French Suites, BWV 812-817, Overture BWV 831, CD 1","French Suite No.3 in B Minor, BWV 814, V.Anglaise (Gould)",Glenn Gould (piano),"Bach: French Suites, BWV 812-817, Overture BWV 831, CD 1",,Bach
Entire_music/val/Baroque_secular_07/070583.mp3,Baroque secular,val,"17 di Johann Sebastian Bach - Das Wohltemperierte Klavier Teil 1, Disc 1",BWV 854 E major - Prelude,Johann Sebastian Bach,"Das Wohltemperierte Klavier Teil 1, Disc 1",,Bach
Entire_music/train/Baroque_secular_07/070584.mp3,Baroque secular,train,"17 di Johann Sebastian Bach - Das Wohltemperierte Klavier Teil 2, Disc 1",BWV 878 E major - Prelude,Bach,Das Wohltemperierte Klavier B2 (cd1),,Johann Sebastian Bach
Entire_music/train/Baroque_secular_07/070585.ape,Baroque secular,train,17.Variatio 16,Variatio 16,Andras Schiff,Goldberg Variations (J. S. Bach),,
Entire_music/train/Baroque_secular_07/070586.mp3,Baroque secular,train,18 - BWV 971.3,BWV 971.3,Adras Schiff,"Bach French Suites 5,6 Italian Concerto",1993,Johann Sebastian Bach
Entire_music/train/Baroque_secular_07/070587.mp3,Baroque secular,train,18 - BWV.789,BWV.789,Johann Sebastian Bach,Vol.1,,Johann Sebastian Bach
Entire_music/train/Baroque_secular_07/070588.mp3,Baroque secular,train,"18 - Bach (JS)_ Goldberg Variations, BWV 988 - 17. Variation 17","Bach (JS): Goldberg Variations, BWV 988 - 17. Variation 17",Glenn Gould,"Bach (JS): Goldberg Variations, BWV 988",2003,Bach
Entire_music/train/Baroque_secular_07/070589.mp3,Baroque secular,train,18 - Gavotte I and II,Gavotte I and II,Angela Hewitt,The English Suites 1 JS Bach,2003,
Entire_music/train/Baroque_secular_07/070590.mp3,Baroque secular,train,18 - Gavotte II,Gavotte II,Angela Hewitt,French Suites CD2,1999,JS Bach
Entire_music/train/Baroque_secular_07/070591.mp3,Baroque secular,train,18 - Gigue,Gigue,Angela Hewitt,The English Suites 2 JS Bach,2003,
Entire_music/train/Baroque_secular_07/070592.mp3,Baroque secular,train,18 - Goldberg-Variationen BWV 988 18 Variation XVII,Goldberg-Variationen BWV 988 18 Variation XVII,Martin Stadtfeld,Bach: Goldberg-Variationen,2003,Johann Sebastian Bach
Entire_music/train/Baroque_secular_07/070593.mp3,Baroque secular,train,18 - Les Invalides;on gens Estropies,Les Invalides;on gens Estropies,varie,18 bth Century Hapsichord Works,,
Entire_music/test/Baroque_secular_07/070594.mp3,Baroque secular,test,18 - Sarabande,Sarabande,Angela Hewitt,French Suites CD1,,JS Bach
Entire_music/train/Baroque_secular_07/070595.mp3,Baroque secular,train,18 - Sinfonia 6 in E (BWV 792),Sinfonia 6 in E (BWV 792),"Bach, J S",J. S. Bach: Two- and Three-Part Inventions BWV772-801,1964,Johann Sebastian Bach
Entire_music/train/Baroque_secular_07/070596.mp3,Baroque secular,train,18 - Symphonia part No. 2 In C Minor,Symphonia part No. 2 In C Minor,Wanda Landowska,BACH Landowska Recordings,1951,
Entire_music/train/Baroque_secular_07/070597.mp3,Baroque secular,train,18 - Variatio 17 (A 2 Clav.),Variatio 17 (A 2 Clav.),Ralph Kirkpatrick,The Complete 1950s Bach Recordings4,1958,
Entire_music/train/Baroque_secular_07/070598.mp3,Baroque secular,train,18 - Variatio 17 a 2 Clav (2),Variatio 17 a 2 Clav.,Johann Sebastian Bach - Pierre Hantai,Variations Goldberg,,
Entire_music/train/Baroque_secular_07/070599.mp3,Baroque secular,train,18 - Variatio 17,Variatio 17.,Johann Sebastian Bach,J.S. Bach: Goldberg Variations Bmv988 - Konstantin Lifschitz,,
Entire_music/test/Baroque_secular_07/070600.mp3,Baroque secular,test,18 - Variation 17,Variation 17,Johann Sebastian Bach,The Goldberg Variations - Taniana Nikolayeva piano,,
Entire_music/train/Baroque_secular_07/070601.mp3,Baroque secular,train,18 - Variation XVII,Variation XVII,"LANDOWSKA, Wanda (1897-1959)",Goldberg Variations - Partita No.2 - Inventions,1951,
Entire_music/train/Baroque_secular_07/070602.mp3,Baroque secular,train,18 - Variation XVIi A 2 Clavier,Variation XVIi A 2 Clavier,Keith Jarrett,Bach: Goldberg Variations,1989,
Entire_music/train/Baroque_secular_07/070603.mp3,Baroque secular,train,"18 6 Petits Preludes -- In E minor, BWV 941","6 Petits Preludes -- In E minor, BWV 941",Johann Sebastian Bach,"'Jesu, joy of Man's desiring"", Petites reludes du livres de W.F. Bach, PreludesItalian Concerto Etc. - Tipo",1991,Johann Sebastian Bach
Entire_music/train/Baroque_secular_07/070604.mp3,Baroque secular,train,"18 Fugue No. 9 In E Major, BWV 854","Fugue No. 9 In E Major, BWV 854",,Bach Clavicembalo 1,,Johann Sebastian Bach
Entire_music/train/Baroque_secular_07/070605.mp3,Baroque secular,train,18 Fugue No.9 in E major,Fugue No.9 in E major,Glenn Gould,Bach Clavicembalo II,,Bach
Entire_music/train/Baroque_secular_07/070606.mp3,Baroque secular,train,,,,,,
Entire_music/train/Baroque_secular_07/070607.mp3,Baroque secular,train,,,,,,
Entire_music/val/Baroque_secular_07/070608.mp3,Baroque secular,val,18 Variatio 17 a 2 Clav,18 Variatio 17 a 2 Clav.,Composer: J.S.Bach; Pianist: Glenn Gould,Goldberg Variations BWV 988,1982,
Entire_music/train/Baroque_secular_07/070609.mp3,Baroque secular,train,"18 di 45 Glenn Gould (piano) - Bach French Suites, BWV 812-817, Overture BWV 831, CD 1","French Suite No.3 in B Minor, BWV 814, VI.Gigue (Gould)",Glenn Gould (piano),"Bach: French Suites, BWV 812-817, Overture BWV 831, CD 1",,Bach
Entire_music/val/Baroque_secular_07/070610.mp3,Baroque secular,val,"18 di Johann Sebastian Bach - Das Wohltemperierte Klavier Teil 1, Disc 1",BWV 854 E major - Fugue,Johann Sebastian Bach,"Das Wohltemperierte Klavier Teil 1, Disc 1",,Bach
Entire_music/train/Baroque_secular_07/070611.mp3,Baroque secular,train,"18 di Johann Sebastian Bach - Das Wohltemperierte Klavier Teil 2, Disc 1",BWV 878 E major - Fugue,Bach,Das Wohltemperierte Klavier B2 (cd1),,Johann Sebastian Bach
Entire_music/train/Baroque_secular_07/070612.ape,Baroque secular,train,18.Variatio 17,Variatio 17,Andras Schiff,Goldberg Variations (J. S. Bach),,
Entire_music/train/Baroque_secular_07/070613.mp3,Baroque secular,train,19 - Anglaise,Anglaise,Angela Hewitt,French Suites CD1,,JS Bach
Entire_music/train/Baroque_secular_07/070614.mp3,Baroque secular,train,19 - BWV.790,BWV.790,Johann Sebastian Bach,Vol.1,,Johann Sebastian Bach
Entire_music/train/Baroque_secular_07/070615.mp3,Baroque secular,train,"19 - Desordre,et deroute de tout la troupe","Desordre,et deroute de tout la troupe",varie,18 bth Century Hapsichord Works,,
Entire_music/train/Baroque_secular_07/070616.mp3,Baroque secular,train,19 - Gigue,Gigue,Angela Hewitt,The English Suites 1 JS Bach,2003,
Entire_music/train/Baroque_secular_07/070617.mp3,Baroque secular,train,19 - Goldberg Variations BWV 988 - var. 18,Goldberg Variations BWV 988 - var. 18,Johann Sebastian Bach,Glenn Gould vol. 1,,Johann Sebastian Bach
Entire_music/train/Baroque_secular_07/070618.mp3,Baroque secular,train,19 - Goldberg-Variationen BWV 988 19 Variation XVIII,Goldberg-Variationen BWV 988 19 Variation XVIII,Martin Stadtfeld,Bach: Goldberg-Variationen,2003,Johann Sebastian Bach
Entire_music/val/Baroque_secular_07/070619.mp3,Baroque secular,val,19 - Invention 13 in a (BWV 784),Invention 13 in a (BWV 784),"Bach, J S",J. S. Bach: Two- and Three-Part Inventions BWV772-801,1964,Johann Sebastian Bach
Entire_music/train/Baroque_secular_07/070620.mp3,Baroque secular,train,19 - Menuet,Menuet,Angela Hewitt,French Suites CD2,1999,JS Bach
Entire_music/train/Baroque_secular_07/070621.mp3,Baroque secular,train,19 - Symphonia part No. 5 In E Flat,Symphonia part No. 5 In E Flat,Wanda Landowska,BACH Landowska Recordings,1951,
Entire_music/train/Baroque_secular_07/070622.mp3,Baroque secular,train,19 - Variatio 18 (Canone Alla Sesta),Variatio 18 (Canone Alla Sesta),Ralph Kirkpatrick,The Complete 1950s Bach Recordings4,1958,
Entire_music/train/Baroque_secular_07/070623.mp3,Baroque secular,train,19 - Variatio 18 Canone alla Sesta a 1 Clav,Variatio 18 Canone alla Sesta a 1 Clav.,Johann Sebastian Bach - Pierre Hantai,Variations Goldberg,,
Entire_music/test/Baroque_secular_07/070624.mp3,Baroque secular,test,19 - Variatio 18. Canone Alla Sesta,Variatio 18. Canone Alla Sesta.,Johann Sebastian Bach,J.S. Bach: Goldberg Variations Bmv988 - Konstantin Lifschitz,,
Entire_music/train/Baroque_secular_07/070625.mp3,Baroque secular,train,19 - Variation 18,Variation 18,Johann Sebastian Bach,The Goldberg Variations - Taniana Nikolayeva piano,,
Entire_music/train/Baroque_secular_07/070626.mp3,Baroque secular,train,19 - Variation XVIII A 1 Clav Canone Alla Sesta,Variation XVIII A 1 Clav Canone Alla Sesta,Keith Jarrett,Bach: Goldberg Variations,1989,
Entire_music/train/Baroque_secular_07/070627.mp3,Baroque secular,train,19 - Variation XVIII _ Canone alla sesta,Variation XVIII : Canone alla sesta,"LANDOWSKA, Wanda (1897-1959)",Goldberg Variations - Partita No.2 - Inventions,1951,
Entire_music/train/Baroque_secular_07/070628.mp3,Baroque secular,train,"19 6 Petits Preludes -- In A minor, BWV 942","6 Petits Preludes -- In A minor, BWV 942",Johann Sebastian Bach,"'Jesu, joy of Man's desiring"", Petites reludes du livres de W.F. Bach, PreludesItalian Concerto Etc. - Tipo",1991,Johann Sebastian Bach
Entire_music/train/Baroque_secular_07/070629.mp3,Baroque secular,train,"19 Prelude No. 10 In E Minor, BWV 855","Prelude No. 10 In E Minor, BWV 855",,Bach Clavicembalo 1,,Johann Sebastian Bach
Entire_music/train/Baroque_secular_07/070630.mp3,Baroque secular,train,19 Prelude No.10 in E Minor,Prelude No.10 in E Minor,Glenn Gould,Bach Clavicembalo II,,Bach
Entire_music/train/Baroque_secular_07/070631.mp3,Baroque secular,train,,,,,,
Entire_music/train/Baroque_secular_07/070632.mp3,Baroque secular,train,,,,,,
Entire_music/val/Baroque_secular_07/070633.mp3,Baroque secular,val,19 Variatio 18 a 1 Clav. Canone alla Sesta,19 Variatio 18 a 1 Clav. Canone alla Sesta,Composer: J.S.Bach; Pianist: Glenn Gould,Goldberg Variations BWV 988,1982,
Entire_music/train/Baroque_secular_07/070634.mp3,Baroque secular,train,"19 di 45 Glenn Gould (piano) - Bach French Suites, BWV 812-817, Overture BWV 831, CD 1","French Suite No.4 in E Flat Major, BWV 815, I.Allemande (Gould)",Glenn Gould (piano),"Bach: French Suites, BWV 812-817, Overture BWV 831, CD 1",,Bach
Entire_music/train/Baroque_secular_07/070635.mp3,Baroque secular,train,"19 di Johann Sebastian Bach - Das Wohltemperierte Klavier Teil 1, Disc 1",BWV 855 E minor - Prelude,Johann Sebastian Bach,"Das Wohltemperierte Klavier Teil 1, Disc 1",,Bach
Entire_music/train/Baroque_secular_07/070636.mp3,Baroque secular,train,"19 di Johann Sebastian Bach - Das Wohltemperierte Klavier Teil 2, Disc 1",BWV 879 E minor - Prelude,Bach,Das Wohltemperierte Klavier B2 (cd1),,Johann Sebastian Bach
Entire_music/test/Baroque_secular_07/070637.ape,Baroque secular,test,19.Variatio 18,Variatio 18,Andras Schiff,Goldberg Variations (J. S. Bach),,
Entire_music/train/Baroque_secular_07/070638.mp3,Baroque secular,train,,,,,,
Entire_music/train/Baroque_secular_07/070639.mp3,Baroque secular,train,,,,,,
Entire_music/train/Baroque_secular_07/070640.mp3,Baroque secular,train,20 - Air,Air,Angela Hewitt,French Suites CD2,1999,JS Bach
Entire_music/train/Baroque_secular_07/070641.mp3,Baroque secular,train,20 - BWV.791,BWV.791,Johann Sebastian Bach,Vol.1,,Johann Sebastian Bach
Entire_music/train/Baroque_secular_07/070642.mp3,Baroque secular,train,"20 - Bach (JS)_ Goldberg Variations, BWV 988 - 19. Variation 19","Bach (JS): Goldberg Variations, BWV 988 - 19. Variation 19",Glenn Gould,"Bach (JS): Goldberg Variations, BWV 988",2003,Bach
Entire_music/train/Baroque_secular_07/070643.mp3,Baroque secular,train,20 - Four Arias - I. Aria,Four Arias - I. Aria,Luigi Ferdinando Tagliavini,L. F. Tagliavini And His Collection Of Harpsichords,1996,
Entire_music/train/Baroque_secular_07/070644.mp3,Baroque secular,train,20 - Goldberg-Variationen BWV 988 20 Variation XIX,Goldberg-Variationen BWV 988 20 Variation XIX,Martin Stadtfeld,Bach: Goldberg-Variationen,2003,Johann Sebastian Bach
Entire_music/train/Baroque_secular_07/070645.mp3,Baroque secular,train,20 - Händel.Preludium und Chaconne.HWV 442,Händel.Preludium und Chaconne.HWV 442,varie,18 bth Century Hapsichord Works,,Händel
Entire_music/train/Baroque_secular_07/070646.mp3,Baroque secular,train,20 - Menuet & Trio,Menuet & Trio,Angela Hewitt,French Suites CD1,,JS Bach
Entire_music/val/Baroque_secular_07/070647.mp3,Baroque secular,val,20 - Sinfonia 13 in a (BWV 799),Sinfonia 13 in a (BWV 799),"Bach, J S",J. S. Bach: Two- and Three-Part Inventions BWV772-801,1964,Johann Sebastian Bach
Entire_music/train/Baroque_secular_07/070648.mp3,Baroque secular,train,20 - Symphonia part No. 11 In G Minor,Symphonia part No. 11 In G Minor,Wanda Landowska,BACH Landowska Recordings,1951,
Entire_music/train/Baroque_secular_07/070649.mp3,Baroque secular,train,20 - Variatio 19 (2),Variatio 19.,Johann Sebastian Bach,J.S. Bach: Goldberg Variations Bmv988 - Konstantin Lifschitz,,
Entire_music/val/Baroque_secular_07/070650.mp3,Baroque secular,val,20 - Variatio 19 a 1 Clav (2),Variatio 19 a 1 Clav.,Johann Sebastian Bach - Pierre Hantai,Variations Goldberg,,
Entire_music/train/Baroque_secular_07/070651.mp3,Baroque secular,train,20 - Variatio 19,Variatio 19,Ralph Kirkpatrick,The Complete 1950s Bach Recordings4,1958,
Entire_music/train/Baroque_secular_07/070652.mp3,Baroque secular,train,20 - Variation 19,Variation 19,Johann Sebastian Bach,The Goldberg Variations - Taniana Nikolayeva piano,,
Entire_music/train/Baroque_secular_07/070653.mp3,Baroque secular,train,20 - Variation XIX A 1 Clavier,Variation XIX A 1 Clavier,Keith Jarrett,Bach: Goldberg Variations,1989,
Entire_music/train/Baroque_secular_07/070654.mp3,Baroque secular,train,20 - Variation XIX,Variation XIX,"LANDOWSKA, Wanda (1897-1959)",Goldberg Variations - Partita No.2 - Inventions,1951,
Entire_music/test/Baroque_secular_07/070655.mp3,Baroque secular,test,"20 6 Petits Preludes -- In C major, BWV 943","6 Petits Preludes -- In C major, BWV 943",Johann Sebastian Bach,"'Jesu, joy of Man's desiring"", Petites reludes du livres de W.F. Bach, PreludesItalian Concerto Etc. - Tipo",1991,Johann Sebastian Bach
Entire_music/train/Baroque_secular_07/070656.mp3,Baroque secular,train,"20 Fugue No. 10 In E Minor, BWV 855","Fugue No. 10 In E Minor, BWV 855",,Bach Clavicembalo 1,,Johann Sebastian Bach
Entire_music/train/Baroque_secular_07/070657.mp3,Baroque secular,train,20 Fugue No.10 in E Minor,Fugue No.10 in E Minor,Glenn Gould,Bach Clavicembalo II,,Bach
Entire_music/val/Baroque_secular_07/070658.mp3,Baroque secular,val,,,,,,
Entire_music/train/Baroque_secular_07/070659.mp3,Baroque secular,train,,,,,,
Entire_music/val/Baroque_secular_07/070660.mp3,Baroque secular,val,20 Variatio 19 a 1 Clav,20 Variatio 19 a 1 Clav.,Composer: J.S.Bach; Pianist: Glenn Gould,Goldberg Variations BWV 988,1982,
Entire_music/train/Baroque_secular_07/070661.mp3,Baroque secular,train,"20 di 45 Glenn Gould (piano) - Bach French Suites, BWV 812-817, Overture BWV 831, CD 1","French Suite No.4 in E Flat Major, BWV 815, II.Courante (Gould)",Glenn Gould (piano),"Bach: French Suites, BWV 812-817, Overture BWV 831, CD 1",,Bach
Entire_music/test/Baroque_secular_07/070662.mp3,Baroque secular,test,"20 di Johann Sebastian Bach - Das Wohltemperierte Klavier Teil 1, Disc 1",BWV 855 E minor - Fugue,Johann Sebastian Bach,"Das Wohltemperierte Klavier Teil 1, Disc 1",,Bach
Entire_music/train/Baroque_secular_07/070663.mp3,Baroque secular,train,"20 di Johann Sebastian Bach - Das Wohltemperierte Klavier Teil 2, Disc 1",BWV 879 E minor - Fugue,Bach,Das Wohltemperierte Klavier B2 (cd1),,Johann Sebastian Bach
Entire_music/test/Baroque_secular_07/070664.ape,Baroque secular,test,20.Variatio 19,Variatio 19,Andras Schiff,Goldberg Variations (J. S. Bach),,
Entire_music/train/Baroque_secular_07/070665.mp3,Baroque secular,train,21 - Air A dur.HWV 468,Air A dur.HWV 468,varie,18 bth Century Hapsichord Works,,
Entire_music/train/Baroque_secular_07/070666.mp3,Baroque secular,train,21 - BWV.792,BWV.792,Johann Sebastian Bach,Vol.1,,Johann Sebastian Bach
Entire_music/train/Baroque_secular_07/070667.mp3,Baroque secular,train,"21 - Bach (JS)_ Goldberg Variations, BWV 988 - 20. Variation 20","Bach (JS): Goldberg Variations, BWV 988 - 20. Variation 20",Glenn Gould,"Bach (JS): Goldberg Variations, BWV 988",2003,Bach
Entire_music/test/Baroque_secular_07/070668.mp3,Baroque secular,test,21 - Four Arias - II. Aria,Four Arias - II. Aria,Luigi Ferdinando Tagliavini,L. F. Tagliavini And His Collection Of Harpsichords,1996,
Entire_music/train/Baroque_secular_07/070669.mp3,Baroque secular,train,21 - Gigue (2),Gigue,Angela Hewitt,French Suites CD2,1999,JS Bach
Entire_music/train/Baroque_secular_07/070670.mp3,Baroque secular,train,21 - Gigue,Gigue,Angela Hewitt,French Suites CD1,,JS Bach
Entire_music/train/Baroque_secular_07/070671.mp3,Baroque secular,train,21 - Goldberg-Variationen BWV 988 21 Variation XX,Goldberg-Variationen BWV 988 21 Variation XX,Martin Stadtfeld,Bach: Goldberg-Variationen,2003,Johann Sebastian Bach
Entire_music/train/Baroque_secular_07/070672.mp3,Baroque secular,train,21 - Invention 12 in A (BWV 783),Invention 12 in A (BWV 783),"Bach, J S",J. S. Bach: Two- and Three-Part Inventions BWV772-801,1964,Johann Sebastian Bach
Entire_music/train/Baroque_secular_07/070673.mp3,Baroque secular,train,21 - Symphonia part No. 13 In A Minor,Symphonia part No. 13 In A Minor,Wanda Landowska,BACH Landowska Recordings,1951,
Entire_music/train/Baroque_secular_07/070674.mp3,Baroque secular,train,21 - Variatio 20 (A 2 Clav.),Variatio 20 (A 2 Clav.),Ralph Kirkpatrick,The Complete 1950s Bach Recordings4,1958,
Entire_music/train/Baroque_secular_07/070675.mp3,Baroque secular,train,21 - Variatio 20 a 2 Clav (2),Variatio 20 a 2 Clav.,Johann Sebastian Bach - Pierre Hantai,Variations Goldberg,,
Entire_music/train/Baroque_secular_07/070676.mp3,Baroque secular,train,21 - Variatio 20,Variatio 20.,Johann Sebastian Bach,J.S. Bach: Goldberg Variations Bmv988 - Konstantin Lifschitz,,
Entire_music/train/Baroque_secular_07/070677.mp3,Baroque secular,train,21 - Variation 20,Variation 20,Johann Sebastian Bach,The Goldberg Variations - Taniana Nikolayeva piano,,
Entire_music/train/Baroque_secular_07/070678.mp3,Baroque secular,train,21 - Variation XX A 2 Clavier,Variation XX A 2 Clavier,Keith Jarrett,Bach: Goldberg Variations,1989,
Entire_music/train/Baroque_secular_07/070679.mp3,Baroque secular,train,21 - Variation XX,Variation XX,"LANDOWSKA, Wanda (1897-1959)",Goldberg Variations - Partita No.2 - Inventions,1951,
Entire_music/test/Baroque_secular_07/070680.mp3,Baroque secular,test,"21 6 Petits Preludes -- In C minor, BWV 944","6 Petits Preludes -- In C minor, BWV 944",Johann Sebastian Bach,"'Jesu, joy of Man's desiring"", Petites reludes du livres de W.F. Bach, PreludesItalian Concerto Etc. - Tipo",1991,Johann Sebastian Bach
Entire_music/train/Baroque_secular_07/070681.mp3,Baroque secular,train,"21 Prelude No. 11 In F Major, BWV 856","Prelude No. 11 In F Major, BWV 856",,Bach Clavicembalo 1,,Johann Sebastian Bach
Entire_music/train/Baroque_secular_07/070682.mp3,Baroque secular,train,21 Prelude No.11 in F major,Prelude No.11 in F major,Glenn Gould,Bach Clavicembalo II,,Bach
Entire_music/train/Baroque_secular_07/070683.mp3,Baroque secular,train,,,,,,
Entire_music/train/Baroque_secular_07/070684.mp3,Baroque secular,train,,,,,,
Entire_music/val/Baroque_secular_07/070685.mp3,Baroque secular,val,21 Variatio 20 a 2 Clav,21 Variatio 20 a 2 Clav.,Composer: J.S.Bach; Pianist: Glenn Gould,Goldberg Variations BWV 988,1982,
Entire_music/train/Baroque_secular_07/070686.mp3,Baroque secular,train,"21 di 45 Glenn Gould (piano) - Bach French Suites, BWV 812-817, Overture BWV 831, CD 1","French Suite No.4 in E Flat Major, BWV 815, III.Sarabande (Gould)",Glenn Gould (piano),"Bach: French Suites, BWV 812-817, Overture BWV 831, CD 1",,Bach
Entire_music/train/Baroque_secular_07/070687.mp3,Baroque secular,train,"21 di Johann Sebastian Bach - Das Wohltemperierte Klavier Teil 1, Disc 1",BWV 856 F major - Prelude,Johann Sebastian Bach,"Das Wohltemperierte Klavier Teil 1, Disc 1",,Bach
Entire_music/train/Baroque_secular_07/070688.mp3,Baroque secular,train,"21 di Johann Sebastian Bach - Das Wohltemperierte Klavier Teil 2, Disc 1",BWV 880 F major - Prelude,Bach,Das Wohltemperierte Klavier B2 (cd1),,Johann Sebastian Bach
Entire_music/train/Baroque_secular_07/070689.ape,Baroque secular,train,21.Variatio 20,Variatio 20,Andras Schiff,Goldberg Variations (J. S. Bach),,
Entire_music/train/Baroque_secular_07/070690.mp3,Baroque secular,train,22 - BWV.793,BWV.793,Johann Sebastian Bach,Vol.1,,Johann Sebastian Bach
Entire_music/train/Baroque_secular_07/070691.mp3,Baroque secular,train,22 - Four Arias - III. Aria,Four Arias - III. Aria,Luigi Ferdinando Tagliavini,L. F. Tagliavini And His Collection Of Harpsichords,1996,
Entire_music/train/Baroque_secular_07/070692.mp3,Baroque secular,train,"22 - French Suite No5 in G, BWV 816, Allemande","French Suite No5 in G, BWV 816, Allemande",Angela Hewitt,French Suites CD2,1999,JS Bach
Entire_music/test/Baroque_secular_07/070693.mp3,Baroque secular,test,22 - Goldberg Variations BWV 988 - var. 21,Goldberg Variations BWV 988 - var. 21,Johann Sebastian Bach,Glenn Gould vol. 1,,Johann Sebastian Bach
Entire_music/train/Baroque_secular_07/070694.mp3,Baroque secular,train,22 - Goldberg-Variationen BWV 988 22 Variation XXI,Goldberg-Variationen BWV 988 22 Variation XXI,Martin Stadtfeld,Bach: Goldberg-Variationen,2003,Johann Sebastian Bach
Entire_music/train/Baroque_secular_07/070695.mp3,Baroque secular,train,22 - Sinfonia 12 in A (BWV 798),Sinfonia 12 in A (BWV 798),"Bach, J S",J. S. Bach: Two- and Three-Part Inventions BWV772-801,1964,Johann Sebastian Bach
Entire_music/train/Baroque_secular_07/070696.mp3,Baroque secular,train,"22 - Six Little Preludes, Prelude in C, BWV 924","Six Little Preludes,  Prelude in C, BWV 924",Angela Hewitt,French Suites CD1,,JS Bach
Entire_music/train/Baroque_secular_07/070697.mp3,Baroque secular,train,22 - Sonata C dur.HWV 577,Sonata C dur.HWV 577,varie,18 bth Century Hapsichord Works,,
Entire_music/train/Baroque_secular_07/070698.mp3,Baroque secular,train,22 - Symphonia part No. 14 In B Flat,Symphonia part No. 14 In B Flat,Wanda Landowska,BACH Landowska Recordings,1951,
Entire_music/train/Baroque_secular_07/070699.mp3,Baroque secular,train,22 - Variatio 21 (Canone Alla Settima),Variatio 21 (Canone Alla Settima),Ralph Kirkpatrick,The Complete 1950s Bach Recordings4,1958,
Entire_music/train/Baroque_secular_07/070700.mp3,Baroque secular,train,22 - Variatio 21 Canone alla Settima,Variatio 21 Canone alla Settima,Johann Sebastian Bach - Pierre Hantai,Variations Goldberg,,
Entire_music/train/Baroque_secular_07/070701.mp3,Baroque secular,train,22 - Variatio 21. Canone Alta Settima,Variatio 21. Canone Alta Settima.,Johann Sebastian Bach,J.S. Bach: Goldberg Variations Bmv988 - Konstantin Lifschitz,,
Entire_music/train/Baroque_secular_07/070702.mp3,Baroque secular,train,22 - Variation 21,Variation 21,Johann Sebastian Bach,The Goldberg Variations - Taniana Nikolayeva piano,,
Entire_music/test/Baroque_secular_07/070703.mp3,Baroque secular,test,22 - Variation XXI Canone Alla Settima,Variation XXI Canone Alla Settima,Keith Jarrett,Bach: Goldberg Variations,1989,
Entire_music/train/Baroque_secular_07/070704.mp3,Baroque secular,train,22 - Variation XXI _ Canone alla settima,Variation XXI : Canone alla settima,"LANDOWSKA, Wanda (1897-1959)",Goldberg Variations - Partita No.2 - Inventions,1951,
Entire_music/test/Baroque_secular_07/070705.mp3,Baroque secular,test,"22 Fugue No. 11 In F Major, BWV 856","Fugue No. 11 In F Major, BWV 856",,Bach Clavicembalo 1,,Johann Sebastian Bach
Entire_music/train/Baroque_secular_07/070706.mp3,Baroque secular,train,22 Fugue No.11 in F major,Fugue No.11 in F major,Glenn Gould,Bach Clavicembalo II,,Bach
Entire_music/train/Baroque_secular_07/070707.mp3,Baroque secular,train,"22 Petits Fugues et Preludes avec Fuguettes -- Fuguette in C minor, BWV 961","Petits Fugues et Preludes avec Fuguettes -- Fuguette in C minor, BWV 961",Johann Sebastian Bach,"'Jesu, joy of Man's desiring"", Petites reludes du livres de W.F. Bach, PreludesItalian Concerto Etc. - Tipo",1991,Johann Sebastian Bach
Entire_music/train/Baroque_secular_07/070708.mp3,Baroque secular,train,,,,,,
Entire_music/train/Baroque_secular_07/070709.mp3,Baroque secular,train,,,,,,
Entire_music/val/Baroque_secular_07/070710.mp3,Baroque secular,val,22 Variatio 21. Canone alla Settima,22 Variatio 21. Canone alla Settima,Composer: J.S.Bach; Pianist: Glenn Gould,Goldberg Variations BWV 988,1982,
Entire_music/train/Baroque_secular_07/070711.mp3,Baroque secular,train,"22 di 45 Glenn Gould (piano) - Bach French Suites, BWV 812-817, Overture BWV 831, CD 1","French Suite No.4 in E Flat Major, BWV 815, IV.Menuett (Gould)",Glenn Gould (piano),"Bach: French Suites, BWV 812-817, Overture BWV 831, CD 1",,Bach
Entire_music/train/Baroque_secular_07/070712.mp3,Baroque secular,train,"22 di Johann Sebastian Bach - Das Wohltemperierte Klavier Teil 1, Disc 1",BWV 856 F major - Fugue,Johann Sebastian Bach,"Das Wohltemperierte Klavier Teil 1, Disc 1",,Bach
Entire_music/train/Baroque_secular_07/070713.mp3,Baroque secular,train,"22 di Johann Sebastian Bach - Das Wohltemperierte Klavier Teil 2, Disc 1",BWV 880 F major - Fugue,Bach,Das Wohltemperierte Klavier B2 (cd1),,Johann Sebastian Bach
Entire_music/train/Baroque_secular_07/070714.ape,Baroque secular,train,22.Variatio 21,Variatio 21,Andras Schiff,Goldberg Variations (J. S. Bach),,
Entire_music/train/Baroque_secular_07/070715.mp3,Baroque secular,train,23 - BWV.794,BWV.794,Johann Sebastian Bach,Vol.1,,Johann Sebastian Bach
Entire_music/train/Baroque_secular_07/070716.mp3,Baroque secular,train,23 - Courante,Courante,Angela Hewitt,French Suites CD2,1999,JS Bach
Entire_music/train/Baroque_secular_07/070717.mp3,Baroque secular,train,23 - Fantaisie HWV 490,Fantaisie HWV 490,varie,18 bth Century Hapsichord Works,,
Entire_music/train/Baroque_secular_07/070718.mp3,Baroque secular,train,23 - Four Arias - IV. Aria,Four Arias - IV. Aria,Luigi Ferdinando Tagliavini,L. F. Tagliavini And His Collection Of Harpsichords,1996,
Entire_music/train/Baroque_secular_07/070719.mp3,Baroque secular,train,23 - Goldberg Variations BWV 988 - var. 22,Goldberg Variations BWV 988 - var. 22,Johann Sebastian Bach,Glenn Gould vol. 1,,Johann Sebastian Bach
Entire_music/train/Baroque_secular_07/070720.mp3,Baroque secular,train,23 - Goldberg-Variationen BWV 988 23 Variation XXII,Goldberg-Variationen BWV 988 23 Variation XXII,Martin Stadtfeld,Bach: Goldberg-Variationen,2003,Johann Sebastian Bach
Entire_music/train/Baroque_secular_07/070721.mp3,Baroque secular,train,23 - Invention 3 in D (BWV 774),Invention 3 in D (BWV 774),"Bach, J S",J. S. Bach: Two- and Three-Part Inventions BWV772-801,1964,Johann Sebastian Bach
Entire_music/train/Baroque_secular_07/070722.mp3,Baroque secular,train,"23 - Prelude in g, BWV930","Prelude in g, BWV930",Angela Hewitt,French Suites CD1,,JS Bach
Entire_music/train/Baroque_secular_07/070723.mp3,Baroque secular,train,23 - Symphonia part No. 15 In B Minor,Symphonia part No. 15 In B Minor,Wanda Landowska,BACH Landowska Recordings,1951,
Entire_music/train/Baroque_secular_07/070724.mp3,Baroque secular,train,23 - Variatio 22 a 1 Clav. Alla breve (2),Variatio 22 a 1 Clav. Alla breve,Johann Sebastian Bach - Pierre Hantai,Variations Goldberg,,
Entire_music/train/Baroque_secular_07/070725.mp3,Baroque secular,train,23 - Variatio 22. Alla Breve,Variatio 22. Alla Breve.,Johann Sebastian Bach,J.S. Bach: Goldberg Variations Bmv988 - Konstantin Lifschitz,,
Entire_music/train/Baroque_secular_07/070726.mp3,Baroque secular,train,23 - Variatio 22,Variatio 22,Ralph Kirkpatrick,The Complete 1950s Bach Recordings4,1958,
Entire_music/train/Baroque_secular_07/070727.mp3,Baroque secular,train,23 - Variation 22,Variation 22,Johann Sebastian Bach,The Goldberg Variations - Taniana Nikolayeva piano,1997,Johann Sebastian Bach
Entire_music/train/Baroque_secular_07/070728.mp3,Baroque secular,train,23 - Variation XXII,Variation XXII,"LANDOWSKA, Wanda (1897-1959)",Goldberg Variations - Partita No.2 - Inventions,1951,
Entire_music/train/Baroque_secular_07/070729.mp3,Baroque secular,train,23 - Variation Xxii A 1 Clav Alla Breve,Variation Xxii A 1 Clav Alla Breve,Keith Jarrett,Bach: Goldberg Variations,1989,
Entire_music/train/Baroque_secular_07/070730.mp3,Baroque secular,train,"23 Peitis Fugues et Preludes avec Fuguettes -- Fugue in C major, BWV 952","Peitis Fugues et Preludes avec Fuguettes -- Fugue in C major, BWV 952",Johann Sebastian Bach,"'Jesu, joy of Man's desiring"", Petites reludes du livres de W.F. Bach, PreludesItalian Concerto Etc. - Tipo",1991,Johann Sebastian Bach
Entire_music/train/Baroque_secular_07/070731.mp3,Baroque secular,train,"23 Prelude No. 12 In F Minor, BWV 857","Prelude No. 12 In F Minor, BWV 857",,Bach Clavicembalo 1,,Johann Sebastian Bach
Entire_music/train/Baroque_secular_07/070732.mp3,Baroque secular,train,23 Prelude No.12 in F minor,Prelude No.12 in F minor,Glenn Gould,Bach Clavicembalo II,,Bach
Entire_music/val/Baroque_secular_07/070733.mp3,Baroque secular,val,,,,,,
Entire_music/train/Baroque_secular_07/070734.mp3,Baroque secular,train,,,,,,
Entire_music/val/Baroque_secular_07/070735.mp3,Baroque secular,val,23 Variatio 22 a 1 Clav. Alla breve,23 Variatio 22 a 1 Clav. Alla breve,Composer: J.S.Bach; Pianist: Glenn Gould,Goldberg Variations BWV 988,1982,
Entire_music/test/Baroque_secular_07/070736.mp3,Baroque secular,test,"23 di 45 Glenn Gould (piano) - Bach French Suites, BWV 812-817, Overture BWV 831, CD 1","French Suite No.4 in E Flat Major, BWV 815, V.Gavotte (Gould)",Glenn Gould (piano),"Bach: French Suites, BWV 812-817, Overture BWV 831, CD 1",,Bach
Entire_music/train/Baroque_secular_07/070737.mp3,Baroque secular,train,"23 di Johann Sebastian Bach - Das Wohltemperierte Klavier Teil 1, Disc 1",BWV 857 F minor - Prelude,Johann Sebastian Bach,"Das Wohltemperierte Klavier Teil 1, Disc 1",,Bach
Entire_music/train/Baroque_secular_07/070738.mp3,Baroque secular,train,"23 di Johann Sebastian Bach - Das Wohltemperierte Klavier Teil 2, Disc 1",BWV 881 F minor - Prelude,Bach,Das Wohltemperierte Klavier B2 (cd1),,Johann Sebastian Bach
Entire_music/train/Baroque_secular_07/070739.ape,Baroque secular,train,23.Variatio 22,Variatio 22,Andras Schiff,Goldberg Variations (J. S. Bach),,
Entire_music/train/Baroque_secular_07/070740.mp3,Baroque secular,train,24 - BWV.795,BWV.795,Johann Sebastian Bach,Vol.1,,Johann Sebastian Bach
Entire_music/train/Baroque_secular_07/070741.mp3,Baroque secular,train,"24 - Bach (JS)_ Goldberg Variations, BWV 988 - 23. Variation 23","Bach (JS): Goldberg Variations, BWV 988 - 23. Variation 23",Glenn Gould,"Bach (JS): Goldberg Variations, BWV 988",2003,Bach
Entire_music/train/Baroque_secular_07/070742.mp3,Baroque secular,train,24 - Capriccio BWV 992_ Arioso,Capriccio BWV 992: Arioso,Wanda Landowska,BACH Landowska Recordings,1951,Johann Sebastian Bach
Entire_music/train/Baroque_secular_07/070743.mp3,Baroque secular,train,24 - Goldberg-Variationen BWV 988 24 Variation XXIII,Goldberg-Variationen BWV 988 24 Variation XXIII,Martin Stadtfeld,Bach: Goldberg-Variationen,2003,Johann Sebastian Bach
Entire_music/train/Baroque_secular_07/070744.mp3,Baroque secular,train,"24 - Prelude in D, BWV925","Prelude in D, BWV925",Angela Hewitt,French Suites CD1,,JS Bach
Entire_music/train/Baroque_secular_07/070745.mp3,Baroque secular,train,24 - Präludium und Allegro g moll,Präludium und Allegro g moll,varie,18 bth Century Hapsichord Works,,
Entire_music/train/Baroque_secular_07/070746.mp3,Baroque secular,train,24 - Sarabande,Sarabande,Angela Hewitt,French Suites CD2,1999,JS Bach
Entire_music/test/Baroque_secular_07/070747.mp3,Baroque secular,test,24 - Sinfonia 3 in D (BWV 789),Sinfonia 3 in D (BWV 789),"Bach, J S",J. S. Bach: Two- and Three-Part Inventions BWV772-801,1964,Johann Sebastian Bach
Entire_music/train/Baroque_secular_07/070748.mp3,Baroque secular,train,24 - Sonata (_Suite_) In A Minor - I. Allemanda,"Sonata (""Suite"") In A Minor - I. Allemanda",Luigi Ferdinando Tagliavini,L. F. Tagliavini And His Collection Of Harpsichords,1996,
Entire_music/train/Baroque_secular_07/070749.mp3,Baroque secular,train,24 - Variatio 23 (A 2 Clav.),Variatio 23 (A 2 Clav.),Ralph Kirkpatrick,The Complete 1950s Bach Recordings4,1958,
Entire_music/train/Baroque_secular_07/070750.mp3,Baroque secular,train,24 - Variatio 23 a 2 Clav (2),Variatio 23 a 2 Clav.,Johann Sebastian Bach - Pierre Hantai,Variations Goldberg,,
Entire_music/val/Baroque_secular_07/070751.mp3,Baroque secular,val,24 - Variatio 23,Variatio 23.,Johann Sebastian Bach,J.S. Bach: Goldberg Variations Bmv988 - Konstantin Lifschitz,,
Entire_music/test/Baroque_secular_07/070752.mp3,Baroque secular,test,24 - Variation 23,Variation 23,Johann Sebastian Bach,The Goldberg Variations - Taniana Nikolayeva piano,,
Entire_music/train/Baroque_secular_07/070753.mp3,Baroque secular,train,24 - Variation XXIII,Variation XXIII,"LANDOWSKA, Wanda (1897-1959)",Goldberg Variations - Partita No.2 - Inventions,1951,
Entire_music/train/Baroque_secular_07/070754.mp3,Baroque secular,train,24 - Variation Xxiii A 2 Clavier,Variation Xxiii A 2 Clavier,Keith Jarrett,Bach: Goldberg Variations,1989,
Entire_music/train/Baroque_secular_07/070755.mp3,Baroque secular,train,"24 Fugue No. 12 In F Minor, BWV 857","Fugue No. 12 In F Minor, BWV 857",,Bach Clavicembalo 1,,Johann Sebastian Bach
Entire_music/train/Baroque_secular_07/070756.mp3,Baroque secular,train,24 Fugue No.12 in F minor,Fugue No.12 in F minor,Glenn Gould,Bach Clavicembalo II,,Bach
Entire_music/train/Baroque_secular_07/070757.mp3,Baroque secular,train,"24 Petits Fugues et Preludes avec Fuguettes -- Fugue in C major, BWV 953","Petits Fugues et Preludes avec Fuguettes -- Fugue in C major, BWV 953",Johann Sebastian Bach,"'Jesu, joy of Man's desiring"", Petites reludes du livres de W.F. Bach, PreludesItalian Concerto Etc. - Tipo",1991,Johann Sebastian Bach
Entire_music/train/Baroque_secular_07/070758.mp3,Baroque secular,train,,,,,,
Entire_music/train/Baroque_secular_07/070759.mp3,Baroque secular,train,,,,,,
Entire_music/val/Baroque_secular_07/070760.mp3,Baroque secular,val,24 Variatio 23 a 2 Clav,24 Variatio 23 a 2 Clav.,Composer: J.S.Bach; Pianist: Glenn Gould,Goldberg Variations BWV 988,1982,
Entire_music/test/Baroque_secular_07/070761.mp3,Baroque secular,test,"24 di 45 Glenn Gould (piano) - Bach French Suites, BWV 812-817, Overture BWV 831, CD 1","French Suite No.4 in E Flat Major, BWV 815, VI.Air (Gould)",Glenn Gould (piano),"Bach: French Suites, BWV 812-817, Overture BWV 831, CD 1",,Bach
Entire_music/test/Baroque_secular_07/070762.mp3,Baroque secular,test,"24 di Johann Sebastian Bach - Das Wohltemperierte Klavier Teil 1, Disc 1",BWV 857 F minor - Fugue,Johann Sebastian Bach,"Das Wohltemperierte Klavier Teil 1, Disc 1",,Bach
Entire_music/train/Baroque_secular_07/070763.mp3,Baroque secular,train,"24 di Johann Sebastian Bach - Das Wohltemperierte Klavier Teil 2, Disc 1",BWV 881 F minor - Fugue,Bach,Das Wohltemperierte Klavier B2 (cd1),,Johann Sebastian Bach
Entire_music/train/Baroque_secular_07/070764.ape,Baroque secular,train,24.Variatio 23,Variatio 23,Andras Schiff,Goldberg Variations (J. S. Bach),,
Entire_music/train/Baroque_secular_07/070765.mp3,Baroque secular,train,25 - BWV.796,BWV.796,Johann Sebastian Bach,Vol.1,,Johann Sebastian Bach
Entire_music/train/Baroque_secular_07/070766.mp3,Baroque secular,train,25 - Capriccio BWV 992_ Andante (Fugato),Capriccio BWV 992: Andante (Fugato),Wanda Landowska,BACH Landowska Recordings,1951,Johann Sebastian Bach
Entire_music/train/Baroque_secular_07/070767.mp3,Baroque secular,train,25 - Gavotte,Gavotte,Angela Hewitt,French Suites CD2,1999,JS Bach
Entire_music/train/Baroque_secular_07/070768.mp3,Baroque secular,train,25 - Goldberg Variations BWV 988 - var. 24,Goldberg Variations BWV 988 - var. 24,Johann Sebastian Bach,Glenn Gould vol. 1,,Johann Sebastian Bach
Entire_music/val/Baroque_secular_07/070769.mp3,Baroque secular,val,25 - Goldberg-Variationen BWV 988 25 Variation XXIV,Goldberg-Variationen BWV 988 25 Variation XXIV,Martin Stadtfeld,Bach: Goldberg-Variationen,2003,Johann Sebastian Bach
Entire_music/train/Baroque_secular_07/070770.mp3,Baroque secular,train,25 - Invention 4 in d (BWV 775),Invention 4 in d (BWV 775),"Bach, J S",J. S. Bach: Two- and Three-Part Inventions BWV772-801,1964,Johann Sebastian Bach
Entire_music/test/Baroque_secular_07/070771.mp3,Baroque secular,test,"25 - Prelude in d, BWV926","Prelude in d, BWV926",Angela Hewitt,French Suites CD1,,JS Bach
Entire_music/train/Baroque_secular_07/070772.mp3,Baroque secular,train,25 - Sonata (_Suite_) In A Minor - II. Corrente,"Sonata (""Suite"") In A Minor - II. Corrente",Luigi Ferdinando Tagliavini,L. F. Tagliavini And His Collection Of Harpsichords,1996,
Entire_music/train/Baroque_secular_07/070773.mp3,Baroque secular,train,25 - Variatio 24 (Canone all'Ottava),Variatio 24 (Canone all'Ottava),Ralph Kirkpatrick,The Complete 1950s Bach Recordings4,1958,
Entire_music/train/Baroque_secular_07/070774.mp3,Baroque secular,train,25 - Variatio 24 Canone all'Ottava a 1 Clav,Variatio 24 Canone all'Ottava a 1 Clav.,Johann Sebastian Bach - Pierre Hantai,Variations Goldberg,,
Entire_music/train/Baroque_secular_07/070775.mp3,Baroque secular,train,25 - Variatio 24. Canone All'Ottava,Variatio 24. Canone All'Ottava.,Johann Sebastian Bach,J.S. Bach: Goldberg Variations Bmv988 - Konstantin Lifschitz,,
Entire_music/train/Baroque_secular_07/070776.mp3,Baroque secular,train,25 - Variation 24,Variation 24,Johann Sebastian Bach,The Goldberg Variations - Taniana Nikolayeva piano,,
Entire_music/train/Baroque_secular_07/070777.mp3,Baroque secular,train,25 - Variation XXIV _ Canone alla ottava,Variation XXIV : Canone alla ottava,"LANDOWSKA, Wanda (1897-1959)",Goldberg Variations - Partita No.2 - Inventions,1951,
Entire_music/train/Baroque_secular_07/070778.mp3,Baroque secular,train,25 - Variation Xxiv A 1 Clav Canone all'Ottava,Variation Xxiv A 1 Clav Canone all'Ottava,Keith Jarrett,Bach: Goldberg Variations,1989,
Entire_music/test/Baroque_secular_07/070779.mp3,Baroque secular,test,"25 Petits Fugues et Preludes avec Fuguettes -- Prelude in G major, BWV 902a","Petits Fugues et Preludes avec Fuguettes -- Prelude in G major, BWV 902a",Johann Sebastian Bach,"'Jesu, joy of Man's desiring"", Petites reludes du livres de W.F. Bach, PreludesItalian Concerto Etc. - Tipo",1991,Johann Sebastian Bach
Entire_music/train/Baroque_secular_07/070780.mp3,Baroque secular,train,"25 Prelude No.13 in F-sharp major, BWV 858","Prelude No.13 in F-sharp major, BWV 858",,Bach Clavicembalo 1,,Johann Sebastian Bach
Entire_music/train/Baroque_secular_07/070781.mp3,Baroque secular,train,25 Prelude No.13 in F-sharp major,Prelude No.13 in F-sharp major,Glenn Gould,Bach Clavicembalo II,,Bach
Entire_music/train/Baroque_secular_07/070782.mp3,Baroque secular,train,,,,,,
Entire_music/test/Baroque_secular_07/070783.mp3,Baroque secular,test,,,,,,
Entire_music/val/Baroque_secular_07/070784.mp3,Baroque secular,val,25 Variatio 24 a 1 Clav. Canone all'Ottava,25 Variatio 24 a 1 Clav. Canone all'Ottava,Composer: J.S.Bach; Pianist: Glenn Gould,Goldberg Variations BWV 988,1982,
Entire_music/train/Baroque_secular_07/070785.mp3,Baroque secular,train,"25 di 45 Glenn Gould (piano) - Bach French Suites, BWV 812-817, Overture BWV 831, CD 1","French Suite No.4 in E Flat Major, BWV 815, VII.Gigue (Gould)",Glenn Gould (piano),"Bach: French Suites, BWV 812-817, Overture BWV 831, CD 1",,Bach
Entire_music/test/Baroque_secular_07/070786.mp3,Baroque secular,test,"25 di Johann Sebastian Bach - Das Wohltemperierte Klavier Teil 1, Disc 2 (2)",BWV 858 F sharp major -- Prelude,Johann Sebastian Bach,"Das Wohltemperierte Klavier Teil 1, Disc 2",,Johann Sebastian Bach
Entire_music/train/Baroque_secular_07/070787.mp3,Baroque secular,train,"25 di Johann Sebastian Bach - Das Wohltemperierte Klavier Teil 2, Disc 2",BWV 882 F sharp major - Prelude,"Bach, J. S.",The Well-Tempered Clavier Book 2 (CD 2),,Johann Sebastian Bach
Entire_music/train/Baroque_secular_07/070788.ape,Baroque secular,train,25.Variatio 24,Variatio 24,Andras Schiff,Goldberg Variations (J. S. Bach),,
Entire_music/train/Baroque_secular_07/070789.mp3,Baroque secular,train,26 - BWV.797,BWV.797,Johann Sebastian Bach,Vol.1,,Johann Sebastian Bach
Entire_music/train/Baroque_secular_07/070790.mp3,Baroque secular,train,"26 - Bach (JS)_ Goldberg Variations, BWV 988 - 25. Variation 25","Bach (JS): Goldberg Variations, BWV 988 - 25. Variation 25",Glenn Gould,"Bach (JS): Goldberg Variations, BWV 988",2003,Bach
Entire_music/test/Baroque_secular_07/070791.mp3,Baroque secular,test,26 - Bourree,Bourree,Angela Hewitt,French Suites CD2,1999,JS Bach
Entire_music/train/Baroque_secular_07/070792.mp3,Baroque secular,train,26 - Capriccio BWV 992_ Adagissimo,Capriccio BWV 992: Adagissimo,Wanda Landowska,BACH Landowska Recordings,1951,Johann Sebastian Bach
Entire_music/train/Baroque_secular_07/070793.mp3,Baroque secular,train,26 - Goldberg-Variationen BWV 988 26 Variation XXV,Goldberg-Variationen BWV 988 26 Variation XXV,Martin Stadtfeld,Bach: Goldberg-Variationen,2003,Johann Sebastian Bach
Entire_music/train/Baroque_secular_07/070794.mp3,Baroque secular,train,"26 - Prelude in F, BWV927","Prelude in F, BWV927",Angela Hewitt,French Suites CD1,,JS Bach
Entire_music/train/Baroque_secular_07/070795.mp3,Baroque secular,train,26 - Sinfonia 4 in d (BWV 790),Sinfonia 4 in d (BWV 790),"Bach, J S",J. S. Bach: Two- and Three-Part Inventions BWV772-801,1964,Johann Sebastian Bach
Entire_music/train/Baroque_secular_07/070796.mp3,Baroque secular,train,26 - Sonata (_Suite_) In A Minor - III. Giga,"Sonata (""Suite"") In A Minor - III. Giga",Luigi Ferdinando Tagliavini,L. F. Tagliavini And His Collection Of Harpsichords,1996,
Entire_music/train/Baroque_secular_07/070797.mp3,Baroque secular,train,26 - Variatio 25 (A 2 Clav.)_ Adagio,Variatio 25 (A 2 Clav.): Adagio,Ralph Kirkpatrick,The Complete 1950s Bach Recordings4,1958,
Entire_music/train/Baroque_secular_07/070798.mp3,Baroque secular,train,26 - Variatio 25 a 2 Clav. Adagio (2),Variatio 25 a 2 Clav. Adagio,Johann Sebastian Bach - Pierre Hantai,Variations Goldberg,,
Entire_music/train/Baroque_secular_07/070799.mp3,Baroque secular,train,26 - Variatio 25,Variatio 25.,Johann Sebastian Bach,J.S. Bach: Goldberg Variations Bmv988 - Konstantin Lifschitz,,
Entire_music/train/Baroque_secular_07/070800.mp3,Baroque secular,train,26 - Variation 25,Variation 25,Johann Sebastian Bach,The Goldberg Variations - Taniana Nikolayeva piano,,Johann Sebastian Bach
Entire_music/train/Baroque_secular_07/070801.mp3,Baroque secular,train,26 - Variation XXV A 2 Clavier,Variation XXV A 2 Clavier,Keith Jarrett,Bach: Goldberg Variations,1989,
Entire_music/train/Baroque_secular_07/070802.mp3,Baroque secular,train,26 - Variation XXV,Variation XXV,"LANDOWSKA, Wanda (1897-1959)",Goldberg Variations - Partita No.2 - Inventions,1951,
Entire_music/train/Baroque_secular_07/070803.mp3,Baroque secular,train,"26 Fugue No.13 in F-sharp major, BWV 858","Fugue No.13 in F-sharp major, BWV 858",,Bach Clavicembalo 1,,Johann Sebastian Bach
Entire_music/train/Baroque_secular_07/070804.mp3,Baroque secular,train,26 Fugue No.13 in F-sharp major,Fugue No.13 in F-sharp major,Glenn Gould,Bach Clavicembalo II,,Bach
Entire_music/train/Baroque_secular_07/070805.mp3,Baroque secular,train,"26 Petits Fugues et Preludes avec Fuguettes -- Fuguette in G major, BWV 902","Petits Fugues et Preludes avec Fuguettes -- Fuguette in G major, BWV 902",Johann Sebastian Bach,"'Jesu, joy of Man's desiring"", Petites reludes du livres de W.F. Bach, PreludesItalian Concerto Etc. - Tipo",1991,Johann Sebastian Bach
Entire_music/train/Baroque_secular_07/070806.mp3,Baroque secular,train,,,,,,
Entire_music/train/Baroque_secular_07/070807.mp3,Baroque secular,train,,,,,,
Entire_music/val/Baroque_secular_07/070808.mp3,Baroque secular,val,26 Variatio 25 a 2 Clav,26 Variatio 25 a 2 Clav.,Composer: J.S.Bach; Pianist: Glenn Gould,Goldberg Variations BWV 988,1982,
Entire_music/val/Baroque_secular_07/070809.mp3,Baroque secular,val,"26 di Johann Sebastian Bach - Das Wohltemperierte Klavier Teil 1, Disc 2 (2)",BWV 858 F sharp major -- Fugue,Johann Sebastian Bach,"Das Wohltemperierte Klavier Teil 1, Disc 2",,Johann Sebastian Bach
Entire_music/train/Baroque_secular_07/070810.mp3,Baroque secular,train,"26 di Johann Sebastian Bach - Das Wohltemperierte Klavier Teil 2, Disc 2",BWV 882 F sharp major - Fugue,"Bach, J. S.",The Well-Tempered Clavier Book 2 (CD 2),,Johann Sebastian Bach
Entire_music/train/Baroque_secular_07/070811.ape,Baroque secular,train,26.Variatio 25,Variatio 25,Andras Schiff,Goldberg Variations (J. S. Bach),,
Entire_music/train/Baroque_secular_07/070812.mp3,Baroque secular,train,27 - BWV.798,BWV.798,Johann Sebastian Bach,Vol.1,,Johann Sebastian Bach
Entire_music/train/Baroque_secular_07/070813.mp3,Baroque secular,train,"27 - Bach (JS)_ Goldberg Variations, BWV 988 - 26. Variation 26","Bach (JS): Goldberg Variations, BWV 988 - 26. Variation 26.",Glenn Gould,"Bach (JS): Goldberg Variations, BWV 988",2003,Bach
Entire_music/train/Baroque_secular_07/070814.mp3,Baroque secular,train,27 - Capriccio BWV 992_ Aria Introduction,Capriccio BWV 992: Aria Introduction,Wanda Landowska,BACH Landowska Recordings,1951,Johann Sebastian Bach
Entire_music/train/Baroque_secular_07/070815.mp3,Baroque secular,train,27 - Goldberg-Variationen BWV 988 27 Variation XXVI,Goldberg-Variationen BWV 988 27 Variation XXVI,Martin Stadtfeld,Bach: Goldberg-Variationen,2003,Johann Sebastian Bach
Entire_music/train/Baroque_secular_07/070816.mp3,Baroque secular,train,27 - Invention 8 in F (BWV 779),Invention 8 in F (BWV 779),"Bach, J S",J. S. Bach: Two- and Three-Part Inventions BWV772-801,1964,Johann Sebastian Bach
Entire_music/train/Baroque_secular_07/070817.mp3,Baroque secular,train,27 - Loure,Loure,Angela Hewitt,French Suites CD2,1999,JS Bach
Entire_music/train/Baroque_secular_07/070818.mp3,Baroque secular,train,"27 - Prelude in F, BWV928","Prelude in F, BWV928",Angela Hewitt,French Suites CD1,,JS Bach
Entire_music/train/Baroque_secular_07/070819.mp3,Baroque secular,train,27 - Sonata (_Suite_) In A Minor - IV. Bizzarria,"Sonata (""Suite"") In A Minor - IV. Bizzarria",Luigi Ferdinando Tagliavini,L. F. Tagliavini And His Collection Of Harpsichords,1996,
Entire_music/val/Baroque_secular_07/070820.mp3,Baroque secular,val,27 - Variatio 26 (A 2 Clav.),Variatio 26 (A 2 Clav.),Ralph Kirkpatrick,The Complete 1950s Bach Recordings4,1958,
Entire_music/train/Baroque_secular_07/070821.mp3,Baroque secular,train,27 - Variatio 26 a 2 Clav (2),Variatio 26 a 2 Clav.,Johann Sebastian Bach - Pierre Hantai,Variations Goldberg,,
Entire_music/train/Baroque_secular_07/070822.mp3,Baroque secular,train,27 - Variatio 26,Variatio 26.,Johann Sebastian Bach,J.S. Bach: Goldberg Variations Bmv988 - Konstantin Lifschitz,,
Entire_music/train/Baroque_secular_07/070823.mp3,Baroque secular,train,27 - Variation 26,Variation 26,Johann Sebastian Bach,The Goldberg Variations - Taniana Nikolayeva piano,,
Entire_music/val/Baroque_secular_07/070824.mp3,Baroque secular,val,27 - Variation XXVI A 2 Clavier,Variation XXVI A 2 Clavier,Keith Jarrett,Bach: Goldberg Variations,1989,
Entire_music/train/Baroque_secular_07/070825.mp3,Baroque secular,train,27 - Variation XXVI,Variation XXVI,"LANDOWSKA, Wanda (1897-1959)",Goldberg Variations - Partita No.2 - Inventions,1951,
Entire_music/train/Baroque_secular_07/070826.mp3,Baroque secular,train,"27 Prelude No.14 in F-sharp major, BWV 859","Prelude No.14 in F-sharp major, BWV 859",,Bach Clavicembalo 1,,Johann Sebastian Bach
Entire_music/test/Baroque_secular_07/070827.mp3,Baroque secular,test,27 Prelude No.14 in F-sharp minor,Prelude No.14 in F-sharp minor,Glenn Gould,Bach Clavicembalo II,,Bach
Entire_music/val/Baroque_secular_07/070828.mp3,Baroque secular,val,"27 Prelude et Fugue in E minor, BWV 899 -- Prelude","Prelude et Fugue in E minor, BWV 899 -- Prelude",Johann Sebastian Bach,"'Jesu, joy of Man's desiring"", Petites reludes du livres de W.F. Bach, PreludesItalian Concerto Etc. - Tipo",1991,Johann Sebastian Bach
Entire_music/train/Baroque_secular_07/070829.mp3,Baroque secular,train,,,,,,
Entire_music/train/Baroque_secular_07/070830.mp3,Baroque secular,train,,,,,,
Entire_music/val/Baroque_secular_07/070831.mp3,Baroque secular,val,27 Variatio 26 a 2 Clav,27 Variatio 26 a 2 Clav.,Composer: J.S.Bach; Pianist: Glenn Gould,Goldberg Variations BWV 988,1982,
Entire_music/val/Baroque_secular_07/070832.mp3,Baroque secular,val,"27 di Johann Sebastian Bach - Das Wohltemperierte Klavier Teil 1, Disc 2 (2)",BWV 859 F sharp minor -- Prelude,Johann Sebastian Bach,"Das Wohltemperierte Klavier Teil 1, Disc 2",,Johann Sebastian Bach
Entire_music/train/Baroque_secular_07/070833.mp3,Baroque secular,train,"27 di Johann Sebastian Bach - Das Wohltemperierte Klavier Teil 2, Disc 2",BWV 883 F sharp minor - Prelude,"Bach, J. S.",The Well-Tempered Clavier Book 2 (CD 2),,Johann Sebastian Bach
Entire_music/train/Baroque_secular_07/070834.ape,Baroque secular,train,27.Variatio 26,Variatio 26,Andras Schiff,Goldberg Variations (J. S. Bach),,
Entire_music/train/Baroque_secular_07/070835.mp3,Baroque secular,train,28 - BWV.799,BWV.799,Johann Sebastian Bach,Vol.1,,Johann Sebastian Bach
Entire_music/train/Baroque_secular_07/070836.mp3,Baroque secular,train,28 - Capriccio BWV 992_ Aria Di Postiglione_ Adagio Poco,Capriccio BWV 992: Aria Di Postiglione: Adagio Poco,Wanda Landowska,BACH Landowska Recordings,1951,Johann Sebastian Bach
Entire_music/train/Baroque_secular_07/070837.mp3,Baroque secular,train,28 - Four Arias - I. Aria,Four Arias - I. Aria,Luigi Ferdinando Tagliavini,L. F. Tagliavini And His Collection Of Harpsichords,1996,
Entire_music/train/Baroque_secular_07/070838.mp3,Baroque secular,train,28 - Gigue,Gigue,Angela Hewitt,French Suites CD2,1999,JS Bach
Entire_music/train/Baroque_secular_07/070839.mp3,Baroque secular,train,28 - Goldberg Variations BWV 988 - var. 27,Goldberg Variations BWV 988 - var. 27,Johann Sebastian Bach,Glenn Gould vol. 1,,Johann Sebastian Bach
Entire_music/train/Baroque_secular_07/070840.mp3,Baroque secular,train,28 - Goldberg-Variationen BWV 988 28 Variation XXVII,Goldberg-Variationen BWV 988 28 Variation XXVII,Martin Stadtfeld,Bach: Goldberg-Variationen,2003,Johann Sebastian Bach
Entire_music/test/Baroque_secular_07/070841.mp3,Baroque secular,test,28 - Sinfonia 8 in F (BWV 794),Sinfonia 8 in F (BWV 794),"Bach, J S",J. S. Bach: Two- and Three-Part Inventions BWV772-801,1964,Johann Sebastian Bach
Entire_music/train/Baroque_secular_07/070842.mp3,Baroque secular,train,28 - Variatio 27 (Canone Alla Nona A 2 Clav.),Variatio 27 (Canone Alla Nona A 2 Clav.),Ralph Kirkpatrick,The Complete 1950s Bach Recordings4,1958,
Entire_music/train/Baroque_secular_07/070843.mp3,Baroque secular,train,28 - Variatio 27 Canone alla Nona a 2 Clav,Variatio 27 Canone alla Nona a 2 Clav.,Johann Sebastian Bach - Pierre Hantai,Variations Goldberg,,
Entire_music/train/Baroque_secular_07/070844.mp3,Baroque secular,train,28 - Variatio 27. Canone Alla Nona,Variatio 27. Canone Alla Nona.,Johann Sebastian Bach,J.S. Bach: Goldberg Variations Bmv988 - Konstantin Lifschitz,,
Entire_music/test/Baroque_secular_07/070845.mp3,Baroque secular,test,28 - Variation 27,Variation 27,Johann Sebastian Bach,The Goldberg Variations - Taniana Nikolayeva piano,,
Entire_music/val/Baroque_secular_07/070846.mp3,Baroque secular,val,28 - Variation XXVII _ Canone alla nona,Variation XXVII : Canone alla nona,"LANDOWSKA, Wanda (1897-1959)",Goldberg Variations - Partita No.2 - Inventions,1951,
Entire_music/train/Baroque_secular_07/070847.mp3,Baroque secular,train,28 - Variation XXVIi A 2 Clav Canone Alla Nona,Variation XXVIi A 2 Clav Canone Alla Nona,Keith Jarrett,Bach: Goldberg Variations,1989,
Entire_music/train/Baroque_secular_07/070848.mp3,Baroque secular,train,28 BWV 899 -- Fuguette,BWV 899 -- Fuguette,Johann Sebastian Bach,"'Jesu, joy of Man's desiring"", Petites reludes du livres de W.F. Bach, PreludesItalian Concerto Etc. - Tipo",1991,Johann Sebastian Bach
Entire_music/train/Baroque_secular_07/070849.mp3,Baroque secular,train,"28 Fugue No.14 in F-sharp major, BWV 859","Fugue No.14 in F-sharp major, BWV 859",,Bach Clavicembalo 1,,Johann Sebastian Bach
Entire_music/train/Baroque_secular_07/070850.mp3,Baroque secular,train,28 Fugue No.14 in F-sharp minor,Fugue No.14 in F-sharp minor,Glenn Gould,Bach Clavicembalo II,,Bach
Entire_music/train/Baroque_secular_07/070851.mp3,Baroque secular,train,,,,,,
Entire_music/train/Baroque_secular_07/070852.mp3,Baroque secular,train,,,,,,
Entire_music/val/Baroque_secular_07/070853.mp3,Baroque secular,val,28 Variatio 27 a 2 Clav. Canone alla Nona,28 Variatio 27 a 2 Clav. Canone alla Nona,Composer: J.S.Bach; Pianist: Glenn Gould,Goldberg Variations BWV 988,1982,
Entire_music/test/Baroque_secular_07/070854.mp3,Baroque secular,test,"28 di Johann Sebastian Bach - Das Wohltemperierte Klavier Teil 1, Disc 2 (2)",BWV 859 F sharp minor -- Fugue,Johann Sebastian Bach,"Das Wohltemperierte Klavier Teil 1, Disc 2",,Johann Sebastian Bach
Entire_music/train/Baroque_secular_07/070855.mp3,Baroque secular,train,"28 di Johann Sebastian Bach - Das Wohltemperierte Klavier Teil 2, Disc 2",BWV 883 F sharp minor - Fugue,"Bach, J. S.",The Well-Tempered Clavier Book 2 (CD 2),,Johann Sebastian Bach
Entire_music/train/Baroque_secular_07/070856.ape,Baroque secular,train,28.Variatio 27,Variatio 27,Andras Schiff,Goldberg Variations (J. S. Bach),,
Entire_music/train/Baroque_secular_07/070857.mp3,Baroque secular,train,29 - BWV.800,BWV.800,Johann Sebastian Bach,Vol.1,,Johann Sebastian Bach
Entire_music/train/Baroque_secular_07/070858.mp3,Baroque secular,train,"29 - Bach (JS)_ Goldberg Variations, BWV 988 - 28. Variation 28","Bach (JS): Goldberg Variations, BWV 988 - 28. Variation 28",Glenn Gould,"Bach (JS): Goldberg Variations, BWV 988",2003,Bach
Entire_music/train/Baroque_secular_07/070859.mp3,Baroque secular,train,29 - Capriccio BWV 992_ Fuga All'Imitazione Della Cornetta Di Postiglione,Capriccio BWV 992: Fuga All'Imitazione Della Cornetta Di Postiglione,Wanda Landowska,BACH Landowska Recordings,1951,Johann Sebastian Bach
Entire_music/train/Baroque_secular_07/070860.mp3,Baroque secular,train,29 - Four Arias - II. Aria,Four Arias - II. Aria,Luigi Ferdinando Tagliavini,L. F. Tagliavini And His Collection Of Harpsichords,1996,
Entire_music/train/Baroque_secular_07/070861.mp3,Baroque secular,train,"29 - French Suite no6 in E, BWV817, Allemande","French Suite no6 in E, BWV817, Allemande",Angela Hewitt,French Suites CD2,1999,JS Bach
Entire_music/val/Baroque_secular_07/070862.mp3,Baroque secular,val,29 - Goldberg-Variationen BWV 988 29 Variation XXVIII,Goldberg-Variationen BWV 988 29 Variation XXVIII,Martin Stadtfeld,Bach: Goldberg-Variationen,2003,Johann Sebastian Bach
Entire_music/train/Baroque_secular_07/070863.mp3,Baroque secular,train,29 - Invention 9 in f (BWV 780),Invention 9 in f (BWV 780),"Bach, J S",J. S. Bach: Two- and Three-Part Inventions BWV772-801,1964,Johann Sebastian Bach
Entire_music/train/Baroque_secular_07/070864.mp3,Baroque secular,train,29 - Variatio 28 (A 2 Clav.),Variatio 28 (A 2 Clav.),Ralph Kirkpatrick,The Complete 1950s Bach Recordings4,1958,
Entire_music/train/Baroque_secular_07/070865.mp3,Baroque secular,train,29 - Variatio 28 a 2 Clav (2),Variatio 28 a 2 Clav.,Johann Sebastian Bach - Pierre Hantai,Variations Goldberg,,
Entire_music/train/Baroque_secular_07/070866.mp3,Baroque secular,train,29 - Variatio 28,Variatio 28.,Johann Sebastian Bach,J.S. Bach: Goldberg Variations Bmv988 - Konstantin Lifschitz,,
Entire_music/train/Baroque_secular_07/070867.mp3,Baroque secular,train,29 - Variation 28,Variation 28,Johann Sebastian Bach,The Goldberg Variations - Taniana Nikolayeva piano,,
Entire_music/train/Baroque_secular_07/070868.mp3,Baroque secular,train,29 - Variation XXVIII,Variation XXVIII,"LANDOWSKA, Wanda (1897-1959)",Goldberg Variations - Partita No.2 - Inventions,1951,
Entire_music/train/Baroque_secular_07/070869.mp3,Baroque secular,train,29 - Variation XXVIii A 2 Clavier,Variation XXVIii A 2 Clavier,Keith Jarrett,Bach: Goldberg Variations,1989,
Entire_music/train/Baroque_secular_07/070870.mp3,Baroque secular,train,"29 Prelude No.15 in G major, BWV 860","Prelude No.15 in G major, BWV 860",,Bach Clavicembalo 1,,Johann Sebastian Bach
Entire_music/train/Baroque_secular_07/070871.mp3,Baroque secular,train,29 Prelude No.15 in G major,Prelude No.15 in G major,Glenn Gould,Bach Clavicembalo II,,Bach
Entire_music/test/Baroque_secular_07/070872.mp3,Baroque secular,test,"29 Prelude et Fugue in E minor, BWV 900 -- Prelude","Prelude et Fugue in E minor, BWV 900 -- Prelude",Johann Sebastian Bach,"'Jesu, joy of Man's desiring"", Petites reludes du livres de W.F. Bach, PreludesItalian Concerto Etc. - Tipo",1991,Johann Sebastian Bach
Entire_music/train/Baroque_secular_07/070873.mp3,Baroque secular,train,,,,,,
Entire_music/train/Baroque_secular_07/070874.mp3,Baroque secular,train,,,,,,
Entire_music/val/Baroque_secular_07/070875.mp3,Baroque secular,val,29 Variatio 28 a 2 Clav,29 Variatio 28 a 2 Clav.,Composer: J.S.Bach; Pianist: Glenn Gould,Goldberg Variations BWV 988,1982,
Entire_music/train/Baroque_secular_07/070876.mp3,Baroque secular,train,"29 di Johann Sebastian Bach - Das Wohltemperierte Klavier Teil 1, Disc 2 (2)",BWV 860 G major -- Prelude,Johann Sebastian Bach,"Das Wohltemperierte Klavier Teil 1, Disc 2",,Johann Sebastian Bach
Entire_music/train/Baroque_secular_07/070877.mp3,Baroque secular,train,"29 di Johann Sebastian Bach - Das Wohltemperierte Klavier Teil 2, Disc 2",BWV 884 G major - Prelude,"Bach, J. S.",The Well-Tempered Clavier Book 2 (CD 2),,Johann Sebastian Bach
Entire_music/train/Baroque_secular_07/070878.ape,Baroque secular,train,29.Variatio 28,Variatio 28,Andras Schiff,Goldberg Variations (J. S. Bach),,
Entire_music/train/Baroque_secular_07/070879.mp3,Baroque secular,train,,,,,,
Entire_music/train/Baroque_secular_07/070880.mp3,Baroque secular,train,30 - BWV.801,BWV.801,Johann Sebastian Bach,Vol.1,,Johann Sebastian Bach
Entire_music/train/Baroque_secular_07/070881.mp3,Baroque secular,train,"30 - Bach (JS)_ Goldberg Variations, BWV 988 - 29. Variation 29","Bach (JS): Goldberg Variations, BWV 988 - 29. Variation 29",Glenn Gould,"Bach (JS): Goldberg Variations, BWV 988",2003,Bach
Entire_music/train/Baroque_secular_07/070882.mp3,Baroque secular,train,30 - Courante,Courante,Angela Hewitt,French Suites CD2,1999,JS Bach
Entire_music/train/Baroque_secular_07/070883.mp3,Baroque secular,train,30 - Four Arias - III. Aria,Four Arias - III. Aria,Luigi Ferdinando Tagliavini,L. F. Tagliavini And His Collection Of Harpsichords,1996,
Entire_music/train/Baroque_secular_07/070884.mp3,Baroque secular,train,30 - Goldberg-Variationen BWV 988 30 Variation XXIX,Goldberg-Variationen BWV 988 30 Variation XXIX,Martin Stadtfeld,Bach: Goldberg-Variationen,2003,Johann Sebastian Bach
Entire_music/train/Baroque_secular_07/070885.mp3,Baroque secular,train,30 - Sinfonia 9 in f (BWV 795),Sinfonia 9 in f (BWV 795),"Bach, J S",J. S. Bach: Two- and Three-Part Inventions BWV772-801,1964,Johann Sebastian Bach
Entire_music/train/Baroque_secular_07/070886.mp3,Baroque secular,train,30 - Variatio 29 (2),Variatio 29.,Johann Sebastian Bach,J.S. Bach: Goldberg Variations Bmv988 - Konstantin Lifschitz,,
Entire_music/train/Baroque_secular_07/070887.mp3,Baroque secular,train,30 - Variatio 29 a 1 ovvero 2 Clav,Variatio 29 a 1 ovvero 2 Clav.,Johann Sebastian Bach - Pierre Hantai,Variations Goldberg,,
Entire_music/train/Baroque_secular_07/070888.mp3,Baroque secular,train,30 - Variatio 29,Variatio 29,Ralph Kirkpatrick,The Complete 1950s Bach Recordings4,1958,
Entire_music/test/Baroque_secular_07/070889.mp3,Baroque secular,test,30 - Variation 29,Variation 29,Johann Sebastian Bach,The Goldberg Variations - Taniana Nikolayeva piano,,
Entire_music/train/Baroque_secular_07/070890.mp3,Baroque secular,train,30 - Variation XXIX,Variation XXIX,"LANDOWSKA, Wanda (1897-1959)",Goldberg Variations - Partita No.2 - Inventions,1951,
Entire_music/train/Baroque_secular_07/070891.mp3,Baroque secular,train,30 - Variation Xxix A 1 Ovvero 2 Clavier,Variation Xxix A 1 Ovvero 2 Clavier,Keith Jarrett,Bach: Goldberg Variations,1989,
Entire_music/test/Baroque_secular_07/070892.mp3,Baroque secular,test,30 BWV 900 -- Fugue,BWV 900 -- Fugue,Johann Sebastian Bach,"'Jesu, joy of Man's desiring"", Petites reludes du livres de W.F. Bach, PreludesItalian Concerto Etc. - Tipo",1991,Johann Sebastian Bach
Entire_music/train/Baroque_secular_07/070893.mp3,Baroque secular,train,"30 Fugue No.15 in G major, BWV 860","Fugue No.15 in G major, BWV 860",,Bach Clavicembalo 1,,Johann Sebastian Bach
Entire_music/train/Baroque_secular_07/070894.mp3,Baroque secular,train,30 Fugue No.15 in G major,Fugue No.15 in G major,Glenn Gould,Bach Clavicembalo II,,Bach
Entire_music/train/Baroque_secular_07/070895.mp3,Baroque secular,train,,,,,,
Entire_music/train/Baroque_secular_07/070896.mp3,Baroque secular,train,,,,,,
Entire_music/val/Baroque_secular_07/070897.mp3,Baroque secular,val,30 Variatio 29 a 1 ovvero 2 Clav,30 Variatio 29 a 1 ovvero 2 Clav.,Composer: J.S.Bach; Pianist: Glenn Gould,Goldberg Variations BWV 988,1982,
Entire_music/val/Baroque_secular_07/070898.mp3,Baroque secular,val,"30 di Johann Sebastian Bach - Das Wohltemperierte Klavier Teil 1, Disc 2 (2)",BWV 860 G major -- Fugue,Johann Sebastian Bach,"Das Wohltemperierte Klavier Teil 1, Disc 2",,Johann Sebastian Bach
Entire_music/test/Baroque_secular_07/070899.mp3,Baroque secular,test,"30 di Johann Sebastian Bach - Das Wohltemperierte Klavier Teil 2, Disc 2",BWV 884 G major - Fugue,"Bach, J. S.",The Well-Tempered Clavier Book 2 (CD 2),,Johann Sebastian Bach
Entire_music/train/Baroque_secular_07/070900.ape,Baroque secular,train,30.Variatio 29,Variatio 29,Andras Schiff,Goldberg Variations (J. S. Bach),,
Entire_music/val/Baroque_secular_07/070901.mp3,Baroque secular,val,31 - Four Arias - IV. Aria,Four Arias - IV. Aria,Luigi Ferdinando Tagliavini,L. F. Tagliavini And His Collection Of Harpsichords,1996,
Entire_music/train/Baroque_secular_07/070902.mp3,Baroque secular,train,31 - Goldberg Variations BWV 988 - var. 30,Goldberg Variations BWV 988 - var. 30,Johann Sebastian Bach,Glenn Gould vol. 1,,Johann Sebastian Bach
Entire_music/train/Baroque_secular_07/070903.mp3,Baroque secular,train,31 - Goldberg-Variationen BWV 988 31 Variation XXX,Goldberg-Variationen BWV 988 31 Variation XXX,Martin Stadtfeld,Bach: Goldberg-Variationen,2003,Johann Sebastian Bach
Entire_music/train/Baroque_secular_07/070904.mp3,Baroque secular,train,31 - Sarabande,Sarabande,Angela Hewitt,French Suites CD2,1999,JS Bach
Entire_music/train/Baroque_secular_07/070905.mp3,Baroque secular,train,31 - Variatio 30 (Quodlibet),Variatio 30 (Quodlibet),Ralph Kirkpatrick,The Complete 1950s Bach Recordings4,1958,
Entire_music/train/Baroque_secular_07/070906.mp3,Baroque secular,train,31 - Variatio 30 Quodlibet,Variatio 30 Quodlibet.,Johann Sebastian Bach,J.S. Bach: Goldberg Variations Bmv988 - Konstantin Lifschitz,,
Entire_music/train/Baroque_secular_07/070907.mp3,Baroque secular,train,31 - Variatio 30 a 1 Clav. Quodlibet (2),Variatio 30 a 1 Clav. Quodlibet,Johann Sebastian Bach - Pierre Hantai,Variations Goldberg,,
Entire_music/train/Baroque_secular_07/070908.mp3,Baroque secular,train,31 - Variation 30,Variation 30,Johann Sebastian Bach,The Goldberg Variations - Taniana Nikolayeva piano,,
Entire_music/train/Baroque_secular_07/070909.mp3,Baroque secular,train,31 - Variation XXX A 1 Clav Quodlibet,Variation XXX A 1 Clav Quodlibet,Keith Jarrett,Bach: Goldberg Variations,1989,
Entire_music/train/Baroque_secular_07/070910.mp3,Baroque secular,train,31 - Variation XXX _ Quodlibet,Variation XXX : Quodlibet,"LANDOWSKA, Wanda (1897-1959)",Goldberg Variations - Partita No.2 - Inventions,1951,
Entire_music/train/Baroque_secular_07/070911.mp3,Baroque secular,train,"31 Prelude No.16 in G minor, BWV 861","Prelude No.16 in G minor, BWV 861",,Bach Clavicembalo 1,,Johann Sebastian Bach
Entire_music/train/Baroque_secular_07/070912.mp3,Baroque secular,train,31 Prelude No.16 in G minor,Prelude No.16 in G minor,Glenn Gould,Bach Clavicembalo II,,Bach
Entire_music/train/Baroque_secular_07/070913.mp3,Baroque secular,train,"31 Prelude et Fugue in A minor, BWV 895 -- Prelude","Prelude et Fugue in A minor, BWV 895 -- Prelude",Johann Sebastian Bach,"'Jesu, joy of Man's desiring"", Petites reludes du livres de W.F. Bach, PreludesItalian Concerto Etc. - Tipo",1991,Johann Sebastian Bach
Entire_music/train/Baroque_secular_07/070914.mp3,Baroque secular,train,,,,,,
Entire_music/val/Baroque_secular_07/070915.mp3,Baroque secular,val,31 Variatio 30 a 1 Clav. Quodlibet,31 Variatio 30 a 1 Clav. Quodlibet,Composer: J.S.Bach; Pianist: Glenn Gould,Goldberg Variations BWV 988,1982,
Entire_music/val/Baroque_secular_07/070916.mp3,Baroque secular,val,"31 di Johann Sebastian Bach - Das Wohltemperierte Klavier Teil 1, Disc 2 (2)",BWV 861 G minor -- Prelude,Johann Sebastian Bach,"Das Wohltemperierte Klavier Teil 1, Disc 2",,Johann Sebastian Bach
Entire_music/train/Baroque_secular_07/070917.mp3,Baroque secular,train,"31 di Johann Sebastian Bach - Das Wohltemperierte Klavier Teil 2, Disc 2",BWV 885 G minor - Prelude,"Bach, J. S.",The Well-Tempered Clavier Book 2 (CD 2),,Johann Sebastian Bach
Entire_music/train/Baroque_secular_07/070918.ape,Baroque secular,train,31.Variatio 30,Variatio 30,Andras Schiff,Goldberg Variations (J. S. Bach),,
Entire_music/train/Baroque_secular_07/070919.mp3,Baroque secular,train,32 - Aria (2),Aria,"LANDOWSKA, Wanda (1897-1959)",Goldberg Variations - Partita No.2 - Inventions,1951,
Entire_music/test/Baroque_secular_07/070920.mp3,Baroque secular,test,32 - Aria (3),Aria,Johann Sebastian Bach,J.S. Bach: Goldberg Variations Bmv988 - Konstantin Lifschitz,,
Entire_music/train/Baroque_secular_07/070921.mp3,Baroque secular,train,32 - Aria Da Capo,Aria Da Capo,Keith Jarrett,Bach: Goldberg Variations,1989,
Entire_music/train/Baroque_secular_07/070922.mp3,Baroque secular,train,32 - Aria da capo e Fine,Aria da capo e Fine,Johann Sebastian Bach - Pierre Hantai,Variations Goldberg,,
Entire_music/train/Baroque_secular_07/070923.mp3,Baroque secular,train,32 - Aria,Aria,Ralph Kirkpatrick,The Complete 1950s Bach Recordings4,1958,
Entire_music/train/Baroque_secular_07/070924.mp3,Baroque secular,train,"32 - Bach (JS)_ Goldberg Variations, BWV 988 - 31. Aria Da Capo","Bach (JS): Goldberg Variations, BWV 988 - 31. Aria Da Capo",Glenn Gould,"Bach (JS): Goldberg Variations, BWV 988",2003,Bach
Entire_music/train/Baroque_secular_07/070925.mp3,Baroque secular,train,32 - Gavotte,Gavotte,Angela Hewitt,French Suites CD2,1999,JS Bach
Entire_music/train/Baroque_secular_07/070926.mp3,Baroque secular,train,32 - Goldberg-Variationen BWV 988 32 Aria,Goldberg-Variationen BWV 988 32 Aria,Martin Stadtfeld,Bach: Goldberg-Variationen,2003,Johann Sebastian Bach
Entire_music/train/Baroque_secular_07/070927.mp3,Baroque secular,train,32 - Variation 31,Variation 31,Johann Sebastian Bach,The Goldberg Variations - Taniana Nikolayeva piano,,
Entire_music/train/Baroque_secular_07/070928.mp3,Baroque secular,train,32 BWV 895 -- Fugue,BWV 895 -- Fugue,Johann Sebastian Bach,"'Jesu, joy of Man's desiring"", Petites reludes du livres de W.F. Bach, PreludesItalian Concerto Etc. - Tipo",1991,Johann Sebastian Bach
Entire_music/test/Baroque_secular_07/070929.mp3,Baroque secular,test,"32 Fugue No.16 in G minor, BWV 861","Fugue No.16 in G minor, BWV 861",,Bach Clavicembalo 1,,Johann Sebastian Bach
Entire_music/test/Baroque_secular_07/070930.mp3,Baroque secular,test,32 Fugue No.16 in G minor,Fugue No.16 in G minor,Glenn Gould,Bach Clavicembalo II,,Bach
Entire_music/train/Baroque_secular_07/070931.mp3,Baroque secular,train,,,,,,
Entire_music/train/Baroque_secular_07/070932.mp3,Baroque secular,train,"32 di Johann Sebastian Bach - Das Wohltemperierte Klavier Teil 1, Disc 2 (2)",BWV 861 G minor -- Fugue,Johann Sebastian Bach,"Das Wohltemperierte Klavier Teil 1, Disc 2",,Johann Sebastian Bach
Entire_music/train/Baroque_secular_07/070933.mp3,Baroque secular,train,"32 di Johann Sebastian Bach - Das Wohltemperierte Klavier Teil 2, Disc 2",BWV 885 G minor - Fugue,"Bach, J. S.",The Well-Tempered Clavier Book 2 (CD 2),,Johann Sebastian Bach
Entire_music/train/Baroque_secular_07/070934.ape,Baroque secular,train,32.Aria da capo,Aria da capo,Andras Schiff,Goldberg Variations (J. S. Bach),,
Entire_music/train/Baroque_secular_07/070935.mp3,Baroque secular,train,33 - Allegro,Allegro,"LANDOWSKA, Wanda (1897-1959)",Goldberg Variations - Partita No.2 - Inventions,1951,
Entire_music/test/Baroque_secular_07/070936.mp3,Baroque secular,test,"33 - Bach (JS)_ Fugue In F Sharp Minor, BWV 883","Bach (JS): Fugue In F Sharp Minor, BWV 883",Glenn Gould,"Bach (JS): Goldberg Variations, BWV 988",2003,Bach
Entire_music/train/Baroque_secular_07/070937.mp3,Baroque secular,train,"33 - Chromatic Fantasy And Fugue, BWV 903_ Fantasy","Chromatic Fantasy And Fugue, BWV 903: Fantasy",Ralph Kirkpatrick,The Complete 1950s Bach Recordings4,1958,Johann Sebastian Bach
Entire_music/train/Baroque_secular_07/070938.mp3,Baroque secular,train,33 - Concerto in stile italiano BVW 971 - I. Allegro,Concerto  in stile italiano BVW 971 - I. Allegro,Johann Sebastian Bach,Glenn Gould vol. 1,,
Entire_music/train/Baroque_secular_07/070939.mp3,Baroque secular,train,33 - Plonaise,Plonaise,Angela Hewitt,French Suites CD2,1999,JS Bach
Entire_music/train/Baroque_secular_07/070940.mp3,Baroque secular,train,33 - Sonata In G Major (Kirk. 153),Sonata In G Major (Kirk. 153),Luigi Ferdinando Tagliavini,L. F. Tagliavini And His Collection Of Harpsichords,1996,
Entire_music/val/Baroque_secular_07/070941.mp3,Baroque secular,val,"33 Italian Concerto in F major, BWV 971 - I. Allegro","Italian Concerto in F major, BWV 971 - I. Allegro",Johann Sebastian Bach,"'Jesu, joy of Man's desiring"", Petites reludes du livres de W.F. Bach, PreludesItalian Concerto Etc. - Tipo",1991,Johann Sebastian Bach
Entire_music/val/Baroque_secular_07/070942.mp3,Baroque secular,val,33 Prelude No.17 in A flat major,Prelude No.17 in A flat major,Glenn Gould,Bach Clavicembalo II,,Bach
Entire_music/train/Baroque_secular_07/070943.mp3,Baroque secular,train,"33 Prelude No.17 in A-flat major, BWV 862","Prelude No.17 in A-flat major, BWV 862",,Bach Clavicembalo 1,,Johann Sebastian Bach
Entire_music/train/Baroque_secular_07/070944.mp3,Baroque secular,train,"33 di Johann Sebastian Bach - Das Wohltemperierte Klavier Teil 1, Disc 2 (2)",BWV 862 A flat major -- Prelude,Johann Sebastian Bach,"Das Wohltemperierte Klavier Teil 1, Disc 2",,Johann Sebastian Bach
Entire_music/train/Baroque_secular_07/070945.mp3,Baroque secular,train,"33 di Johann Sebastian Bach - Das Wohltemperierte Klavier Teil 2, Disc 2",BWV 886 A flat major - Prelude,"Bach, J. S.",The Well-Tempered Clavier Book 2 (CD 2),,Johann Sebastian Bach
Entire_music/train/Baroque_secular_07/070946.mp3,Baroque secular,train,34 - Bourree,Bourree,Angela Hewitt,French Suites CD2,1999,JS Bach
Entire_music/train/Baroque_secular_07/070947.mp3,Baroque secular,train,"34 - Chromatic Fantasy And Fugue, BWV 903_ Fugue","Chromatic Fantasy And Fugue, BWV 903: Fugue",Ralph Kirkpatrick,The Complete 1950s Bach Recordings4,1958,Johann Sebastian Bach
Entire_music/val/Baroque_secular_07/070948.mp3,Baroque secular,val,34 - Concerto in stile italiano BVW 971 - II. Andante,Concerto  in stile italiano BVW 971 - II. Andante,Johann Sebastian Bach,Glenn Gould vol. 1,,
Entire_music/train/Baroque_secular_07/070949.mp3,Baroque secular,train,"34 - J.S. Bach_ Fugue In E, BWV 878","J.S. Bach: Fugue In E, BWV 878",Glenn Gould,"Bach (JS): Goldberg Variations, BWV 988",2003,J.S. Bach
Entire_music/val/Baroque_secular_07/070950.mp3,Baroque secular,val,34 - Largetto,Largetto,"LANDOWSKA, Wanda (1897-1959)",Goldberg Variations - Partita No.2 - Inventions,1951,
Entire_music/train/Baroque_secular_07/070951.mp3,Baroque secular,train,34 - Sonata In A Minor (Kirk. 109),Sonata In A Minor (Kirk. 109),Luigi Ferdinando Tagliavini,L. F. Tagliavini And His Collection Of Harpsichords,1996,
Entire_music/train/Baroque_secular_07/070952.mp3,Baroque secular,train,34 BWV 971 -- II. Andante,BWV 971 -- II. Andante,Johann Sebastian Bach,"'Jesu, joy of Man's desiring"", Petites reludes du livres de W.F. Bach, PreludesItalian Concerto Etc. - Tipo",1991,Johann Sebastian Bach
Entire_music/test/Baroque_secular_07/070953.mp3,Baroque secular,test,"34 Fugue No.17 in A-flat major, BWV 862","Fugue No.17 in A-flat major, BWV 862",,Bach Clavicembalo 1,,Johann Sebastian Bach
Entire_music/train/Baroque_secular_07/070954.mp3,Baroque secular,train,34 Fugue No.17 in A-flat major,Fugue No.17 in A-flat major,Glenn Gould,Bach Clavicembalo II,,Bach
Entire_music/train/Baroque_secular_07/070955.mp3,Baroque secular,train,"34 di Johann Sebastian Bach - Das Wohltemperierte Klavier Teil 1, Disc 2 (2)",BWV 862 A flat major -- Fugue,Johann Sebastian Bach,"Das Wohltemperierte Klavier Teil 1, Disc 2",,Johann Sebastian Bach
Entire_music/train/Baroque_secular_07/070956.mp3,Baroque secular,train,"34 di Johann Sebastian Bach - Das Wohltemperierte Klavier Teil 2, Disc 2",BWV 886 A flat major - Fugue,"Bach, J. S.",The Well-Tempered Clavier Book 2 (CD 2),,Johann Sebastian Bach
Entire_music/test/Baroque_secular_07/070957.mp3,Baroque secular,test,35 - Allegro,Allegro,"LANDOWSKA, Wanda (1897-1959)",Goldberg Variations - Partita No.2 - Inventions,1951,
Entire_music/train/Baroque_secular_07/070958.mp3,Baroque secular,train,35 - Concerto in stile italiano BVW 971 - III. Presto,Concerto  in stile italiano BVW 971 - III. Presto,Johann Sebastian Bach,Glenn Gould vol. 1,,
Entire_music/train/Baroque_secular_07/070959.mp3,Baroque secular,train,"35 - Duetto I In E Minor, BWV 802","Duetto I In E Minor, BWV 802",Ralph Kirkpatrick,The Complete 1950s Bach Recordings4,1958,Johann Sebastian Bach
Entire_music/train/Baroque_secular_07/070960.mp3,Baroque secular,train,35 - Menuet,Menuet,Angela Hewitt,French Suites CD2,1999,JS Bach
Entire_music/train/Baroque_secular_07/070961.mp3,Baroque secular,train,35 - Sonata In D Minor Op. 3 No. 4 - I. Risoluto,Sonata In D Minor Op. 3 No. 4 - I. Risoluto,Luigi Ferdinando Tagliavini,L. F. Tagliavini And His Collection Of Harpsichords,1996,
Entire_music/train/Baroque_secular_07/070962.mp3,Baroque secular,train,35 BWV 971 -- III. Presto,BWV 971 -- III. Presto,Johann Sebastian Bach,"'Jesu, joy of Man's desiring"", Petites reludes du livres de W.F. Bach, PreludesItalian Concerto Etc. - Tipo",1991,Johann Sebastian Bach
Entire_music/train/Baroque_secular_07/070963.mp3,Baroque secular,train,"35 Prelude No.18 in G-sharp minor, BWV 863","Prelude No.18 in G-sharp minor, BWV 863",,Bach Clavicembalo 1,,Johann Sebastian Bach
Entire_music/train/Baroque_secular_07/070964.mp3,Baroque secular,train,35 Prelude No.18 in G-sharp minor,Prelude No.18 in G-sharp minor,Glenn Gould,Bach Clavicembalo II,,Bach
Entire_music/train/Baroque_secular_07/070965.mp3,Baroque secular,train,"35 di Johann Sebastian Bach - Das Wohltemperierte Klavier Teil 1, Disc 2 (2)",BWV 863 G sharp minor -- Prelude,Johann Sebastian Bach,"Das Wohltemperierte Klavier Teil 1, Disc 2",,Johann Sebastian Bach
Entire_music/val/Baroque_secular_07/070966.mp3,Baroque secular,val,"35 di Johann Sebastian Bach - Das Wohltemperierte Klavier Teil 2, Disc 2",BWV 887 G sharp minor - Prelude,"Bach, J. S.",The Well-Tempered Clavier Book 2 (CD 2),,Johann Sebastian Bach
Entire_music/train/Baroque_secular_07/070967.mp3,Baroque secular,train,"36 - Duetto II In F, BWV 803","Duetto II In F, BWV 803",Ralph Kirkpatrick,The Complete 1950s Bach Recordings4,1958,Johann Sebastian Bach
Entire_music/train/Baroque_secular_07/070968.mp3,Baroque secular,train,"36 - Fantasia, BWV 906 in C minor.Landowska","Fantasia, BWV 906 in C minor","LANDOWSKA, Wanda (1897-1959)",Goldberg Variations - Partita No.2 - Inventions,1951,Johann Sebastian Bach
Entire_music/train/Baroque_secular_07/070969.mp3,Baroque secular,train,36 - Gigue,Gigue,Angela Hewitt,French Suites CD2,1999,JS Bach
Entire_music/train/Baroque_secular_07/070970.mp3,Baroque secular,train,36 - Sonata In D Minor Op. 3 No. 4 - II. Giga (Vivace),Sonata In D Minor Op. 3 No. 4 - II. Giga (Vivace),Luigi Ferdinando Tagliavini,L. F. Tagliavini And His Collection Of Harpsichords,1996,
Entire_music/val/Baroque_secular_07/070971.mp3,Baroque secular,val,"36 Fugue No.18 in G-sharp minor, BWV 863","Fugue No.18 in G-sharp minor, BWV 863",,Bach Clavicembalo 1,,Johann Sebastian Bach
Entire_music/train/Baroque_secular_07/070972.mp3,Baroque secular,train,36 Fugue No.18 in G-sharp minor,Fugue No.18 in G-sharp minor,Glenn Gould,Bach Clavicembalo II,,Bach
Entire_music/train/Baroque_secular_07/070973.mp3,Baroque secular,train,"36 di Johann Sebastian Bach - Das Wohltemperierte Klavier Teil 1, Disc 2 (2)",BWV 863 G sharp minor -- Fugue,Johann Sebastian Bach,"Das Wohltemperierte Klavier Teil 1, Disc 2",,Johann Sebastian Bach
Entire_music/val/Baroque_secular_07/070974.mp3,Baroque secular,val,"36 di Johann Sebastian Bach - Das Wohltemperierte Klavier Teil 2, Disc 2",BWV 887 G sharp minor - Fugue,"Bach, J. S.",The Well-Tempered Clavier Book 2 (CD 2),,Johann Sebastian Bach
Entire_music/train/Baroque_secular_07/070975.mp3,Baroque secular,train,"37 - Duetto III In G, BWV 804","Duetto III In G, BWV 804",Ralph Kirkpatrick,The Complete 1950s Bach Recordings4,1958,Johann Sebastian Bach
Entire_music/val/Baroque_secular_07/070976.mp3,Baroque secular,val,"37 - Prelude & Fugue in a, BWV894, Prelude","Prelude & Fugue in a, BWV894, Prelude",Angela Hewitt,French Suites CD2,1999,JS Bach
Entire_music/train/Baroque_secular_07/070977.mp3,Baroque secular,train,37 - Prelude,Prelude,"LANDOWSKA, Wanda (1897-1959)",Goldberg Variations - Partita No.2 - Inventions,1951,
Entire_music/train/Baroque_secular_07/070978.mp3,Baroque secular,train,37 - Sonata In D Minor Op. 3 No. 4 - III. Tempo Di Minuetto,Sonata In D Minor Op. 3 No. 4 - III. Tempo Di Minuetto,Luigi Ferdinando Tagliavini,L. F. Tagliavini And His Collection Of Harpsichords,1996,
Entire_music/train/Baroque_secular_07/070979.mp3,Baroque secular,train,"37 Prelude No.19 in A major, BWV 864","Prelude No.19 in A major, BWV 864",,Bach Clavicembalo 1,,Johann Sebastian Bach
Entire_music/train/Baroque_secular_07/070980.mp3,Baroque secular,train,37 Prelude No.19 in A major,Prelude No.19 in A major,Glenn Gould,Bach Clavicembalo II,,Bach
Entire_music/train/Baroque_secular_07/070981.mp3,Baroque secular,train,"37 di Johann Sebastian Bach - Das Wohltemperierte Klavier Teil 1, Disc 2",BWV 864 A major -- Prelude,Johann Sebastian Bach,"Das Wohltemperierte Klavier Teil 1, Disc 2",,Johann Sebastian Bach
Entire_music/val/Baroque_secular_07/070982.mp3,Baroque secular,val,"37 di Johann Sebastian Bach - Das Wohltemperierte Klavier Teil 2, Disc 2",BWV 888 A major - Prelude,"Bach, J. S.",The Well-Tempered Clavier Book 2 (CD 2),,Johann Sebastian Bach
Entire_music/val/Baroque_secular_07/070983.mp3,Baroque secular,val,"38 - Duetto IV In A Minor, BWV 805","Duetto IV In A Minor, BWV 805",Ralph Kirkpatrick,The Complete 1950s Bach Recordings4,1958,Johann Sebastian Bach
Entire_music/val/Baroque_secular_07/070984.mp3,Baroque secular,val,38 - Fugue (2),Fugue,"LANDOWSKA, Wanda (1897-1959)",Goldberg Variations - Partita No.2 - Inventions,1951,
Entire_music/test/Baroque_secular_07/070985.mp3,Baroque secular,test,38 - Fugue,Fugue,Angela Hewitt,French Suites CD2,1999,JS Bach
Entire_music/test/Baroque_secular_07/070986.mp3,Baroque secular,test,38 - Three Sonatas In G Major - I. Allegro,Three Sonatas In G Major - I. Allegro,Luigi Ferdinando Tagliavini,L. F. Tagliavini And His Collection Of Harpsichords,1996,
Entire_music/train/Baroque_secular_07/070987.mp3,Baroque secular,train,"38 Fantasia & Fuga in A minor, BWV 904.Kirkpatrick","Fantasia & Fuga in A minor, BWV 904 - Fugue",Ralph Kirkpatrick,"J.S.Bach: Goldberg Variations, Italian Concerto",,Johann Sebastian Bach
Entire_music/train/Baroque_secular_07/070988.mp3,Baroque secular,train,"38 Fugue No.19 in A major, BWV 864","Fugue No.19 in A major, BWV 864",,Bach Clavicembalo 1,,Johann Sebastian Bach
Entire_music/train/Baroque_secular_07/070989.mp3,Baroque secular,train,38 Fugue No.19 in A major,Fugue No.19 in A major,Glenn Gould,Bach Clavicembalo II,,Bach
Entire_music/train/Baroque_secular_07/070990.mp3,Baroque secular,train,"38 di Johann Sebastian Bach - Das Wohltemperierte Klavier Teil 1, Disc 2",BWV 864 A major -- Fugue,Johann Sebastian Bach,"Das Wohltemperierte Klavier Teil 1, Disc 2",,Johann Sebastian Bach
Entire_music/train/Baroque_secular_07/070991.mp3,Baroque secular,train,"38 di Johann Sebastian Bach - Das Wohltemperierte Klavier Teil 2, Disc 2",BWV 888 A major - Fugue,"Bach, J. S.",The Well-Tempered Clavier Book 2 (CD 2),,Johann Sebastian Bach
Entire_music/train/Baroque_secular_07/070992.mp3,Baroque secular,train,39 - Allegro,Allegro,"LANDOWSKA, Wanda (1897-1959)",Goldberg Variations - Partita No.2 - Inventions,1951,
Entire_music/train/Baroque_secular_07/070993.mp3,Baroque secular,train,"39 - Italian Concerto, BWV 971_ I. Allegro","Italian Concerto, BWV 971: I. Allegro",Ralph Kirkpatrick,The Complete 1950s Bach Recordings4,1958,Johann Sebastian Bach
Entire_music/train/Baroque_secular_07/070994.mp3,Baroque secular,train,39 - Three Sonatas In G Major - II. Variazione,Three Sonatas In G Major - II. Variazione,Luigi Ferdinando Tagliavini,L. F. Tagliavini And His Collection Of Harpsichords,1996,
Entire_music/train/Baroque_secular_07/070995.mp3,Baroque secular,train,"39 Prelude No.20 in A major, BWV 865","Prelude No.20 in A major, BWV 865",,Bach Clavicembalo 1,,Johann Sebastian Bach
Entire_music/train/Baroque_secular_07/070996.mp3,Baroque secular,train,39 Prelude No.20 in A minor,Prelude No.20 in A minor,Glenn Gould,Bach Clavicembalo II,,Bach
Entire_music/train/Baroque_secular_07/070997.mp3,Baroque secular,train,"39 di Johann Sebastian Bach - Das Wohltemperierte Klavier Teil 1, Disc 2",BWV 865 A minor -- Prelude,Johann Sebastian Bach,"Das Wohltemperierte Klavier Teil 1, Disc 2",,Johann Sebastian Bach
Entire_music/train/Baroque_secular_07/070998.mp3,Baroque secular,train,"39 di Johann Sebastian Bach - Das Wohltemperierte Klavier Teil 2, Disc 2",BWV 889 A minor - Prelude,"Bach, J. S.",The Well-Tempered Clavier Book 2 (CD 2),,Johann Sebastian Bach
Entire_music/train/Baroque_secular_07/070999.mp3,Baroque secular,train,"40 - Italian Concerto, BWV 971_ II. Andante","Italian Concerto, BWV 971: II. Andante",Ralph Kirkpatrick,The Complete 1950s Bach Recordings4,1958,Johann Sebastian Bach
Entire_music/test/Baroque_secular_07/071000.mp3,Baroque secular,test,40 - Three Sonatas In G Major - III. Allegro,Three Sonatas In G Major - III. Allegro,Luigi Ferdinando Tagliavini,L. F. Tagliavini And His Collection Of Harpsichords,1996,
Entire_music/train/Baroque_secular_07/071001.mp3,Baroque secular,train,"40 Fugue No.20 in A major, BWV 865","Fugue No.20 in A major, BWV 865",,Bach Clavicembalo 1,,Johann Sebastian Bach
Entire_music/train/Baroque_secular_07/071002.mp3,Baroque secular,train,40 Fugue No.20 in A minor,Fugue No.20 in A minor,Glenn Gould,Bach Clavicembalo II,,Bach
Entire_music/train/Baroque_secular_07/071003.mp3,Baroque secular,train,"40 di Johann Sebastian Bach - Das Wohltemperierte Klavier Teil 1, Disc 2",BWV 865 A minor -- Fugue,Johann Sebastian Bach,"Das Wohltemperierte Klavier Teil 1, Disc 2",,Johann Sebastian Bach
Entire_music/train/Baroque_secular_07/071004.mp3,Baroque secular,train,"40 di Johann Sebastian Bach - Das Wohltemperierte Klavier Teil 2, Disc 2",BWV 889 A minor - Fugue,"Bach, J. S.",The Well-Tempered Clavier Book 2 (CD 2),,Johann Sebastian Bach
Entire_music/train/Baroque_secular_07/071005.mp3,Baroque secular,train,"41 - Italian Concerto, BWV 971_ III. Presto","Italian Concerto, BWV 971: III. Presto",Ralph Kirkpatrick,The Complete 1950s Bach Recordings4,1958,Johann Sebastian Bach
Entire_music/train/Baroque_secular_07/071006.mp3,Baroque secular,train,"41 Prelude No. 21 in B-flat major, BWV 866","Prelude No. 21 in B-flat major, BWV 866",,Bach Clavicembalo 1,,Johann Sebastian Bach
Entire_music/train/Baroque_secular_07/071007.mp3,Baroque secular,train,41 Prelude No.21 in B-flat major,Prelude No.21 in B-flat major,Glenn Gould,Bach Clavicembalo II,,Bach
Entire_music/train/Baroque_secular_07/071008.mp3,Baroque secular,train,"41 di Johann Sebastian Bach - Das Wohltemperierte Klavier Teil 1, Disc 2",BWV 866 B flat major -- Prelude,Johann Sebastian Bach,"Das Wohltemperierte Klavier Teil 1, Disc 2",,Johann Sebastian Bach
Entire_music/train/Baroque_secular_07/071009.mp3,Baroque secular,train,"41 di Johann Sebastian Bach - Das Wohltemperierte Klavier Teil 2, Disc 2",BWV 890 B flat major - Prelude,"Bach, J. S.",The Well-Tempered Clavier Book 2 (CD 2),,Johann Sebastian Bach
Entire_music/train/Baroque_secular_07/071010.mp3,Baroque secular,train,"42 Fugue No. 21 in B-flat major, BWV 866","Fugue No. 21 in B-flat major, BWV 866",,Bach Clavicembalo 1,,Johann Sebastian Bach
Entire_music/train/Baroque_secular_07/071011.mp3,Baroque secular,train,42 Fugue No.21 in B-flat major,Fugue No.21 in B-flat major,Glenn Gould,Bach Clavicembalo II,,Bach
Entire_music/train/Baroque_secular_07/071012.mp3,Baroque secular,train,"42 di Johann Sebastian Bach - Das Wohltemperierte Klavier Teil 1, Disc 2",BWV 866 B flat major -- Fugue,Johann Sebastian Bach,"Das Wohltemperierte Klavier Teil 1, Disc 2",,Johann Sebastian Bach
Entire_music/train/Baroque_secular_07/071013.mp3,Baroque secular,train,"42 di Johann Sebastian Bach - Das Wohltemperierte Klavier Teil 2, Disc 2",BWV 890 B flat major - Fugue,"Bach, J. S.",The Well-Tempered Clavier Book 2 (CD 2),,Johann Sebastian Bach
Entire_music/train/Baroque_secular_07/071014.mp3,Baroque secular,train,"43 Prelude No. 22 in B-flat minor, BWV 867","Prelude No. 22 in B-flat minor, BWV 867",,Bach Clavicembalo 1,,Johann Sebastian Bach
Entire_music/train/Baroque_secular_07/071015.mp3,Baroque secular,train,43 Prelude No.22 in B-flat minor,Prelude No.22 in B-flat minor,Glenn Gould,Bach Clavicembalo II,,Bach
Entire_music/train/Baroque_secular_07/071016.mp3,Baroque secular,train,"43 di Johann Sebastian Bach - Das Wohltemperierte Klavier Teil 1, Disc 2",BWV 867 B flat minor -- Prelude,Johann Sebastian Bach,"Das Wohltemperierte Klavier Teil 1, Disc 2",,Johann Sebastian Bach
Entire_music/train/Baroque_secular_07/071017.mp3,Baroque secular,train,"43 di Johann Sebastian Bach - Das Wohltemperierte Klavier Teil 2, Disc 2",BWV 891 B flat minor - Prelude,"Bach, J. S.",The Well-Tempered Clavier Book 2 (CD 2),,Johann Sebastian Bach
Entire_music/train/Baroque_secular_07/071018.mp3,Baroque secular,train,"44 Fugue No. 22 in B-flat minor, BWV 867","Fugue No. 22 in B-flat minor, BWV 867",,Bach Clavicembalo 1,,Johann Sebastian Bach
Entire_music/test/Baroque_secular_07/071019.mp3,Baroque secular,test,44 Fugue No.22 in B-flat minor,Fugue No.22 in B-flat minor,Glenn Gould,Bach Clavicembalo II,,Bach
Entire_music/train/Baroque_secular_07/071020.mp3,Baroque secular,train,"44 di Johann Sebastian Bach - Das Wohltemperierte Klavier Teil 1, Disc 2",BWV 867 B flat minor -- Fugue,Johann Sebastian Bach,"Das Wohltemperierte Klavier Teil 1, Disc 2",,Johann Sebastian Bach
Entire_music/train/Baroque_secular_07/071021.mp3,Baroque secular,train,"44 di Johann Sebastian Bach - Das Wohltemperierte Klavier Teil 2, Disc 2",BWV 891 B flat minor - Fugue,"Bach, J. S.",The Well-Tempered Clavier Book 2 (CD 2),,Johann Sebastian Bach
Entire_music/val/Baroque_secular_07/071022.mp3,Baroque secular,val,"45 Prelude No.23 in B major, BWV 868","Prelude No.23 in B major, BWV 868",,Bach Clavicembalo 1,,Johann Sebastian Bach
Entire_music/train/Baroque_secular_07/071023.mp3,Baroque secular,train,45 Prelude No.23 in B major,Prelude No.23 in B major,Glenn Gould,Bach Clavicembalo II,,Bach
Entire_music/train/Baroque_secular_07/071024.mp3,Baroque secular,train,"45 di Johann Sebastian Bach - Das Wohltemperierte Klavier Teil 1, Disc 2",BWV 868 B major -- Prelude,Johann Sebastian Bach,"Das Wohltemperierte Klavier Teil 1, Disc 2",,Johann Sebastian Bach
Entire_music/train/Baroque_secular_07/071025.mp3,Baroque secular,train,"45 di Johann Sebastian Bach - Das Wohltemperierte Klavier Teil 2, Disc 2",BWV 892 B major - Prelude,"Bach, J. S.",The Well-Tempered Clavier Book 2 (CD 2),,Johann Sebastian Bach
Entire_music/test/Baroque_secular_07/071026.mp3,Baroque secular,test,"46 Fugue No.23 in B major, BWV 868","Fugue No.23 in B major, BWV 868",,Bach Clavicembalo 1,,Johann Sebastian Bach
Entire_music/train/Baroque_secular_07/071027.mp3,Baroque secular,train,46 Fugue No.23 in B major,Fugue No.23 in B major,Glenn Gould,Bach Clavicembalo II,,Bach
Entire_music/train/Baroque_secular_07/071028.mp3,Baroque secular,train,"46 di Johann Sebastian Bach - Das Wohltemperierte Klavier Teil 1, Disc 2",BWV 868 B major -- Fugue,Johann Sebastian Bach,"Das Wohltemperierte Klavier Teil 1, Disc 2",,Johann Sebastian Bach
Entire_music/train/Baroque_secular_07/071029.mp3,Baroque secular,train,"46 di Johann Sebastian Bach - Das Wohltemperierte Klavier Teil 2, Disc 2",BWV 892 B major - Fugue,"Bach, J. S.",The Well-Tempered Clavier Book 2 (CD 2),,Johann Sebastian Bach
Entire_music/train/Baroque_secular_07/071030.mp3,Baroque secular,train,"47 Prelude No.24 in B minor, BWV 869","Prelude No.24 in B minor, BWV 869",,Bach Clavicembalo 1,,Johann Sebastian Bach
Entire_music/train/Baroque_secular_07/071031.mp3,Baroque secular,train,47 Prelude No.24 in B minor,Prelude No.24 in B minor,Glenn Gould,Bach Clavicembalo II,,Bach
Entire_music/train/Baroque_secular_07/071032.mp3,Baroque secular,train,"47 di Johann Sebastian Bach - Das Wohltemperierte Klavier Teil 1, Disc 2",BWV 869 B minor -- Prelude,Johann Sebastian Bach,"Das Wohltemperierte Klavier Teil 1, Disc 2",,Johann Sebastian Bach
Entire_music/train/Baroque_secular_07/071033.mp3,Baroque secular,train,"47 di Johann Sebastian Bach - Das Wohltemperierte Klavier Teil 2, Disc 2",BWV 893 B minor - Prelude,"Bach, J. S.",The Well-Tempered Clavier Book 2 (CD 2),,Johann Sebastian Bach
Entire_music/val/Baroque_secular_07/071034.mp3,Baroque secular,val,"48 Fugue No.24 in B minor, BWV 869","Fugue No.24 in B minor, BWV 869",,Bach Clavicembalo 1,,Johann Sebastian Bach
Entire_music/train/Baroque_secular_07/071035.mp3,Baroque secular,train,48 Fugue No.24 in B minor,Fugue No.24 in B minor,Glenn Gould,Bach Clavicembalo II,,Bach
Entire_music/train/Baroque_secular_07/071036.mp3,Baroque secular,train,"48 di Johann Sebastian Bach - Das Wohltemperierte Klavier Teil 1, Disc 2",BWV 869 B minor -- Fugue,Johann Sebastian Bach,"Das Wohltemperierte Klavier Teil 1, Disc 2",,Johann Sebastian Bach
Entire_music/train/Baroque_secular_07/071037.mp3,Baroque secular,train,"48 di Johann Sebastian Bach - Das Wohltemperierte Klavier Teil 2, Disc 2",BWV 893 B minor - Fugue,"Bach, J. S.",The Well-Tempered Clavier Book 2 (CD 2),,Johann Sebastian Bach
Entire_music/train/Baroque_secular_07/071038.mp3,Baroque secular,train,A. Vivaldi Concerti con molti strumenti [Europa Galante - F. Biondi],Concerti con molti strumenti,Europa Galante - F. Biondi,,,A. Vivaldi
Entire_music/train/Baroque_secular_07/071039.mp3,Baroque secular,train,Antonio Vivaldi - Le quattro stagioni The Four Seasons Classical Music,Le quattro stagioni The Four Seasons Classical Music,,,,Antonio Vivaldi
Entire_music/train/Baroque_secular_07/071040.mp3,Baroque secular,train,Aria variata alla maniera italiana BWV 989.Feinberg,Aria variata alla maniera italiana BWV 989,Feinberg,,,Johann Sebastian Bach
Entire_music/test/Baroque_secular_07/071041.mp3,Baroque secular,test,BWV.903.Chromatic Fantasy e Fugue.Schiff,BWV.903,Johann Sebastian Bach,Vol.1,,Johann Sebastian Bach
Entire_music/train/Baroque_secular_07/071042.mp3,Baroque secular,train,Bach - Aria Variata Alla Maniera Italiana BWV 989.Padova,Johann Sebastian Bach - Aria Variata Alla Maniera Italiana BWV 989,Andrea Padova,Musica In Bocconi,2006,Bach
Entire_music/val/Baroque_secular_07/071043.mp3,Baroque secular,val,Bach - Complete Flute Sonatas - Emmanuel Pahud Trevor Pinnock,Complete Flute Sonatas,Emmanuel Pahud Trevor Pinnock,,,Bach
Entire_music/train/Baroque_secular_07/071044.mp3,Baroque secular,train,Bach - Largo In Re Min. BWV 974.2.Padova,Johann Sebastian Bach - Largo In Re Min. BWV 974/2,Andrea Padova,Musica In Bocconi,2006,Bach
Entire_music/train/Baroque_secular_07/071045.mp3,Baroque secular,train,"Bach - Partitas Nos. 1,2,3,4,5,6 BWV 825-830 REMASTERED (Centurys recording Glenn Gould)","Partitas Nos. 1,2,3,4,5,6 BWV 825-830",Glenn Gould,,,Bach
Entire_music/train/Baroque_secular_07/071046.mp3,Baroque secular,train,Bach - Sokolov - Goldberg Variations - 01,gold01,Grigory Sokolov,Goldberg Variations,,Bach
Entire_music/train/Baroque_secular_07/071047.mp3,Baroque secular,train,Bach - Sokolov - Goldberg Variations - 02,gold02,Grigory Sokolov,Goldberg Variations,,Bach
Entire_music/train/Baroque_secular_07/071048.mp3,Baroque secular,train,Bach - Sokolov - Goldberg Variations - 03,gold03,Grigory Sokolov,Goldberg Variations,,Bach
Entire_music/train/Baroque_secular_07/071049.mp3,Baroque secular,train,Bach - Sokolov - Goldberg Variations - 04,gold04,Grigory Sokolov,Goldberg Variations,,Bach
Entire_music/train/Baroque_secular_07/071050.mp3,Baroque secular,train,Bach - Sokolov - Goldberg Variations - 05,gold05,Grigory Sokolov,Goldberg Variations,,Bach
Entire_music/train/Baroque_secular_07/071051.mp3,Baroque secular,train,Bach - Sokolov - Goldberg Variations - 06,gold06,Grigory Sokolov,Goldberg Variations,,Bach
Entire_music/train/Baroque_secular_07/071052.mp3,Baroque secular,train,Bach - Sokolov - Goldberg Variations - 07,gold07,Grigory Sokolov,Goldberg Variations,,Bach
Entire_music/train/Baroque_secular_07/071053.mp3,Baroque secular,train,Bach - Sokolov - Goldberg Variations - 08,gold08,Grigory Sokolov,Goldberg Variations,,Bach
Entire_music/train/Baroque_secular_07/071054.mp3,Baroque secular,train,Bach - Sokolov - Goldberg Variations - 09,gold09,Grigory Sokolov,Goldberg Variations,,Bach
Entire_music/train/Baroque_secular_07/071055.mp3,Baroque secular,train,Bach - Sokolov - Goldberg Variations - 10,gold10,Grigory Sokolov,Goldberg Variations,,Bach
Entire_music/test/Baroque_secular_07/071056.mp3,Baroque secular,test,Bach - Sokolov - Goldberg Variations - 11,gold11,Grigory Sokolov,Goldberg Variations,,Bach
Entire_music/train/Baroque_secular_07/071057.mp3,Baroque secular,train,Bach - Sokolov - Goldberg Variations - 12,gold12,Grigory Sokolov,Goldberg Variations,,Bach
Entire_music/train/Baroque_secular_07/071058.mp3,Baroque secular,train,Bach - Sokolov - Goldberg Variations - 13,gold13,Grigory Sokolov,Goldberg Variations,,Bach
Entire_music/train/Baroque_secular_07/071059.mp3,Baroque secular,train,Bach - Sokolov - Goldberg Variations - 14,gold14,Grigory Sokolov,Goldberg Variations,,Bach
Entire_music/train/Baroque_secular_07/071060.mp3,Baroque secular,train,Bach - Sokolov - Goldberg Variations - 15,gold15,Grigory Sokolov,Goldberg Variations,,Bach
Entire_music/train/Baroque_secular_07/071061.mp3,Baroque secular,train,Bach - Sokolov - Goldberg Variations - 16,gold16,Grigory Sokolov,Goldberg Variations,,Bach
Entire_music/train/Baroque_secular_07/071062.mp3,Baroque secular,train,Bach - Sokolov - Goldberg Variations - 17,gold17,Grigory Sokolov,Goldberg Variations,,Bach
Entire_music/train/Baroque_secular_07/071063.mp3,Baroque secular,train,Bach - Sokolov - Goldberg Variations - 18,gold18,Grigory Sokolov,Goldberg Variations,,Bach
Entire_music/train/Baroque_secular_07/071064.mp3,Baroque secular,train,Bach - Sokolov - Goldberg Variations - 19,gold19,Grigory Sokolov,Goldberg Variations,,Bach
Entire_music/train/Baroque_secular_07/071065.mp3,Baroque secular,train,Bach - Sokolov - Goldberg Variations - 20,gold20,Grigory Sokolov,Goldberg Variations,,Bach
Entire_music/train/Baroque_secular_07/071066.mp3,Baroque secular,train,Bach - Sokolov - Goldberg Variations - 21,gold21,Grigory Sokolov,Goldberg Variations,,Bach
Entire_music/train/Baroque_secular_07/071067.mp3,Baroque secular,train,Bach - Sokolov - Goldberg Variations - 22,gold22,Grigory Sokolov,Goldberg Variations,,Bach
Entire_music/train/Baroque_secular_07/071068.mp3,Baroque secular,train,Bach - Sokolov - Goldberg Variations - 23,gold23,Grigory Sokolov,Goldberg Variations,,Bach
Entire_music/train/Baroque_secular_07/071069.mp3,Baroque secular,train,Bach - Sokolov - Goldberg Variations - 24,gold24,Grigory Sokolov,Goldberg Variations,,Bach
Entire_music/val/Baroque_secular_07/071070.mp3,Baroque secular,val,Bach - Sokolov - Goldberg Variations - 25,gold25,Grigory Sokolov,Goldberg Variations,,Bach
Entire_music/train/Baroque_secular_07/071071.mp3,Baroque secular,train,Bach - Sokolov - Goldberg Variations - 26,gold26,Grigory Sokolov,Goldberg Variations,,Bach
Entire_music/test/Baroque_secular_07/071072.mp3,Baroque secular,test,Bach - Sokolov - Goldberg Variations - 27,gold27,Sokolov,,,Bach
Entire_music/train/Baroque_secular_07/071073.mp3,Baroque secular,train,Bach - Sokolov - Goldberg Variations - 28,gold28,Sokolov,,,Bach
Entire_music/train/Baroque_secular_07/071074.mp3,Baroque secular,train,Bach - Sokolov - Goldberg Variations - 29,gold29,Sokolov,,,Bach
Entire_music/train/Baroque_secular_07/071075.mp3,Baroque secular,train,Bach - Sokolov - Goldberg Variations - 30,gold30,Sokolov,,,Bach
Entire_music/train/Baroque_secular_07/071076.mp3,Baroque secular,train,Bach - Sokolov - Goldberg Variations - 31,gold31,Sokolov,,,Bach
Entire_music/train/Baroque_secular_07/071077.mp3,Baroque secular,train,Bach - Sokolov - Goldberg Variations - 32,gold32,Sokolov,,,Bach
Entire_music/train/Baroque_secular_07/071078.mp3,Baroque secular,train,Bach - Sokolov - Sonata in A mi BWV 965 - 1 - Adagio - Based on Sonata #01 of Jan Adams Reincken',Sokolov - Sonata in A mi BWV,Bach,,,Bach
Entire_music/train/Baroque_secular_07/071079.mp3,Baroque secular,train,Bach - Sokolov - Sonata in A mi BWV 965 - 2 - Fuga. Allegro - Live Amsterdam Feb 16 2003,Sokolov - Sonata in A mi BWV,Bach,,,Bach
Entire_music/train/Baroque_secular_07/071080.mp3,Baroque secular,train,Bach - Sokolov - Sonata in A mi BWV 965 - 3 - Adagio - Live Amsterdam Feb 16 2003,Sokolov - Sonata in A mi BWV,Bach,,,Bach
Entire_music/train/Baroque_secular_07/071081.mp3,Baroque secular,train,Bach - Sokolov - Sonata in A mi BWV 965 - 4 - Allemande - Live Amsterdam Feb 16 2003,Sokolov - Sonata in A mi BWV,Bach,,,Bach
Entire_music/train/Baroque_secular_07/071082.mp3,Baroque secular,train,Bach - Sokolov - Sonata in A mi BWV 965 - 5 - Courante - Live Amsterdam Feb 16 2003,Sokolov - Sonata in A mi BWV,Bach,,,Bach
Entire_music/train/Baroque_secular_07/071083.mp3,Baroque secular,train,Bach - Sokolov - Sonata in A mi BWV 965 - 6 - Sarabande - Live Amsterdam Feb 16 2003,Sokolov - Sonata in A mi BWV,Bach,,,Bach
Entire_music/train/Baroque_secular_07/071084.mp3,Baroque secular,train,Bach - Sokolov - Sonata in A mi BWV 965 - 7 - Gigue - Live Amsterdam Feb 16 2003,Sokolov - Sonata in A mi BWV,Bach,,,Bach
Entire_music/train/Baroque_secular_07/071085.mp3,Baroque secular,train,"Bach - The Art of Fugue, BWV 1080 [complete on Organ]","The Art of Fugue, BWV 1080 [complete on Organ]",,,,Bach
Entire_music/train/Baroque_secular_07/071086.mp3,Baroque secular,train,Bach Concerto Italiano - 1 (Allegro),Bach Concerto Italiano - 1 (Allegro),Arturo Benedetti Michelangeli,"Bach, Scarlatti e Galuppi",,Bach
Entire_music/train/Baroque_secular_07/071087.mp3,Baroque secular,train,Bach Concerto Italiano - 2 Adagio,Bach Concerto Italiano - 2 Adagio,Arturo Benedetti Michelangeli,"Bach, Scarlatti e Galuppi",,Bach
Entire_music/train/Baroque_secular_07/071088.mp3,Baroque secular,train,Bach Concerto Italiano - 3 Presto,Bach Concerto Italiano - 3 Presto,Arturo Benedetti Michelangeli,"Bach, Scarlatti e Galuppi",,Bach
Entire_music/train/Baroque_secular_07/071089.mp3,Baroque secular,train,Bach Concerto italiano 2m,Concerto italiano 2m,,,,Bach
Entire_music/val/Baroque_secular_07/071090.mp3,Baroque secular,val,Bach Concerto italiano 3m,Concerto italiano 3m,,,,Bach
Entire_music/val/Baroque_secular_07/071091.mp3,Baroque secular,val,Bach The Goldberg Variations BWV 988 (Recorded1981) - Glenn Gould 432Hz,The Goldberg Variations BWV 988 (Recorded1981),Glenn Gould,,,Bach
Entire_music/test/Baroque_secular_07/071092.mp3,Baroque secular,test,"Bach The Well-Tempered Clavier, Book 1 (Harpsichord Pierre Hantaï)","The Well-Tempered Clavier, Book 1",Pierre Hantaï,,,Bach
Entire_music/train/Baroque_secular_07/071093.mp3,Baroque secular,train,"Bach Toccata In D, BWV 912.Gould","Bach (JS): Toccata In D, BWV 912 - Vivace",Glenn Gould,"Bach (JS): 7 Toccatas, BWV 910-916 [Disc 1]",1994,Bach
Entire_music/test/Baroque_secular_07/071094.mp3,Baroque secular,test,Bach Toccata in D min BWV 913.Gould,Bach:Toccata in D min BWV 913,Glenn Gould,"Bach (JS): 7 Toccatas, BWV 910-916 [Disc 1]",1994,Bach
Entire_music/train/Baroque_secular_07/071095.mp3,Baroque secular,train,Bach Toccata in F# min BWV 910.Gould,Bach:Toccata in F# min BWV 910,Glenn Gould,"Bach (JS): 7 Toccatas, BWV 910-916 [Disc 1]",1994,Bach
Entire_music/train/Baroque_secular_07/071096.mp3,Baroque secular,train,"Bach Toccata,aria e fuga do mag.S.Barella","Toccata,aria e fuga do mag",S.Barella,,,Bach
Entire_music/train/Baroque_secular_07/071097.mp3,Baroque secular,train,"Bach Toccatas do-911,Sol.916.Nikolaeva","Toccatas do-911,Sol.916",Nikolaeva,,,Bach
Entire_music/train/Baroque_secular_07/071098.mp3,Baroque secular,train,"Bach- Toccata E min, BWV 914.Sokolov","Bach - Tocata and fugue in E min, BWV 914",Grigory Sokolov,"Chopin Polacca (Pebble Mill 10.6.1997), Schumanne Bach",,Bach
Entire_music/test/Baroque_secular_07/071099.mp3,Baroque secular,test,Bach-Feinberg Largo a moll,Bach-Feinberg Largo a moll,Harada,Schubert Wettbewerb 1991,,Bach
Entire_music/train/Baroque_secular_07/071100.mp3,Baroque secular,train,"Bach-Marcello Concerto 3.BWV 974.2,3 m","Marcello Concerto 3.BWV 974.2,3 m",,,,Bach
Entire_music/train/Baroque_secular_07/071101.mp3,Baroque secular,train,Bach-Marcello concerto 3.BWV 974.1m,Marcello concerto 3.BWV 974.1m,,,,Bach
Entire_music/train/Baroque_secular_07/071102.mp3,Baroque secular,train,Bach. Fantasie und Fugue In A.BWV 944.Joyce,Prelude And Fugue In A,"Joyce, Eileen",Eileen Joyce Testament,,Bach
Entire_music/train/Baroque_secular_07/071103.mp3,Baroque secular,train,Bach.Concerto italiano 1m,Concerto italiano 1m,,,,Bach
Entire_music/train/Baroque_secular_07/071104.mp3,Baroque secular,train,Bach.Cromatica fantasia e fuga BWV 903.Feinberg,Cromatica fantasia e fuga BWV 903,Feinberg,,,Bach
Entire_music/test/Baroque_secular_07/071105.mp3,Baroque secular,test,"Bach.Toccate re-913,mi-914.Nikolaeva","Toccate re-913,mi-914",Nikolaeva,,,Bach
Entire_music/test/Baroque_secular_07/071106.mp3,Baroque secular,test,"Bach_Cortot_ Arioso, from Concerto in F minor","Bach/Cortot: Arioso, from Concerto in F minor",Alfred Cortot,Alfred Cortot plays short works,,Bach
Entire_music/train/Baroque_secular_07/071107.mp3,Baroque secular,train,Chrom.fant.e fuga.Agosti,Chrom.fant.e fuga,Agosti,Guido Agosti,,
Entire_music/train/Baroque_secular_07/071108.mp3,Baroque secular,train,Chrom.fant.e fuga.Fuga,Chrom.fant.e fuga.Fuga,,Guido Agosti,,
Entire_music/train/Baroque_secular_07/071109.mp3,Baroque secular,train,Chromatic Fantasy and Fugue in D minor [BWV 903],Chromatic Fantasy and Fugue in D minor [BWV 903],"Bach, J.S / Alfred Brendel",Italian Concerto & Chromatic Fantasy - Brendel,1976,Johann Sebastian Bach
Entire_music/train/Baroque_secular_07/071110.mp3,Baroque secular,train,"Chromatic Fantasy and Fugue in D minor, BWV 903 - Fantasie","Chromatic Fantasy and Fugue in D minor, BWV 903 - Fantasie",Johann Sebastian Bach,"'Jesu, joy of Man's desiring"", Petites reludes du livres de W.F. Bach, PreludesItalian Concerto Etc. - Tipo",1991,Johann Sebastian Bach
Entire_music/train/Baroque_secular_07/071111.mp3,Baroque secular,train,"Chromatic Fantasy and Fugue in D minor, BWV 903 - Fugue","Chromatic Fantasy and Fugue in D minor, BWV 903 - Fugue",Johann Sebastian Bach,"'Jesu, joy of Man's desiring"", Petites reludes du livres de W.F. Bach, PreludesItalian Concerto Etc. - Tipo",1991,Johann Sebastian Bach
Entire_music/train/Baroque_secular_07/071112.mp3,Baroque secular,train,Domenico Scarlatti - Sonatas Ivo Pogorelić,Sonatas,Ivo Pogorelić,,,Domenico Scarlatti
Entire_music/train/Baroque_secular_07/071113.mp3,Baroque secular,train,"Fantasia & Fuga in A minor, BWV 904.Kirkpatrick","Fantasia & Fuga in A minor, BWV 904 - Fantasia",Ralph Kirkpatrick,"J.S.Bach: Goldberg Variations, Italian Concerto",,Johann Sebastian Bach
Entire_music/train/Baroque_secular_07/071114.mp3,Baroque secular,train,Fantasia And Fugue In A Minor BWV 904,Fantasia And Fugue In A Minor BWV 904,"Fischer, Edwin",The Piano Library Edwin Fischer,,Johann Sebastian Bach
Entire_music/train/Baroque_secular_07/071115.mp3,Baroque secular,train,"Fantasia And Fugue In A Minor, BWV 944.Richter","Fantasia And Fugue In A Minor, BWV 944",Sviatoslav Richter,Russian Piano School Volume 6,,Johann Sebastian Bach
Entire_music/train/Baroque_secular_07/071116.mp3,Baroque secular,train,Fantasia In C Minor BWV 906,Fantasia In C Minor BWV 906,"Fischer, Edwin",The Piano Library Edwin Fischer,,Johann Sebastian Bach
Entire_music/val/Baroque_secular_07/071117.mp3,Baroque secular,val,"Fantasia In C Minor, BWV 906.Richter","Fantasia In C Minor, BWV 906",Johann Sebastian Bach 2,Sviatoslav Richter: The autorised recording 2,1994,Johann Sebastian Bach
Entire_music/train/Baroque_secular_07/071118.mp3,Baroque secular,train,Fantasia e fuga.2.Sokolov,Fantasia e fuga.2,Sokolov,,,
Entire_music/train/Baroque_secular_07/071119.mp3,Baroque secular,train,Fantasia i fuga la.1.Sokolov,Fantasia i fuga la.1,Sokolov,,,
Entire_music/train/Baroque_secular_07/071120.mp3,Baroque secular,train,"Fantasia in C minor, BWV 906.Kirkpatrick","Fantasia in C minor, BWV 906",Ralph Kirkpatrick,"J.S.Bach: Goldberg Variations, Italian Concerto",,Johann Sebastian Bach
Entire_music/train/Baroque_secular_07/071121.mp3,Baroque secular,train,"Fantasia, BWV 919 In C Minor.Landowska","Fantasia, BWV 919 In C Minor",Wanda Landowska,BACH Landowska Recordings,1951,Johann Sebastian Bach
Entire_music/test/Baroque_secular_07/071122.mp3,Baroque secular,test,"Fantasy And Fugue In A Minor, BWV 944.Kirkpatrick","Fantasy And Fugue In A Minor, BWV 944",Ralph Kirkpatrick,The Complete 1950s Bach Recordings,1957,Johann Sebastian Bach
Entire_music/train/Baroque_secular_07/071123.mp3,Baroque secular,train,Fantasy and Fugue in A minor [BWV 904],Fantasy and Fugue in A minor [BWV 904],"Bach, J.S / Alfred Brendel",Italian Concerto & Chromatic Fantasy - Brendel,1976,Johann Sebastian Bach
Entire_music/train/Baroque_secular_07/071124.mp3,Baroque secular,train,Gavrilov-Bach French Suite-cd1,French Suite-cd1,Gavrilov,,,Bach
Entire_music/train/Baroque_secular_07/071125.mp3,Baroque secular,train,Gavrilov-Bach French Suite-cd2,French Suite-cd2,Gavrilov,,,Bach
Entire_music/train/Baroque_secular_07/071126.mp3,Baroque secular,train,Handel 9 Suites,9 Suites,,,,Handel
Entire_music/val/Baroque_secular_07/071127.mp3,Baroque secular,val,Handel Water Music,Water Music,,,,Handel
Entire_music/test/Baroque_secular_07/071128.mp3,Baroque secular,test,"Hewitt, Angela - Four Duets I in E minor BWV802",Four Duets I in E minor BWV80,"Hewitt, Angela","J.S. Bach: English Suite, Toc",,
Entire_music/train/Baroque_secular_07/071129.mp3,Baroque secular,train,"Hewitt, Angela - II in F major BWV803",II in F major BWV803,"Hewitt, Angela","J.S. Bach: English Suite, Toc",,
Entire_music/train/Baroque_secular_07/071130.mp3,Baroque secular,train,"Hewitt, Angela - III in G major BWV804",III in G major BWV804,"Hewitt, Angela","J.S. Bach: English Suite, Toc",,
Entire_music/test/Baroque_secular_07/071131.mp3,Baroque secular,test,"Hewitt, Angela - IV in A minor BWV805",IV in A minor BWV805,"Hewitt, Angela","J.S. Bach: English Suite, Toc",,
Entire_music/train/Baroque_secular_07/071132.mp3,Baroque secular,train,"Hewitt, Angela - Toccata in C minor BWV911",Toccata in C minor BWV911,"Hewitt, Angela","J.S. Bach: English Suite, Toc",,Johann Sebastian Bach
Entire_music/train/Baroque_secular_07/071133.mp3,Baroque secular,train,Hrom.fant.e fuga,Hrom.fant.e fuga,Nersesian.,Bach.,,
Entire_music/train/Baroque_secular_07/071134.mp3,Baroque secular,train,"J.S. Bach Brandenburg Concertos 1 - 6, Claudio Abbado",Brandenburg Concertos 1 - 6,Claudio Abbado,,,J.S. Bach
Entire_music/test/Baroque_secular_07/071135.mp3,Baroque secular,test,J.S. Bach Musikalisches Opfer BWV 1079 [Le Concert des Nations - J.Savall],Musikalisches Opfer BWV 1079,Le Concert des Nations - J.Savall,,,J.S. Bach
Entire_music/train/Baroque_secular_07/071136.mp3,Baroque secular,train,J.S.Bach Complete Orchestral-Suites [ O.Klemperer New-Philharmonia-O ] (1969),Complete Orchestral-Suites (1969),O.Klemperer New-Philharmonia-O,,,J.S.Bach
Entire_music/train/Baroque_secular_07/071137.mp3,Baroque secular,train,Jean-Philippe Rameau Nouvelles Suites - Alexandre Tharaud (Audio video),Nouvelles Suites,Alexandre Tharaud,,,Jean-Philippe Rameau
Entire_music/train/Baroque_secular_07/071138.mp3,Baroque secular,train,Jordi Savall - Jean-Baptiste Lully - LOrchestre Du Roi Soleil,LOrchestre Du Roi Soleil,Jordi Savall,,,Jean-Baptiste Lully
Entire_music/train/Baroque_secular_07/071139.mp3,Baroque secular,train,"Jordi Savall - Merula, Tarquinio - Arie E Capricci A Voce Sola - M.Figueras,",Arie E Capricci A Voce Sola,"Jordi Savall, M.Figueras",,,"Merula, Tarquinio"
Entire_music/train/Baroque_secular_07/071140.mp3,Baroque secular,train,Martin Stadtfeld Bach- Goldberg Variations 01 Aria,Aria,Martin Stadtfeld,Bach: Goldberg Variations,,J.S.Bach
Entire_music/train/Baroque_secular_07/071141.mp3,Baroque secular,train,Martin Stadtfeld Bach- Goldberg Variations 02 Variatio 1 a 1 Clav,Variatio 1 a 1 Clav.,Martin Stadtfeld,Bach: Goldberg Variations,,J.S.Bach
Entire_music/train/Baroque_secular_07/071142.mp3,Baroque secular,train,Martin Stadtfeld Bach- Goldberg Variations 03 Variatio 2 a 1 Clav,Variatio 2 a 1 Clav.,Martin Stadtfeld,Bach: Goldberg Variations,,J.S.Bach
Entire_music/train/Baroque_secular_07/071143.mp3,Baroque secular,train,Martin Stadtfeld Bach- Goldberg Variations 05 Variatio 4 a 1 Clav,Variatio 4 a 1 Clav.,Martin Stadtfeld,Bach: Goldberg Variations,,J.S.Bach
Entire_music/train/Baroque_secular_07/071144.mp3,Baroque secular,train,Prelude (Fantasy) in A minor [BWV 922],Prelude (Fantasy) in A minor [BWV 922],"Bach, J.S / Alfred Brendel",Italian Concerto & Chromatic Fantasy - Brendel,1976,Johann Sebastian Bach
Entire_music/train/Baroque_secular_07/071145.mp3,Baroque secular,train,Rameau Orchestral masterpieces (selection),Orchestral masterpieces (selection),,,,Rameau
Entire_music/val/Baroque_secular_07/071146.mp3,Baroque secular,val,Siziliano,Siziliano,,,,
Entire_music/train/Baroque_secular_07/071147.mp3,Baroque secular,train,Sviatoslav Richter - Prelude and Fugue No. 01 in C Major (2),Prelude and Fugue No. 1 in C Major,Sviatoslav Richter,Well-tempered Clavier,2000,
Entire_music/train/Baroque_secular_07/071148.mp3,Baroque secular,train,Sviatoslav Richter - Prelude and Fugue No. 01 in C Major,Prelude and Fugue No. 1 in C Major,Sviatoslav Richter,Well-tempered Clavier,2000,
Entire_music/train/Baroque_secular_07/071149.mp3,Baroque secular,train,Sviatoslav Richter - Prelude and Fugue No. 02 in C Minor (2),Prelude and Fugue No. 2 in C Minor,Sviatoslav Richter,Well-tempered Clavier,2000,
Entire_music/val/Baroque_secular_07/071150.mp3,Baroque secular,val,Sviatoslav Richter - Prelude and Fugue No. 02 in C Minor,Prelude and Fugue No. 2 in C Minor,Sviatoslav Richter,Well-tempered Clavier,2000,
Entire_music/train/Baroque_secular_07/071151.mp3,Baroque secular,train,Sviatoslav Richter - Prelude and Fugue No. 03 in C Sharp Major (2),Prelude and Fugue No. 3 in C Sharp Major,Sviatoslav Richter,Well-tempered Clavier,2000,
Entire_music/train/Baroque_secular_07/071152.mp3,Baroque secular,train,Sviatoslav Richter - Prelude and Fugue No. 03 in C Sharp Major,Prelude and Fugue No. 3 in C Sharp Major,Sviatoslav Richter,Well-tempered Clavier,2000,
Entire_music/train/Baroque_secular_07/071153.mp3,Baroque secular,train,Sviatoslav Richter - Prelude and Fugue No. 04 in C Sharp Minor (2),Prelude and Fugue No. 4 in C Sharp Minor,Sviatoslav Richter,Well-tempered Clavier,2000,
Entire_music/train/Baroque_secular_07/071154.mp3,Baroque secular,train,Sviatoslav Richter - Prelude and Fugue No. 04 in C Sharp Minor,Prelude and Fugue No. 4 in C Sharp Minor,Sviatoslav Richter,Well-tempered Clavier,2000,
Entire_music/train/Baroque_secular_07/071155.mp3,Baroque secular,train,Sviatoslav Richter - Prelude and Fugue No. 05 in D Major (2),Prelude and Fugue No. 5 in D Major,Sviatoslav Richter,Well-tempered Clavier,2000,
Entire_music/train/Baroque_secular_07/071156.mp3,Baroque secular,train,Sviatoslav Richter - Prelude and Fugue No. 05 in D Major,Prelude and Fugue No. 5 in D Major,Sviatoslav Richter,Well-tempered Clavier,2000,
Entire_music/train/Baroque_secular_07/071157.mp3,Baroque secular,train,Sviatoslav Richter - Prelude and Fugue No. 06 in D Minor (2),Prelude and Fugue No. 6 in D Minor,Sviatoslav Richter,Well-tempered Clavier,2000,
Entire_music/test/Baroque_secular_07/071158.mp3,Baroque secular,test,Sviatoslav Richter - Prelude and Fugue No. 06 in D Minor,Prelude and Fugue No. 6 in D Minor,Sviatoslav Richter,Well-tempered Clavier,2000,
Entire_music/test/Baroque_secular_07/071159.mp3,Baroque secular,test,Sviatoslav Richter - Prelude and Fugue No. 07 in E Flat Major (2),Prelude and Fugue No. 7 in E Flat Major,Sviatoslav Richter,Well-tempered Clavier,2000,
Entire_music/train/Baroque_secular_07/071160.mp3,Baroque secular,train,Sviatoslav Richter - Prelude and Fugue No. 07 in E Flat Major,Prelude and Fugue No. 7 in E Flat Major,Sviatoslav Richter,Well-tempered Clavier,2000,
Entire_music/train/Baroque_secular_07/071161.mp3,Baroque secular,train,Sviatoslav Richter - Prelude and Fugue No. 08 in E Flat Minor (2),Prelude and Fugue No. 8 in E Flat Minor,Sviatoslav Richter,Well-tempered Clavier,2000,
Entire_music/train/Baroque_secular_07/071162.mp3,Baroque secular,train,Sviatoslav Richter - Prelude and Fugue No. 08 in E Flat Minor,Prelude and Fugue No. 8 in E Flat Minor,Sviatoslav Richter,Well-tempered Clavier,2000,
Entire_music/train/Baroque_secular_07/071163.mp3,Baroque secular,train,Sviatoslav Richter - Prelude and Fugue No. 09 in E Major (2),Prelude and Fugue No. 9 in E Major,Sviatoslav Richter,Well-tempered Clavier,2000,
Entire_music/train/Baroque_secular_07/071164.mp3,Baroque secular,train,Sviatoslav Richter - Prelude and Fugue No. 09 in E Major,Prelude and Fugue No. 9 in E Major,Sviatoslav Richter,Well-tempered Clavier,2000,
Entire_music/train/Baroque_secular_07/071165.mp3,Baroque secular,train,Sviatoslav Richter - Prelude and Fugue No. 10 in E Minor (2),Prelude and Fugue No. 10 in E Minor,Sviatoslav Richter,Well-tempered Clavier,2000,
Entire_music/train/Baroque_secular_07/071166.mp3,Baroque secular,train,Sviatoslav Richter - Prelude and Fugue No. 10 in E Minor,Prelude and Fugue No. 10 in E Minor,Sviatoslav Richter,Well-tempered Clavier,2000,
Entire_music/val/Baroque_secular_07/071167.mp3,Baroque secular,val,Sviatoslav Richter - Prelude and Fugue No. 11 in F Major (2),Prelude and Fugue No. 11 in F Major,Sviatoslav Richter,Well-tempered Clavier,2000,
Entire_music/train/Baroque_secular_07/071168.mp3,Baroque secular,train,Sviatoslav Richter - Prelude and Fugue No. 11 in F Major,Prelude and Fugue No. 11 in F Major,Sviatoslav Richter,Well-tempered Clavier,2000,
Entire_music/train/Baroque_secular_07/071169.mp3,Baroque secular,train,Sviatoslav Richter - Prelude and Fugue No. 12 in F Minor (2),Prelude and Fugue No. 12 in F Minor,Sviatoslav Richter,Well-tempered Clavier,2000,
Entire_music/train/Baroque_secular_07/071170.mp3,Baroque secular,train,Sviatoslav Richter - Prelude and Fugue No. 12 in F Minor,Prelude and Fugue No. 12 in F Minor,Sviatoslav Richter,Well-tempered Clavier,2000,
Entire_music/test/Baroque_secular_07/071171.mp3,Baroque secular,test,Sviatoslav Richter - Prelude and Fugue No. 13 in F Sharp Major (2),Prelude and Fugue No. 13 in F Sharp Major,Sviatoslav Richter,Well-tempered Clavier,2000,
Entire_music/train/Baroque_secular_07/071172.mp3,Baroque secular,train,Sviatoslav Richter - Prelude and Fugue No. 13 in F Sharp Major,Prelude and Fugue No. 13 in F Sharp Major,Sviatoslav Richter,Well-tempered Clavier,2000,
Entire_music/val/Baroque_secular_07/071173.mp3,Baroque secular,val,Sviatoslav Richter - Prelude and Fugue No. 14 in F Sharp Minor (2),Prelude and Fugue No. 14 in F Sharp Minor,Sviatoslav Richter,Well-tempered Clavier,2000,
Entire_music/train/Baroque_secular_07/071174.mp3,Baroque secular,train,Sviatoslav Richter - Prelude and Fugue No. 14 in F Sharp Minor,Prelude and Fugue No. 14 in F Sharp Minor,Sviatoslav Richter,Well-tempered Clavier,2000,
Entire_music/train/Baroque_secular_07/071175.mp3,Baroque secular,train,Sviatoslav Richter - Prelude and Fugue No. 15 in G Major (2),Prelude and Fugue No. 15 in G Major,Sviatoslav Richter,Well-tempered Clavier,2000,
Entire_music/test/Baroque_secular_07/071176.mp3,Baroque secular,test,Sviatoslav Richter - Prelude and Fugue No. 15 in G Major,Prelude and Fugue No. 15 in G Major,Sviatoslav Richter,Well-tempered Clavier,2000,
Entire_music/train/Baroque_secular_07/071177.mp3,Baroque secular,train,Sviatoslav Richter - Prelude and Fugue No. 16 in G Minor (2),Prelude and Fugue No. 16 in G Minor,Sviatoslav Richter,Well-tempered Clavier,2000,
Entire_music/val/Baroque_secular_07/071178.mp3,Baroque secular,val,Sviatoslav Richter - Prelude and Fugue No. 16 in G Minor,Prelude and Fugue No. 16 in G Minor,Sviatoslav Richter,Well-tempered Clavier,2000,
Entire_music/train/Baroque_secular_07/071179.mp3,Baroque secular,train,Sviatoslav Richter - Preludes & Fugue No.17 in A flat Major (2),Preludes & Fugue No.17 in A flat Major,Sviatoslav Richter,Well-tempered Clavier,2000,
Entire_music/train/Baroque_secular_07/071180.mp3,Baroque secular,train,Sviatoslav Richter - Preludes & Fugue No.17 in A flat Major,Preludes & Fugue No.17 in A flat Major,Sviatoslav Richter,Well-tempered Clavier,2000,
Entire_music/train/Baroque_secular_07/071181.mp3,Baroque secular,train,Sviatoslav Richter - Preludes & Fugue No.18 in G sharp Minor (2),Preludes & Fugue No.18 in G sharp Minor,Sviatoslav Richter,Well-tempered Clavier,2000,
Entire_music/train/Baroque_secular_07/071182.mp3,Baroque secular,train,Sviatoslav Richter - Preludes & Fugue No.18 in G sharp Minor,Preludes & Fugue No.18 in G sharp Minor,Sviatoslav Richter,Well-tempered Clavier,2000,
Entire_music/train/Baroque_secular_07/071183.mp3,Baroque secular,train,Sviatoslav Richter - Preludes & Fugue No.19 in A Major (2),Preludes & Fugue No.19 in A Major,Sviatoslav Richter,Well-tempered Clavier,2000,
Entire_music/test/Baroque_secular_07/071184.mp3,Baroque secular,test,Sviatoslav Richter - Preludes & Fugue No.19 in A Major,Preludes & Fugue No.19 in A Major,Sviatoslav Richter,Well-tempered Clavier,2000,
Entire_music/train/Baroque_secular_07/071185.mp3,Baroque secular,train,Sviatoslav Richter - Preludes & Fugue No.20 in A Minor (2),Preludes & Fugue No.20 in A Minor,Sviatoslav Richter,Well-tempered Clavier,2000,
Entire_music/train/Baroque_secular_07/071186.mp3,Baroque secular,train,Sviatoslav Richter - Preludes & Fugue No.20 in A Minor,Preludes & Fugue No.20 in A Minor,Sviatoslav Richter,Well-tempered Clavier,2000,
Entire_music/val/Baroque_secular_07/071187.mp3,Baroque secular,val,Sviatoslav Richter - Preludes & Fugue No.21 in B flat Major,Preludes & Fugue No.21 in B  flat Major,Sviatoslav Richter,Well-tempered Clavier,2000,
Entire_music/train/Baroque_secular_07/071188.mp3,Baroque secular,train,Sviatoslav Richter - Preludes & Fugue No.21 in B flat Major,Preludes & Fugue No.21 in B flat Major,Sviatoslav Richter,Well-tempered Clavier,2000,
Entire_music/train/Baroque_secular_07/071189.mp3,Baroque secular,train,Sviatoslav Richter - Preludes & Fugue No.22 in B flat Minor (2),Preludes & Fugue No.22 in B flat Minor,Sviatoslav Richter,Well-tempered Clavier,2000,
Entire_music/train/Baroque_secular_07/071190.mp3,Baroque secular,train,Sviatoslav Richter - Preludes & Fugue No.22 in B flat Minor,Preludes & Fugue No.22 in B flat Minor,Sviatoslav Richter,Well-tempered Clavier,2000,
Entire_music/train/Baroque_secular_07/071191.mp3,Baroque secular,train,Sviatoslav Richter - Preludes & Fugue No.23 in B Major (2),Preludes & Fugue No.23 in B Major,Sviatoslav Richter,Well-tempered Clavier,2000,
Entire_music/train/Baroque_secular_07/071192.mp3,Baroque secular,train,Sviatoslav Richter - Preludes & Fugue No.23 in B Major,Preludes & Fugue No.23 in B Major,Sviatoslav Richter,Well-tempered Clavier,2000,
Entire_music/train/Baroque_secular_07/071193.mp3,Baroque secular,train,Sviatoslav Richter - Preludes & Fugue No.24 in B Minor (2),Preludes & Fugue No.24 in B Minor,Sviatoslav Richter,Well-tempered Clavier,2000,
Entire_music/train/Baroque_secular_07/071194.mp3,Baroque secular,train,Sviatoslav Richter - Preludes & Fugue No.24 in B Minor,Preludes & Fugue No.24 in B Minor,Sviatoslav Richter,Well-tempered Clavier,2000,
Entire_music/train/Baroque_secular_07/071195.mp3,Baroque secular,train,"Tarquinio Merula - Canzoni overo sonate concertate per chiesa e camera, Book 3, Op. 12 (1637)","Canzoni overo sonate concertate per chiesa e camera, Book 3, Op. 12 (1637)",,,,Tarquinio Merula
Entire_music/train/Baroque_secular_07/071196.mp3,Baroque secular,train,The Best Of François Couperin,The Best Of François Couperin,,,,François Couperin
Entire_music/train/Baroque_secular_07/071197.mp3,Baroque secular,train,"Toccata In D Minor, BWV 913.Richter","Toccata In D Minor, BWV 913",Johann Sebastian Bach 2,Sviatoslav Richter: The autorised recording 2,1994,Johann Sebastian Bach
Entire_music/test/Baroque_secular_07/071198.mp3,Baroque secular,test,"Toccata In G Major, BWV 916.Richter","Toccata In G Major, BWV 916",Johann Sebastian Bach 2,Sviatoslav Richter: The autorised recording 2,1994,Johann Sebastian Bach
Entire_music/train/Baroque_secular_07/071199.mp3,Baroque secular,train,"Toccata in C Minor, BWV 911.Argerich","Toccata in C Minor, BWV 911",Composer: Bach; Pianist: Martha Argerich,J.S.Bach - Martha Argerich,1980,Johann Sebastian Bach
Entire_music/test/Baroque_secular_07/071200.mp3,Baroque secular,test,"Toccata in C Minor, BWV911.Gould","Toccata in C Minor, BWV911",Glenn Gould,Bach Toccatas Vol. 2,1979,
Entire_music/train/Baroque_secular_07/071201.mp3,Baroque secular,train,"Toccata in C minor, BWV 911","Toccata in C minor, BWV 911",Johann Sebastian Bach,Toccatas,1984,Johann Sebastian Bach
Entire_music/train/Baroque_secular_07/071202.mp3,Baroque secular,train,"Toccata in D major, BWV 912","Toccata in D major, BWV 912",Johann Sebastian Bach,Toccatas,1984,Johann Sebastian Bach
Entire_music/train/Baroque_secular_07/071203.mp3,Baroque secular,train,"Toccata in D minor, BWV 913","Toccata in D minor, BWV 913",Johann Sebastian Bach,Toccatas,1984,Johann Sebastian Bach
Entire_music/val/Baroque_secular_07/071204.mp3,Baroque secular,val,"Toccata in E minor, BWV 914","Toccata in E minor, BWV 914",Johann Sebastian Bach,Toccatas,1984,Johann Sebastian Bach
Entire_music/train/Baroque_secular_07/071205.mp3,Baroque secular,train,"Toccata in E minor, BWV914.Gould","Toccata in E minor, BWV914",Glenn Gould,Bach Toccatas Vol. 2,1979,
Entire_music/train/Baroque_secular_07/071206.mp3,Baroque secular,train,"Toccata in F sharp minor, BWV 910","Toccata in F sharp minor, BWV 910",Johann Sebastian Bach,Toccatas,1984,Johann Sebastian Bach
Entire_music/train/Baroque_secular_07/071207.mp3,Baroque secular,train,"Toccata in G Major, BWV916.Gould","Toccata in G Major, BWV916",Glenn Gould,Bach Toccatas Vol. 2,1979,
Entire_music/train/Baroque_secular_07/071208.mp3,Baroque secular,train,"Toccata in G minor, BWV915.Gould","Toccata in G minor, BWV915",Glenn Gould,Bach Toccatas Vol. 2,1979,
Entire_music/train/Baroque_secular_07/071209.mp3,Baroque secular,train,Toccata in c-Moll BWV 911.Jaccottet,Toccata in c-Moll BWV 911,Bach: Christiane Jaccottet,Toccaten BWV 910-916,1990,Johann Sebastian Bach
Entire_music/train/Classical_sacred_08/080001.mp3,Classical sacred,train,Beethoven - Missa Solemnis New Mastering + P° (Centurys recording Herbert Von Karajan 1975),Missa Solemnis,Herbert Von Karajan,,,Beethoven
Entire_music/train/Classical_sacred_08/080002.mp3,Classical sacred,train,C.P.E.Bach Magnificat in D major Wq. 215 H.772,Magnificat in D major Wq. 215 H.772,,,,C.P.E.Bach
Entire_music/test/Classical_sacred_08/080003.mp3,Classical sacred,test,Joseph Haydn - The Creation,The Creation,,,,Joseph Haydn
Entire_music/val/Classical_sacred_08/080004.mp3,Classical sacred,val,Mozart - Requiem in D minor (CompleteFull) [HD],Mozart - Requiem in D minor (Complete/Full) [HD],,,,Mozart
Entire_music/train/Classical_sacred_08/080005.mp3,Classical sacred,train,"Mozart - Sacred Music Mass, Oratorio, Vesperea + Presentation (Century’s record. André Charlin)","Sacred Music Mass, Oratorio, Vesperea",,,,Mozart
Entire_music/train/Classical_secular_09/090001.mp3,Classical secular,train,01 - C.P.E. Bach Sonata in G minor Wq 65_17 (H47) i,C.P.E. Bach Sonata in G minor Wq 65/17 (H47) i,Mikhail Pletnev,C.P.E. Bach Sonatas and Rondos Pletnev,,C.P.E. Bach
Entire_music/train/Classical_secular_09/090002.mp3,Classical secular,train,02 - C.P.E. Bach Sonata in G minor Wq 65_17 (H47) ii,C.P.E. Bach Sonata in G minor Wq 65/17 (H47) ii,Mikhail Pletnev,C.P.E. Bach Sonatas and Rondos Pletnev,,C.P.E. Bach
Entire_music/train/Classical_secular_09/090003.mp3,Classical secular,train,03 - C.P.E. Bach Sonata in G minor Wq 65_17 (H47) iii,C.P.E. Bach Sonata in G minor Wq 65/17 (H47) iii,Mikhail Pletnev,C.P.E. Bach Sonatas and Rondos Pletnev,,C.P.E. Bach
Entire_music/train/Classical_secular_09/090004.mp3,Classical secular,train,04 - C.P.E. Bach Rondo in A major Wq 58_1 (H 276),C.P.E. Bach Rondo in A major Wq 58/1 (H 276),Mikhail Pletnev,C.P.E. Bach Sonatas and Rondos Pletnev,,C.P.E. Bach
Entire_music/test/Classical_secular_09/090005.mp3,Classical secular,test,05 - C.P.E. Bach Sonata in C minor Wq 65_31 (H 121) i,C.P.E. Bach Sonata in C minor Wq 65/31 (H 121) i,Mikhail Pletnev,C.P.E. Bach Sonatas and Rondos Pletnev,,C.P.E. Bach
Entire_music/train/Classical_secular_09/090006.mp3,Classical secular,train,06 - C.P.E. Bach Sonata in C minor Wq 65_31 (H 121) ii,C.P.E. Bach Sonata in C minor Wq 65/31 (H 121) ii,Mikhail Pletnev,C.P.E. Bach Sonatas and Rondos Pletnev,,C.P.E. Bach
Entire_music/val/Classical_secular_09/090007.mp3,Classical secular,val,07 - C.P.E. Bach Sonata in C minor Wq 65_31 (H 121) iii,C.P.E. Bach Sonata in C minor Wq 65/31 (H 121) iii,Mikhail Pletnev,C.P.E. Bach Sonatas and Rondos Pletnev,,C.P.E. Bach
Entire_music/val/Classical_secular_09/090008.mp3,Classical secular,val,08 - C.P.E. Bach Sonata in D major Wq 61_2 (H 286) i,C.P.E. Bach Sonata in D major Wq 61/2 (H 286) i,Mikhail Pletnev,C.P.E. Bach Sonatas and Rondos Pletnev,,C.P.E. Bach
Entire_music/val/Classical_secular_09/090009.mp3,Classical secular,val,09 - C.P.E. Bach Sonata in D major Wq 61_2 (H 286) ii,C.P.E. Bach Sonata in D major Wq 61/2 (H 286) ii,Mikhail Pletnev,C.P.E. Bach Sonatas and Rondos Pletnev,,C.P.E. Bach
Entire_music/train/Classical_secular_09/090010.mp3,Classical secular,train,10 - C.P.E. Bach Sonata in D major Wq 61_2 (H 286) iii,C.P.E. Bach Sonata in D major Wq 61/2 (H 286) iii,Mikhail Pletnev,C.P.E. Bach Sonatas and Rondos Pletnev,,C.P.E. Bach
Entire_music/train/Classical_secular_09/090011.mp3,Classical secular,train,11 - C.P.E. Bach Sonata in F sharp minor Wq 52_4 (H37) i,C.P.E. Bach Sonata in F sharp minor Wq 52/4 (H37) i,Mikhail Pletnev,C.P.E. Bach Sonatas and Rondos Pletnev,,C.P.E. Bach
Entire_music/train/Classical_secular_09/090012.mp3,Classical secular,train,12 - C.P.E. Bach Sonata in F sharp minor Wq 52_4 (H37) ii,C.P.E. Bach Sonata in F sharp minor Wq 52/4 (H37) ii,Mikhail Pletnev,C.P.E. Bach Sonatas and Rondos Pletnev,,C.P.E. Bach
Entire_music/train/Classical_secular_09/090013.mp3,Classical secular,train,13 - C.P.E. Bach Sonata in F sharp minor Wq 52_4 (H37) iii,C.P.E. Bach Sonata in F sharp minor Wq 52/4 (H37) iii,Mikhail Pletnev,C.P.E. Bach Sonatas and Rondos Pletnev,,C.P.E. Bach
Entire_music/train/Classical_secular_09/090014.mp3,Classical secular,train,14 - C.P.E. Bach Rondo in D minor Wq 61_4 (H 290),C.P.E. Bach Rondo in D minor Wq 61/4 (H 290),Mikhail Pletnev,C.P.E. Bach Sonatas and Rondos Pletnev,,C.P.E. Bach
Entire_music/test/Classical_secular_09/090015.mp3,Classical secular,test,15 - C.P.E. Bach Sonata in G major Wq 62_19 (H 119) i,C.P.E. Bach Sonata in G major Wq 62/19 (H 119) i,Mikhail Pletnev,C.P.E. Bach Sonatas and Rondos Pletnev,,C.P.E. Bach
Entire_music/train/Classical_secular_09/090016.mp3,Classical secular,train,16 - C.P.E. Bach Sonata in G major Wq 62_19 (H 119) ii,C.P.E. Bach Sonata in G major Wq 62/19 (H 119) ii,Mikhail Pletnev,C.P.E. Bach Sonatas and Rondos Pletnev,,C.P.E. Bach
Entire_music/train/Classical_secular_09/090017.mp3,Classical secular,train,17 - C.P.E. Bach Sonata in G major Wq 62_19 (H 119) iii,C.P.E. Bach Sonata in G major Wq 62/19 (H 119) iii,Mikhail Pletnev,C.P.E. Bach Sonatas and Rondos Pletnev,,C.P.E. Bach
Entire_music/train/Classical_secular_09/090018.mp3,Classical secular,train,18 - C.P.E. Bach Rondo in C minor Wq 59_4 (H 283),C.P.E. Bach Rondo in C minor Wq 59/4 (H 283),Mikhail Pletnev,C.P.E. Bach Sonatas and Rondos Pletnev,,C.P.E. Bach
Entire_music/test/Classical_secular_09/090019.mp3,Classical secular,test,19 - C.P.E. Bach Sonata in E minor Wq 59_1 (H 281) i,C.P.E. Bach Sonata in E minor Wq 59/1 (H 281) i,Mikhail Pletnev,C.P.E. Bach Sonatas and Rondos Pletnev,,C.P.E. Bach
Entire_music/val/Classical_secular_09/090020.mp3,Classical secular,val,20 - C.P.E. Bach Sonata in E minor Wq 59_1 (H 281) ii,C.P.E. Bach Sonata in E minor Wq 59/1 (H 281) ii,Mikhail Pletnev,C.P.E. Bach Sonatas and Rondos Pletnev,,C.P.E. Bach
Entire_music/train/Classical_secular_09/090021.mp3,Classical secular,train,21 - C.P.E. Bach Sonata in E minor Wq 59_1 (H 281) iii,C.P.E. Bach Sonata in E minor Wq 59/1 (H 281) iii,Mikhail Pletnev,C.P.E. Bach Sonatas and Rondos Pletnev,,C.P.E. Bach
Entire_music/train/Classical_secular_09/090022.mp3,Classical secular,train,"32 Variations on an Original Theme in C Minor, WoO 80","32 Variations on an Original Theme in C Minor, WoO 80",,,,
Entire_music/train/Classical_secular_09/090023.mp3,Classical secular,train,"Beethoven - Diabelli Variations, Op. 120 [Grigory Sokolov]","Diabelli Variations, Op. 120",Grigory Sokolov,,,Beethoven
Entire_music/train/Classical_secular_09/090024.mp3,Classical secular,train,"Beethoven - Piano Sonata No. 30 in E major, op. 109 (Audio+Sheet) [Arrau]","Piano Sonata No. 30 in E major, op. 109",Arrau,,,Beethoven
Entire_music/train/Classical_secular_09/090025.mp3,Classical secular,train,Beethoven - Symphony No. 3 in E flat major (Op. 55) Eroica Berliner Philharmoniker,Symphony No. 3 in E flat major (Op. 55) Eroica,Berliner Philharmoniker,,,Beethoven
Entire_music/train/Classical_secular_09/090026.mp3,Classical secular,train,"Beethoven Piano Concerto No.5 in Eb, Op.73 (Helmchen)","Piano Concerto No.5 in Eb, Op.73",Helmchen,,,Beethoven
Entire_music/val/Classical_secular_09/090027.mp3,Classical secular,val,"Beethoven Piano Sonata No. 8 in C minor, Op. 13 - Pathétique - Claudio Arrau","Piano Sonata No. 8 in C minor, Op. 13 - Pathétique",Claudio Arrau,,,Beethoven
Entire_music/train/Classical_secular_09/090028.mp3,Classical secular,train,"Beethoven Sonata No.21 in C Major, Waldstein (Pletnev)","Sonata No.21 in C Major, Waldstein",Pletnev,,,Beethoven
Entire_music/train/Classical_secular_09/090029.mp3,Classical secular,train,Beethoven Sonata No.32 in C Minor (Pogorelich),Sonata No.32 in C Minor,Pogorelich,,,Beethoven
Entire_music/train/Classical_secular_09/090030.mp3,Classical secular,train,"Beethoven String Quartet no. 7 in F major, op. 59 no. 1","String Quartet no. 7 in F major, op. 59 no. 1",,,,Beethoven
Entire_music/train/Classical_secular_09/090031.mp3,Classical secular,train,Domenico Cimarosa - 32 Piano Sonatas,32 Piano Sonatas,,,,Domenico Cimarosa
Entire_music/test/Classical_secular_09/090032.mp3,Classical secular,test,"Domenico Cimarosa Concerti, Sestetti e Quartetti - LArte dellArco","Concerti, Sestetti e Quartetti",LArte dellArco,,,Domenico Cimarosa
Entire_music/test/Classical_secular_09/090033.mp3,Classical secular,test,Emil Gilels Beethoven Sonata No 14 Moonlight,Sonata No 14 Moonlight,Emil Gilels,,,Beethoven
Entire_music/train/Classical_secular_09/090034.mp3,Classical secular,train,"GILELS, Beethoven Piano Sonata No.31 in A flat Op.110",Piano Sonata No.31 in A flat Op.110,GILELS,,,Beethoven
Entire_music/train/Classical_secular_09/090035.mp3,Classical secular,train,Giovanni Paisiello Concerto in mi bemolle maggiore per mandolino,Concerto in mi bemolle maggiore per mandolino,,,,Giovanni Paisiello
Entire_music/train/Classical_secular_09/090036.mp3,Classical secular,train,"Haydn Takács Quartet 6 String Quartets, op 76","6 String Quartets, op 76",Takács Quartet,,,Haydn
Entire_music/train/Classical_secular_09/090037.mp3,Classical secular,train,Haydn Symphony No. 104 in D major London (with Score),Symphony No. 104 in D major London,,,,Haydn
Entire_music/train/Classical_secular_09/090038.mp3,Classical secular,train,K.Ph.E.Bach Sonata in la mag.Gilels,Sonata in la mag,Gilels,,,K.Ph.E.Bach
Entire_music/train/Classical_secular_09/090039.mp3,Classical secular,train,K.Ph.E.Bach.Andante con tenerezza.Pletnev,Andante con tenerezza,Pletnev,,,K.Ph.E.Bach
Entire_music/train/Classical_secular_09/090040.mp3,Classical secular,train,"Ludwig van Beethoven - Piano Sonata No. 23 Appassionata, Op. 57 [Complete] (Piano Solo)","Piano Sonata No. 23 Appassionata, Op. 57",,,,Ludwig van Beethoven
Entire_music/train/Classical_secular_09/090041.mp3,Classical secular,train,Ludwig van Beethoven - Violin Sonata No. 9 Kreutzer,Violin Sonata No. 9 Kreutzer,,,,Ludwig van Beethoven
Entire_music/train/Classical_secular_09/090042.mp3,Classical secular,train,Montserrat Caballé Paisiello Nel Cor Più Non Mi Sento,Nel Cor Più Non Mi Sento,Montserrat Caballé,,,Paisiello
Entire_music/train/Classical_secular_09/090043.mp3,Classical secular,train,Mozart - Opera Overtures,Opera Overtures,,,,Mozart
Entire_music/train/Classical_secular_09/090044.mp3,Classical secular,train,"Mozart - Piano Concerto No. 23 in A major, K. 488 (Murray Perahia)","Piano Concerto No. 23 in A major, K. 488",Murray Perahia,,,Mozart
Entire_music/train/Classical_secular_09/090045.mp3,Classical secular,train,Mozart - Sonata in A minor K310 (Brendel),Sonata in A minor K310,Brendel,,,Mozart
Entire_music/val/Classical_secular_09/090046.mp3,Classical secular,val,"Mozart - Symphony No. 40 in G minor, K. 550 [complete]","Mozart - Symphony No. 40 in G minor, K. 550 [complete]",,,,Mozart
Entire_music/train/Classical_secular_09/090047.mp3,Classical secular,train,"Mozart - Symphony No. 41 in C, K. 551 [complete] (Jupiter)","Symphony No. 41 in C, K. 551 (Jupiter)",,,,Mozart
Entire_music/train/Classical_secular_09/090048.mp3,Classical secular,train,"Mozart - Violin Concerto No.5 in A major, K.219, Turkish","Violin Concerto No.5 in A major, K.219, Turkish",,,,Mozart
Entire_music/train/Classical_secular_09/090049.mp3,Classical secular,train,Mozart Clarinet Concerto in A major K 622 (Full),Clarinet Concerto in A major K 622,,,,Mozart
Entire_music/train/Classical_secular_09/090050.mp3,Classical secular,train,"Mozart Piano Sonata No. 10 in C major K 330 - Christoph Eschenbach, 1970 - DG 2561 069",Piano Sonata No. 10 in C major K 330,Christoph Eschenbach,,,Mozart
Entire_music/train/Classical_secular_09/090051.mp3,Classical secular,train,"Mozart Piano Sonata No. 11 in A major K 331 - Christoph Eschenbach, 1970 - DG 2561 069",Piano Sonata No. 11 in A major K 331,Christoph Eschenbach,,,Mozart
Entire_music/train/Classical_secular_09/090052.mp3,Classical secular,train,"Mozart Piano Sonata No. 12 in F major KV 332 - Christoph Eschenbach, 1970 - DG 2561 069",Piano Sonata No. 12 in F major KV 332,Christoph Eschenbach,,,Mozart
Entire_music/train/Classical_secular_09/090053.mp3,Classical secular,train,Padre Antonio Soler - Sonatas - Mario Raskin,Sonatas,Mario Raskin,,,Padre Antonio Soler
Entire_music/train/Classical_secular_09/090054.mp3,Classical secular,train,Paisiello 6 Flute Quartets Op.23,6 Flute Quartets Op.23,,,,Paisiello
Entire_music/train/Classical_secular_09/090055.mp3,Classical secular,train,Symphony No. 9 ~ Beethoven,Symphony No. 9 ~ Beethoven,,,,Beethoven
Entire_music/train/Classical_secular_09/090056.mp3,Classical secular,train,The Best Of Muzio Clementi,The Best Of Muzio Clementi,,,,Muzio Clementi
Entire_music/test/Classical_secular_09/090057.mp3,Classical secular,test,The best music of Carl Philipp Emanuel Bach,The best music of Carl Philipp Emanuel Bach,,,,Carl Philipp Emanuel Bach
Entire_music/train/Classical_secular_09/090058.mp3,Classical secular,train,"Wolfgang Amadeus Mozart - String Quartet No. 14, K. 387 [With score]","String Quartet No. 14, K. 387",,,,Wolfgang Amadeus Mozart
Entire_music/train/Country_10/100001.mp3,Country,train,Almost Persuaded - Loretta Lynn Best Songs Of Loretta Lynn Top Classic Country Songs,Almost Persuaded - Loretta Lynn Best Songs Of Loretta Lynn Top Classic Country Songs,Loretta Lynn,,,
Entire_music/train/Country_10/100002.mp3,Country,train,Dolly Parton Greatest Hits Full Album - Dolly Parton Best Old Country Songs All Of Time,Dolly Parton Greatest Hits - Dolly Parton Best Old Country Songs All Of Time,Dolly Parton,,,
Entire_music/train/Country_10/100003.mp3,Country,train,Garth Brooks Greatest Hits (Full Album) Best Songs of Garth Brooks (HQ),Garth Brooks Greatest Hits Best Songs of Garth Brooks,Garth Brooks,,,
Entire_music/val/Country_10/100004.mp3,Country,val,George Jones Greatest Hits - Best Songs Of George Jones,George Jones Greatest Hits - Best Songs Of George Jones,George Jones,,,
Entire_music/train/Country_10/100005.mp3,Country,train,Greatest Hits Country Songs Of Shania Twain - Shania Twain Best Beautiful Country Songs,Greatest Hits Country Songs Of Shania Twain - Shania Twain Best Beautiful Country Songs,Shania Twain,,,
Entire_music/train/Country_10/100006.mp3,Country,train,Hank Williams Greatest Hits Full Album - Hank Williams New Sóng Playlist 2022,Hank Williams Greatest Hits - Hank Williams New Sóng Playlist 2022,Hank Williams,,,
Entire_music/train/Country_10/100007.mp3,Country,train,Johnny Cash Greatest Hits - Best Songs Of Johnny Cash ( FULL ALBUM),Johnny Cash Greatest Hits - Best Songs Of Johnny Cash ( FULL ALBUM),Johnny Cash,,,
Entire_music/test/Country_10/100008.mp3,Country,test,Merle Haggard Greatest Hits 2023 - Best Songs Of Merle Haggard,Merle Haggard Greatest Hits 2023 - Best Songs Of Merle Haggard,Merle Haggard,,,
Entire_music/train/Country_10/100009.mp3,Country,train,Patsy Cline Greatest Hist Full Album 2023 - Best Song Of Patsy Cline,Patsy Cline Greatest Hist 2023 - Best Song Of Patsy Cline,Patsy Cline,,,
Entire_music/train/Country_10/100010.mp3,Country,train,The Be Good Tanyas - Blue Horse (Full Album Stream),Blue Horse,The Be Good Tanyas,Blue Horse,,
Entire_music/train/Country_10/100011.mp3,Country,train,Willie Nelson Greatest Hits (Full Album) - Best Country Music Of Willie Nelson Essential songs,Willie Nelson Greatest Hits - Best Country Music Of Willie Nelson Essential songs,Willie Nelson,,,
Entire_music/train/Dance_11/110001.mp3,Dance,train,"#21 Disclosure Mix 2 - (Settle, Caracal, Energy)","Disclosure Mix 2 (Settle, Caracal, Energy)",Disclosure,,,
Entire_music/train/Dance_11/110002.mp3,Dance,train,(01) Adam F Feat. Redman - Smash Sumthin,Smash Sumthin,Adam F Feat. Redman,Breakbeat Kaos,2003,
Entire_music/train/Dance_11/110003.mp3,Dance,train,(01) Amon Tobin - Like Regular Chickens,Like Regular Chickens,Amon Tobin,Permutation,1998,Amon Tobin
Entire_music/train/Dance_11/110004.mp3,Dance,train,(02) Adam F Feat. M.O.P - Stand Clear,Stand Clear,Adam F Feat. M.O.P,Breakbeat Kaos,2003,
Entire_music/train/Dance_11/110005.mp3,Dance,train,(02) Amon Tobin - Bridge,Bridge,Amon Tobin,Permutation,1998,Amon Tobin
Entire_music/train/Dance_11/110006.mp3,Dance,train,(03) Amon Tobin - Reanimator,Reanimator,Amon Tobin,Permutation,1998,Amon Tobin
Entire_music/test/Dance_11/110007.mp3,Dance,test,(04) Amon Tobin - Sordid,Sordid,Amon Tobin,Permutation,1998,Amon Tobin
Entire_music/train/Dance_11/110008.mp3,Dance,train,(05) Amon Tobin - Nightlife,Nightlife,Amon Tobin,Permutation,1998,Amon Tobin
Entire_music/train/Dance_11/110009.mp3,Dance,train,(06) Amon Tobin - Escape,Escape,Amon Tobin,Permutation,1998,Amon Tobin
Entire_music/test/Dance_11/110010.mp3,Dance,test,(07) Amon Tobin - Switch,Switch,Amon Tobin,Permutation,1998,Amon Tobin
Entire_music/train/Dance_11/110011.mp3,Dance,train,(08) Amon Tobin - People Like Frank,People Like Frank,Amon Tobin,Permutation,1998,Amon Tobin
Entire_music/train/Dance_11/110012.mp3,Dance,train,(09) Amon Tobin - Sultan Drops,Sultan Drops,Amon Tobin,Permutation,1998,Amon Tobin
Entire_music/train/Dance_11/110013.mp3,Dance,train,(10) Amon Tobin - Fast Eddie,Fast Eddie,Amon Tobin,Permutation,1998,Amon Tobin
Entire_music/train/Dance_11/110014.mp3,Dance,train,(11) Amon Tobin - Toys,Toys,Amon Tobin,Permutation,1998,Amon Tobin
Entire_music/test/Dance_11/110015.mp3,Dance,test,(12) Adam F Feat. Beenieman - Dirty Harrys Revenge,Dirty Harrys Revenge,Adam F Feat. Beenieman,Breakbeat Kaos,2003,
Entire_music/train/Dance_11/110016.mp3,Dance,train,(12) Amon Tobin - Nova,Nova,Amon Tobin,Permutation,1998,Amon Tobin
Entire_music/train/Dance_11/110017.mp3,Dance,train,(18) Adam F Feat. Pharoahe Monch - Last Dayz,Last Dayz,Adam F Feat. Pharoahe Monch,Breakbeat Kaos,2003,
Entire_music/val/Dance_11/110018.mp3,Dance,val,AFX - Analogue Bubblebath Vol 3 - .215061,.215061,AFX,Analogue Bubblebath Vol 3,1993,
Entire_music/train/Dance_11/110019.mp3,Dance,train,AFX - Analogue Bubblebath Vol 3 - .55278037732581,.55278037732581,AFX,Analogue Bubblebath Vol 3,1993,
Entire_music/train/Dance_11/110020.mp3,Dance,train,01 Analogue Bubblebath,Analogue Bubblebath,AFX,Analogue Bubblebath,1991,
Entire_music/train/Dance_11/110021.mp3,Dance,train,01 Bradley's Beat Part 1,Bradley's Beat Part 1,Bradley Strider,Bradley's Beat,1991,
Entire_music/train/Dance_11/110022.mp3,Dance,train,01 Bradley's Beat Part 2,Bradley's Beat Part 2,Bradley Strider,Bradley's Beat,1991,
Entire_music/train/Dance_11/110023.mp3,Dance,train,01 Digeridoo [Aboriginal Mix],Digeridoo [Aboriginal Mix],AFX,Analogue Bubblebath Vol 2,1992,
Entire_music/train/Dance_11/110024.mp3,Dance,train,01 Digeridoo,Digeridoo,Aphex Twin,Digeridoo,1992,Richard D. James
Entire_music/train/Dance_11/110025.mp3,Dance,train,01 On [D-Scape Mix],On [D-Scape Mix],Aphex Twin,On Remixes,1993,
Entire_music/train/Dance_11/110026.mp3,Dance,train,Aphex Twin - On,On,Aphex Twin,On,1993,
Entire_music/val/Dance_11/110027.mp3,Dance,val,01 Pac-Man [Original Edit],Pac-Man [Original Edit],Power-Pill,Pac-Man,1992,R. James
Entire_music/train/Dance_11/110028.mp3,Dance,train,01 Phlangephace,Phlangephace,Aphex Twin,Xylem Tube,1992,Richard D. James
Entire_music/train/Dance_11/110029.mp3,Dance,train,01 Phloam,Phloam,The Aphex Twin,Digeridoo,1992,Richard D. James
Entire_music/train/Dance_11/110030.mp3,Dance,train,01 Polygon Window,Polygon Window,Polygon Window,Surfing On Sine Waves,1993,Richard D. James
Entire_music/val/Dance_11/110031.mp3,Dance,val,01 Polynomial-C,Polynomial-C,Aphex Twin,Xylem Tube,1992,Richard D. James
Entire_music/train/Dance_11/110032.mp3,Dance,train,01 Xtal,Xtal,Aphex Twin,Selected Ambient Works 85-92,1993,prd/Richard D. James
Entire_music/test/Dance_11/110033.mp3,Dance,test,Bradley Strider - Bradley's Robot - [Untitled],[Untitled],Bradley Strider,Bradley's Robot,1993,
Entire_music/train/Dance_11/110034.mp3,Dance,train,01 ben klock - coney island,Coney Island,Ben Klock,One,2009,
Entire_music/train/Dance_11/110035.mp3,Dance,train,01 d-scape [Test Pressing Version],d-scape [Test Pressing Version],Aphex Twin,On,1993,
Entire_music/train/Dance_11/110036.mp3,Dance,train,01 on [Test Pressing Version],on [Test Pressing Version],Aphex Twin,On,1993,
Entire_music/train/Dance_11/110037.mp3,Dance,train,01-amon tobin--journeyman,Journeyman,Amon Tobin,Isam,,
Entire_music/train/Dance_11/110038.mp3,Dance,train,01-amon tobin-bloodstone,Bloodstone,Amon Tobin,Foley Room,2007,Amon Tobin
Entire_music/train/Dance_11/110039.mp3,Dance,train,01-art of trance-madagascar push mix,Madagascar (Push Mix),Art Of Trance,,2002,
Entire_music/train/Dance_11/110040.mp3,Dance,train,01-art of trance feat. natacha atlas-persia original mix,Persia (Original Mix),Art of Trance Feat. Natacha Atlas,Persia CDR,2006,
Entire_music/train/Dance_11/110041.mp3,Dance,train,01-astral projection - mahadeva-(samadhi remix)-2006,Mahadeva (Samadhi Remix),Astral Projection,Unreleased,2006,
Entire_music/train/Dance_11/110042.mp3,Dance,train,01-audiotec - creation,Creation,Audiotec,Freak Show,2006,
Entire_music/train/Dance_11/110043.mp3,Dance,train,01-ben klock-compression session 1,Compression Session 1,Ben Klock,Compression Session EP,2010-00-00,
Entire_music/train/Dance_11/110044.mp3,Dance,train,01-this is mars attak,this is mars attak,,,,
Entire_music/train/Dance_11/110045.mp3,Dance,train,AFX - Analogue Bubblebath Vol 3 - .000890569,.000890569,AFX,Analogue Bubblebath Vol 3,1993,
Entire_music/train/Dance_11/110046.mp3,Dance,train,AFX - Analogue Bubblebath Vol 3 - .942937,.942937,AFX,Analogue Bubblebath Vol 3,1993,
Entire_music/train/Dance_11/110047.mp3,Dance,train,02 02 - amon tobin & eric truffaz,02 - amon tobin & eric truffaz,Amon Tobin,Amon Tobin & Eric Truffaz,,
Entire_music/train/Dance_11/110048.mp3,Dance,train,02 73 yips [Test Pressing Version],73 yips [Test Pressing Version],Aphex Twin,On,1993,
Entire_music/train/Dance_11/110049.mp3,Dance,train,02 73-Yips,73-Yips,Aphex Twin,On,1993,
Entire_music/train/Dance_11/110050.mp3,Dance,train,02 Audax Powder,Audax Powder,Polygon Window,Surfing On Sine Waves,1993,Richard D. James
Entire_music/train/Dance_11/110051.mp3,Dance,train,02 Dodeccaheedron,Dodeccaheedron,Aphex Twin,Xylem Tube,1992,Richard D. James
Entire_music/train/Dance_11/110052.mp3,Dance,train,02 Flaphead,Flaphead,The Aphex Twin,Digeridoo,1992,Richard D. James
Entire_music/train/Dance_11/110053.mp3,Dance,train,02 Iketa,Iketa,Polygon Window,Quoth,1993,
Entire_music/train/Dance_11/110054.mp3,Dance,train,02 Isoprophlex,Isoprophlex,The Aphex Twin,Digeridoo,1992,Richard D. James
Entire_music/train/Dance_11/110055.mp3,Dance,train,02 Isopropophlex,Isopropophlex,AFX,Analogue Bubblebath,1991,
Entire_music/train/Dance_11/110056.mp3,Dance,train,02 On [Reload Mix],On [Reload Mix],Aphex Twin,On Remixes,1993,
Entire_music/train/Dance_11/110057.mp3,Dance,train,02 Pac-Man [Ghost Mix],Pac-Man [Ghost Mix],Power-Pill,Pac-Man,1992,R. James
Entire_music/val/Dance_11/110058.mp3,Dance,val,02 Tamphex [Headphuq Mix],Tamphex [Headphuq Mix],Aphex Twin,Xylem Tube,1992,Richard D. James
Entire_music/train/Dance_11/110059.mp3,Dance,train,02 Tha,Tha,Aphex Twin,Selected Ambient Works 85-92,1993,prd/Richard D. James
Entire_music/train/Dance_11/110060.mp3,Dance,train,Bradley Strider - Bradley's Robot - [Untitled],[Untitled],Bradley Strider,Bradley's Robot,1993,
Entire_music/train/Dance_11/110061.mp3,Dance,train,02 ben klock - goodly sin (feat elif bicer),Goodly Sin (feat. Elif Biçer),Ben Klock,One,2009,
Entire_music/train/Dance_11/110062.mp3,Dance,train,02 xepha [Test Pressing Version],xepha [Test Pressing Version],Aphex Twin,On,1993,
Entire_music/train/Dance_11/110063.mp3,Dance,train,02-amon tobin--piece of paper,Piece of Paper,Amon Tobin,Isam,,
Entire_music/train/Dance_11/110064.mp3,Dance,train,02-amon tobin-esthers,Ruthless,Amon Tobin,Splinter Cell Chaos Theory Sou,2005,Amon Tobin
Entire_music/test/Dance_11/110065.mp3,Dance,test,02-art of trance-madagascar ferry corsten mix,Madagascar (Ferry Corsten Mix),Art Of Trance,,2002,
Entire_music/train/Dance_11/110066.mp3,Dance,train,02-audiotec - liquid world,Liquid World,Audiotec,Freak Show,2006,
Entire_music/train/Dance_11/110067.mp3,Dance,train,02-ben klock-static test,Static Test,Ben Klock,Compression Session EP,2010-00-00,
Entire_music/train/Dance_11/110068.mp3,Dance,train,02-that it ok,that it ok,,,,
Entire_music/train/Dance_11/110069.mp3,Dance,train,02. techno terror,TECHNO TE,Asrtral Projection,SFX Unreleased tracks 89-94,1999,
Entire_music/train/Dance_11/110070.mp3,Dance,train,AFX - Analogue Bubblebath Vol 3 - .38,.38,AFX,Analogue Bubblebath Vol 3,1993,
Entire_music/train/Dance_11/110071.mp3,Dance,train,03 03 - amon tobin & eric truffaz,03 - amon tobin & eric truffaz,Amon Tobin,Amon Tobin & Eric Truffaz,,
Entire_music/train/Dance_11/110072.mp3,Dance,train,03 D-Scape,D-Scape,Aphex Twin,On,1993,
Entire_music/test/Dance_11/110073.mp3,Dance,test,03 Entrance To Exit,Entrance To Exit,AFX,Analogue Bubblebath,1991,
Entire_music/test/Dance_11/110074.mp3,Dance,test,03 On [μ-Ziq Mix],On [µ-Ziq Mix],Aphex Twin,On Remixes,1993,
Entire_music/train/Dance_11/110075.mp3,Dance,train,03 Pac-Man [Choci's Hi-Score Mix],Pac-Man [Choci's Hi-Score Mix],Power-Pill,Pac-Man,1992,R. James
Entire_music/train/Dance_11/110076.mp3,Dance,train,03 Pulsewidth,Pulsewidth,Aphex Twin,Selected Ambient Works 85-92,1993,prd/Richard D. James
Entire_music/train/Dance_11/110077.mp3,Dance,train,03 Quoth [Wooden Thump Mix],Quoth [Wooden Thump Mix],Polygon Window,Quoth,1993,
Entire_music/train/Dance_11/110078.mp3,Dance,train,03 Quoth,Quoth,Polygon Window,Surfing On Sine Waves,1993,Richard D. James
Entire_music/train/Dance_11/110079.mp3,Dance,train,Bradley Strider - Bradley's Robot - [Untitled],[Untitled],Bradley Strider,Bradley's Robot,1993,
Entire_music/train/Dance_11/110080.mp3,Dance,train,03 ben klock - check for pulse,Check For Pulse,Ben Klock,One,2009,
Entire_music/val/Dance_11/110081.mp3,Dance,val,03-69 db-track 3,03-69 db-track 3,69 DB,untitled CD,2004,
Entire_music/train/Dance_11/110082.mp3,Dance,train,Amon Tobin - Foley Room - Keep Your Distance,Keep Your Distance,Amon Tobin,Foley Room,2007,Amon Tobin
Entire_music/val/Dance_11/110083.mp3,Dance,val,03-amon tobin--goto 10,Goto 10,Amon Tobin,Isam,,
Entire_music/train/Dance_11/110084.mp3,Dance,train,03-art of trance-madagascar cygnus x mix,Madagascar (Cygnus X Mix),Art Of Trance,,2002,
Entire_music/train/Dance_11/110085.mp3,Dance,train,03-audiotec - freak show,Freak Show,Audiotec,Freak Show,2006,
Entire_music/train/Dance_11/110086.mp3,Dance,train,03-ben klock-compressions session 2,Compressions Session 2,Ben Klock,Compression Session EP,2010-00-00,
Entire_music/train/Dance_11/110087.mp3,Dance,train,03-terrorist type attak,terrorist type attak,,,,
Entire_music/train/Dance_11/110088.mp3,Dance,train,04 - madagascar (domination mix),Madagascar (Domination Mix),Art Of Trance,,,
Entire_music/test/Dance_11/110089.mp3,Dance,test,AFX - Analogue Bubblebath Vol 3 - .0180871,.0180871,AFX,Analogue Bubblebath Vol 3,1993,
Entire_music/val/Dance_11/110090.mp3,Dance,val,04 04 - amon tobin & eric truffaz,04 - amon tobin & eric truffaz,Amon Tobin,Amon Tobin & Eric Truffaz,,
Entire_music/train/Dance_11/110091.mp3,Dance,train,04 AFX 6_b,AFX 6/b,AFX,Analogue Bubblebath Vol 3,1993,
Entire_music/train/Dance_11/110092.mp3,Dance,train,04 AFX2,AFX2,AFX,Analogue Bubblebath,1991,
Entire_music/train/Dance_11/110093.mp3,Dance,train,04 Ageispolis,Ageispolis,Aphex Twin,Selected Ambient Works 85-92,1993,prd/Richard D. James
Entire_music/train/Dance_11/110094.mp3,Dance,train,04 Bike Pump Meets Bucket,Bike Pump Meets Bucket,Polygon Window,Quoth,1993,Richard D. James
Entire_music/test/Dance_11/110095.mp3,Dance,test,04 If It Really Is Me,If It Really Is Me,Polygon Window,Surfing On Sine Waves,1993,Richard D. James
Entire_music/train/Dance_11/110096.mp3,Dance,train,04 On [28 Mix],On [28 Mix],Aphex Twin,On Remixes,1993,
Entire_music/test/Dance_11/110097.mp3,Dance,test,04 Pac-Man [Mickey Finn's Yum Yum Mix],Pac-Man [Mickey Finn's Yum Yum,Power-Pill,Pac-Man,1992,R. James
Entire_music/train/Dance_11/110098.mp3,Dance,train,04 Xepha,Xepha,Aphex Twin,On,1993,
Entire_music/train/Dance_11/110099.mp3,Dance,train,Bradley Strider - Bradley's Robot - [Untitled],[Untitled],Bradley Strider,Bradley's Robot,1993,
Entire_music/train/Dance_11/110100.mp3,Dance,train,04 ben klock - underneath,Underneath,Ben Klock,One,2009,
Entire_music/train/Dance_11/110101.mp3,Dance,train,Amon Tobin - Foley Room - The Killer's Vanilla,The Killer's Vanilla,Amon Tobin,Foley Room,2007,Amon Tobin
Entire_music/train/Dance_11/110102.mp3,Dance,train,04-amon tobin--surge,Surge,Amon Tobin,Isam,,
Entire_music/train/Dance_11/110103.mp3,Dance,train,04-audiotec - djs lovers,Dj's Lovers,Audiotec,Freak Show,2006,
Entire_music/test/Dance_11/110104.mp3,Dance,test,05 05 - amon tobin & eric truffaz,05 - amon tobin & eric truffaz,Amon Tobin,Amon Tobin & Eric Truffaz,,
Entire_music/train/Dance_11/110105.mp3,Dance,train,Aphex Twin - Selected Ambient Works 85-92 - I,I,Aphex Twin,Selected Ambient Works 85-92,1993,prd/Richard D. James
Entire_music/val/Dance_11/110106.mp3,Dance,val,05 Pac-Man [Original Full Version],Pac-Man [Original Full Version,Power-Pill,Pac-Man,1992,R. James
Entire_music/train/Dance_11/110107.mp3,Dance,train,05 Supremacy II,Supremacy II,Polygon Window,Surfing On Sine Waves,1993,Richard D. James
Entire_music/test/Dance_11/110108.mp3,Dance,test,AFX - Analogue Bubblebath Vol 3 - [.0180871],[.0180871],AFX,Analogue Bubblebath Vol 3,1993,
Entire_music/train/Dance_11/110109.mp3,Dance,train,AFX - Analogue Bubblebath Vol 3 - [Untitled],[Untitled],AFX,Analogue Bubblebath Vol 3,1993,
Entire_music/train/Dance_11/110110.mp3,Dance,train,05 ben klock - gloaming,Gloaming,Ben Klock,One,2009,
Entire_music/train/Dance_11/110111.mp3,Dance,train,Amon Tobin - Splinter Cell Chaos Theory Sou - El Cargo,El Cargo,Amon Tobin,Splinter Cell Chaos Theory Sou,2005,Amon Tobin
Entire_music/train/Dance_11/110112.mp3,Dance,train,05-amon tobin--lost and found,Lost & Found,Amon Tobin,Isam,,
Entire_music/train/Dance_11/110113.mp3,Dance,train,05-art of trance-madagascar kumara mix,Madagascar (Kumara Mix),Art Of Trance,,2002,
Entire_music/train/Dance_11/110114.mp3,Dance,train,06 Green Calx,Green Calx,Aphex Twin,Selected Ambient Works 85-92,1993,prd/Richard D. James
Entire_music/train/Dance_11/110115.mp3,Dance,train,06 UT1 - Dot,UT1 - Dot,Polygon Window,Surfing On Sine Waves,1993,Richard D. James
Entire_music/train/Dance_11/110116.mp3,Dance,train,06 ben klock - init,Init One,Ben Klock,One,2009,
Entire_music/train/Dance_11/110117.mp3,Dance,train,06-amon tobin--wooden toy,Wooden Toy,Amon Tobin,Isam,,
Entire_music/train/Dance_11/110118.mp3,Dance,train,06-amon tobin-horsefish,Displaced,Amon Tobin,Splinter Cell Chaos Theory Sou,2005,Amon Tobin
Entire_music/train/Dance_11/110119.mp3,Dance,train,06-art of trance-madagascar transa mix,Madagascar (Transa Mix),Art Of Trance,,2002,
Entire_music/train/Dance_11/110120.mp3,Dance,train,06. Astral Projection - Mahadeva,Mahadeva,Astral Projection,,,
Entire_music/train/Dance_11/110121.mp3,Dance,train,07 07 - amon tobin & eric truffaz,07 - amon tobin & eric truffaz,Amon Tobin,Amon Tobin & Eric Truffaz,,
Entire_music/train/Dance_11/110122.mp3,Dance,train,07 Heliosphan,Heliosphan,Aphex Twin,Selected Ambient Works 85-92,1993,prd/Richard D. James
Entire_music/train/Dance_11/110123.mp3,Dance,train,Polygon Window - Surfing On Sine Waves - [Untitled],[Untitled],Polygon Window,Surfing On Sine Waves,1993,Richard D. James
Entire_music/train/Dance_11/110124.mp3,Dance,train,07 ben klock - cargo,Cargo,Ben Klock,One,2009,
Entire_music/train/Dance_11/110125.mp3,Dance,train,07-amon tobin--mass and spring,Mass & Spring,Amon Tobin,Isam,,
Entire_music/val/Dance_11/110126.mp3,Dance,val,07-amon tobin-foley room,Foley Room,Amon Tobin,Foley Room,2007,Amon Tobin
Entire_music/val/Dance_11/110127.mp3,Dance,val,07-audiotec - l.s.dream,L.S.Dream,Audiotec,Freak Show,2006,
Entire_music/train/Dance_11/110128.mp3,Dance,train,08 08 - amon tobin & eric truffaz,08 - amon tobin & eric truffaz,Amon Tobin,Amon Tobin & Eric Truffaz,,
Entire_music/train/Dance_11/110129.mp3,Dance,train,08 Quixote,Quixote,Polygon Window,Surfing On Sine Waves,1993,Richard D. James
Entire_music/train/Dance_11/110130.mp3,Dance,train,08 We are the music makers,We are the music makers,Aphex Twin,Selected Ambient Works 85-92,1993,prd/Richard D. James
Entire_music/train/Dance_11/110131.mp3,Dance,train,08 ben klock - ok (feat elif bicer),OK (feat. Elif Biçer),Ben Klock,One,2009,
Entire_music/val/Dance_11/110132.mp3,Dance,val,Amon Tobin - Foley Room - Big Furry Head,Big Furry Head,Amon Tobin,Foley Room,2007,Amon Tobin
Entire_music/test/Dance_11/110133.mp3,Dance,test,08-amon tobin--calculate,Calculate,Amon Tobin,Isam,,
Entire_music/train/Dance_11/110134.mp3,Dance,train,08-audiotec - waves,Waves,Audiotec,Freak Show,2006,
Entire_music/train/Dance_11/110135.mp3,Dance,train,09 - Ganja Man (feat. Deadly Hunta),Ganja Man (feat. Deadly Hunta),Aphrodite,Aftershock,2002,Coalition/Deadly Hunta/G. King/L.A. Hill/T. Samuels
Entire_music/test/Dance_11/110136.mp3,Dance,test,09 09 - amon tobin & eric truffaz,09 - amon tobin & eric truffaz,Amon Tobin,Amon Tobin & Eric Truffaz,,
Entire_music/train/Dance_11/110137.mp3,Dance,train,09 Quino - Phec,Quino - Phec,Polygon Window,Surfing On Sine Waves,1993,Richard D. James
Entire_music/train/Dance_11/110138.mp3,Dance,train,09 Schottkey 7th Path,Schottkey 7th Path,Aphex Twin,Selected Ambient Works 85-92,1993,prd/Richard D. James
Entire_music/test/Dance_11/110139.mp3,Dance,test,09 ben klock - in a while,In A While,Ben Klock,One,2009,
Entire_music/train/Dance_11/110140.mp3,Dance,train,Amon Tobin - Splinter Cell Chaos Theory Sou - Hokkaido,Hokkaido,Amon Tobin,Splinter Cell Chaos Theory Sou,2005,Amon Tobin
Entire_music/val/Dance_11/110141.mp3,Dance,val,09-amon tobin--kitty cat,Kitty Cat,Amon Tobin,Isam,,
Entire_music/train/Dance_11/110142.mp3,Dance,train,09-audiotec - what is reality,What Is Reality,Audiotec,Freak Show,2006,
Entire_music/test/Dance_11/110143.mp3,Dance,test,10 10 - amon tobin & eric truffaz,10 - amon tobin & eric truffaz,Amon Tobin,Amon Tobin & Eric Truffaz,,
Entire_music/train/Dance_11/110144.mp3,Dance,train,10 Ptolemy,Ptolemy,Aphex Twin,Selected Ambient Works 85-92,1993,prd/Richard D. James
Entire_music/train/Dance_11/110145.mp3,Dance,train,10 ben klock - init two,Init Two,Ben Klock,One,2009,
Entire_music/train/Dance_11/110146.mp3,Dance,train,10-amon tobin--bedtime stories,Bedtime Stories,Amon Tobin,Isam,,
Entire_music/train/Dance_11/110147.mp3,Dance,train,10-amon tobin-always,Always,Amon Tobin,Foley Room,2007,Amon Tobin
Entire_music/val/Dance_11/110148.mp3,Dance,val,104-art of trance-mongoose tektonik remix,Mongoose (Tektonik Remix),Art Of Trance,Platipus Volume 10,2006,
Entire_music/test/Dance_11/110149.mp3,Dance,test,105-adam white and anthony dean-out of knowwhere parsberg and splint remix,Out Of Knowwhere (Parsberg & Splint Remix),Adam White & Anthony Dean,Platipus Volume 10,2006,
Entire_music/test/Dance_11/110150.mp3,Dance,test,11 - Quietman - Celestial Body,Quietman - Celestial Body,Art Of Trance,Beginner's Guide (CD 2),2001,
Entire_music/train/Dance_11/110151.mp3,Dance,train,11 11 - amon tobin & eric truffaz,11 - amon tobin & eric truffaz,Amon Tobin,Amon Tobin & Eric Truffaz,,
Entire_music/train/Dance_11/110152.mp3,Dance,train,11 Hedphelym,Hedphelym,Aphex Twin,Selected Ambient Works 85-92,1993,prd/Richard D. James
Entire_music/train/Dance_11/110153.mp3,Dance,train,11 ben klock - gold rush,Gold Rush,Ben Klock,One,2009,
Entire_music/train/Dance_11/110154.mp3,Dance,train,Amon Tobin - Foley Room - Straight Psyche,Straight Psyche,Amon Tobin,Foley Room,2007,Amon Tobin
Entire_music/train/Dance_11/110155.mp3,Dance,train,11-amon tobin--night swim,Night Swim,Amon Tobin,Isam,,
Entire_music/val/Dance_11/110156.mp3,Dance,val,11-audiotrix-clutch nbreakz,clutch n'breakz,Audiotrix,Beatz Beat Breakz CDS,2004,
Entire_music/train/Dance_11/110157.mp3,Dance,train,11. Magik 3 - Far From Earth - [art Of Trance - Madagascar (cygnus X Remix)],Madagascar (Cygnus X Remix),Art Of Trance,Magik 3 - Far From Earth,1998,Joe Zawinul/Simon Berry
Entire_music/train/Dance_11/110158.mp3,Dance,train,12 Delphium,Delphium,Aphex Twin,Selected Ambient Works 85-92,1993,prd/Richard D. James
Entire_music/train/Dance_11/110159.mp3,Dance,train,12 ben klock - grip,Grip,Ben Klock,One,2009,
Entire_music/train/Dance_11/110160.mp3,Dance,train,Amon Tobin - Foley Room - At The End Of The Day,At The End Of The Day,Amon Tobin,Foley Room,2007,Amon Tobin
Entire_music/train/Dance_11/110161.mp3,Dance,train,12-amon tobin--dropped from the sky,Dropped from the Sky,Amon Tobin,Isam,,
Entire_music/train/Dance_11/110162.mp3,Dance,train,13 Actium,Actium,Aphex Twin,Selected Ambient Works 85-92,1993,prd/Richard D. James
Entire_music/train/Dance_11/110163.mp3,Dance,train,13 ben klock - thirteen rounds,Thirteen Rounds,Ben Klock,One,2009,
Entire_music/train/Dance_11/110164.mp3,Dance,train,14 69db - 46.00 on the Dial,46.00 on the dial,69db,world traveler adventures,2004,
Entire_music/train/Dance_11/110165.mp3,Dance,train,16. Astral Projection - Solid Electronics,Solid Electronics,Astral Projection,Destination Goa 6,1998,
Entire_music/train/Dance_11/110166.mp3,Dance,train,18-amon tobin - easy muffin,Easy Muffin,Amon Tobin -Solid Steel presents Bonobo,It Came From The Sea,2005,Amon Tobin
Entire_music/train/Dance_11/110167.mp3,Dance,train,203-art of trance vs. pob-turkish bizarre dba remix,Turkish Bizarre (DBA Remix),Art Of Trance Vs. Pob,Platipus Volume 10,2006,
Entire_music/train/Dance_11/110168.mp3,Dance,train,205-art of trance-mongoose original mix,Mongoose (Original Mix),Art Of Trance,Platipus Volume 10,2006,
Entire_music/train/Dance_11/110169.mp3,Dance,train,208-art of trance-love washes over moshik and zian remix,Love Washes Over (Moshik & Zian Remix),Art Of Trance,Platipus Volume 10,2006,
Entire_music/train/Dance_11/110170.mp3,Dance,train,29. Analog Pussy - Solipse Technology,Solipse Technology,Analog Pussy,Psycho Bitch From Hell,2000-01-01,Analog Pussy
Entire_music/train/Dance_11/110171.mp3,Dance,train,302-art of trance-persia voronstov and dorohov remix,Persia (Voronstov & Dorohov Remix),Art Of Trance,Platipus Volume 10,2006,
Entire_music/test/Dance_11/110172.mp3,Dance,test,306-art of trance vs. pob-turkish bizarre original mix,Turkish Bizarre (Original Mix),Art Of Trance Vs. Pob,Platipus Volume 10,2006,
Entire_music/train/Dance_11/110173.mp3,Dance,train,308-art of trance-killamanjaro adam dived remix,Killamanjaro (Adam Dived Remix),Art Of Trance,Platipus Volume 10,2006,
Entire_music/train/Dance_11/110174.mp3,Dance,train,31. Asia 2001 - Rakshas,Rakshas,Asia 2001,Live,1996,
Entire_music/val/Dance_11/110175.mp3,Dance,val,69 db - Fuck Tekno Import - A,Fuck Tekno Import - A,69 DB,,,
Entire_music/val/Dance_11/110176.mp3,Dance,val,69 db - Fuck Tekno Import - B,Fuck Tekno Import - B,69 DB,,,
Entire_music/test/Dance_11/110177.mp3,Dance,test,69db - K gonna kill Techno,Ketamine_gonna_kill_Techno,69dB,No Respect 2K Mix,2001,
Entire_music/train/Dance_11/110178.mp3,Dance,train,69db - Skunk Mix,Skunk Mix,69db,,,
Entire_music/train/Dance_11/110179.mp3,Dance,train,A Tribe Called Quest vs Aphrodite - 1nce Again Twiste,1nce Again Twiste,A Tribe Called Quest vs Aphrodite,,,
Entire_music/train/Dance_11/110180.mp3,Dance,train,A sides-punks,A sides-punks,,,,
Entire_music/train/Dance_11/110181.mp3,Dance,train,Amon Tobin - Supermodified - Natureland,Natureland,Amon Tobin,Supermodified,2000,Amon Tobin
Entire_music/train/Dance_11/110182.mp3,Dance,train,Amon Tobin - Supermodified - Golfer vrs Boxer,Golfer vrs Boxer,Amon Tobin,Supermodified,2000,Amon Tobin
Entire_music/test/Dance_11/110183.mp3,Dance,test,Amon Tobin - Supermodified - Chocolate Lovely,Chocolate Lovely,Amon Tobin,Supermodified,2000,Amon Tobin
Entire_music/train/Dance_11/110184.mp3,Dance,train,Amon Tobin - Supermodified - Keepin' It Steel (The Anvil),Keepin' It Steel (The Anvil),Amon Tobin,Supermodified,2000,Amon Tobin
Entire_music/train/Dance_11/110185.mp3,Dance,train,Amon Tobin - Supermodified - Saboteur,Saboteur,Amon Tobin,Supermodified,2000,Amon Tobin
Entire_music/train/Dance_11/110186.mp3,Dance,train,Amon Tobin - Supermodified - Rhino Jockey,Rhino Jockey,Amon Tobin,Supermodified,2000,Amon Tobin
Entire_music/test/Dance_11/110187.mp3,Dance,test,Amon Tobin - Supermodified - Precursor (feat. Quadraceptor),Precursor (feat. Quadraceptor),Amon Tobin,Supermodified,2000,Amon Tobin
Entire_music/train/Dance_11/110188.mp3,Dance,train,ATC- All Around The World (La La La),All Around The World (La La La),ATC,,,
Entire_music/train/Dance_11/110189.mp3,Dance,train,AXWELL Λ INGROSSO MIX 2021 - Best Songs Of All Time,AXWELL Λ INGROSSO MIX 2021 - Best Songs Of All Time,AXWELL Λ INGROSSO,,,
Entire_music/train/Dance_11/110190.mp3,Dance,train,Ace Ventura - Paradise Engineering [Full Album Mix],Paradise Engineering,Ace Ventura,Paradise Engineering,,
Entire_music/train/Dance_11/110191.mp3,Dance,train,"Acid Jazz, Techno, Club, Trance - Atmospheric Dr",Natural Born Chillers,Techno - Aphrodite -,,,
Entire_music/test/Dance_11/110192.mp3,Dance,test,Alice.Deejay.-.[Better.Off.Alone],Better Off Alone,Alice Deejay,,,
Entire_music/train/Dance_11/110193.mp3,Dance,train,All Over Me,All Over Me (Featuring Barrington Levy),Aphrodite,Aftershock,2002,Barrington Levy/G. King
Entire_music/train/Dance_11/110194.mp3,Dance,train,Amon Tobin - 01 - Back From Space,Back From Space,Amon Tobin,"Out, From Out Where",2002,
Entire_music/train/Dance_11/110195.mp3,Dance,train,Amon Tobin - 02 - Verbal (Feat. MC Decimal R),Verbal (Feat. MC Decimal R),Amon Tobin,"Out, From Out Where",2002,
Entire_music/train/Dance_11/110196.mp3,Dance,train,Amon Tobin - 03 - Chronic Tronic,Chronic Tronic,Amon Tobin,"Out, From Out Where",2002,
Entire_music/train/Dance_11/110197.mp3,Dance,train,Amon Tobin - 04 - Searchers,Searchers,Amon Tobin,"Out, From Out Where",2002,
Entire_music/train/Dance_11/110198.mp3,Dance,train,Amon Tobin - 05 - Hey Blondie,Hey Blondie,Amon Tobin,"Out, From Out Where",2002,
Entire_music/train/Dance_11/110199.mp3,Dance,train,Amon Tobin - 06 - Rosies,Rosies,Amon Tobin,"Out, From Out Where",2002,
Entire_music/train/Dance_11/110200.mp3,Dance,train,Amon Tobin - 07 - Cosmo Retro Intro Outro,Cosmo Retro Intro Outro,Amon Tobin,"Out, From Out Where",2002,
Entire_music/test/Dance_11/110201.mp3,Dance,test,Amon Tobin - 08 - Triple Science,Triple Science,Amon Tobin,"Out, From Out Where",2002,
Entire_music/test/Dance_11/110202.mp3,Dance,test,Amon Tobin - 09 - El Wraith,El Wraith,Amon Tobin,"Out, From Out Where",2002,
Entire_music/train/Dance_11/110203.mp3,Dance,train,Amon Tobin - 10 - Proper Hoodidge,Proper Hoodidge,Amon Tobin,"Out, From Out Where",2002,
Entire_music/test/Dance_11/110204.mp3,Dance,test,Amon Tobin - 11 - Mighty Micro People,Mighty Micro People,Amon Tobin,"Out, From Out Where",2002,
Entire_music/train/Dance_11/110205.mp3,Dance,train,Amon Tobin - Cujo - Drum 'n' Bass for Papa,Cujo - Drum 'n' Bass for Papa,Amon Tobin,,,
Entire_music/val/Dance_11/110206.mp3,Dance,val,Amon Tobin - Daytrip,Daytrip,Amon Tobin,Chomp Samba EP,1997,Amon Tobin
Entire_music/train/Dance_11/110207.mp3,Dance,train,Amon Tobin - Lost In Space Drum n Bass 2,Lost In Space Drum n Bass 2.mp3,Amon Tobin -,,,
Entire_music/train/Dance_11/110208.mp3,Dance,train,Amon Tobin - Squarepusher,Cujo-superstars of rock - Apol,Amon Tobin,hotel costes etage3,2000,Amon Tobin
Entire_music/train/Dance_11/110209.mp3,Dance,train,Amon Tobin - Supermodified - 03 - Slowly,Slowly,Amon Tobin,Supermodified,2000,Amon Tobin
Entire_music/test/Dance_11/110210.mp3,Dance,test,Amon Tobin - Supermodified - 06 - Deo,Deo,Amon Tobin,Supermodified,2000,Amon Tobin
Entire_music/train/Dance_11/110211.mp3,Dance,train,Amon Tobin - The Lighthouse,Lighthouse,Amon Tobin,Chaos Theory (Soundtrack to Tom Clancy's Splinter Cell 3: Chaos Theory),2004,Amon Tobin
Entire_music/train/Dance_11/110212.mp3,Dance,train,Andre Kraml - Safari (James Holden Remix),Safari (James Holden Remix),Andre Kraml,Safari__Incl_James Holden Remi,2004,
Entire_music/train/Dance_11/110213.mp3,Dance,train,Andre Kraml ft schad privat - Safari (kiki & silversurfer rmx),Safari (Kiki & Silversurfer Re,Andre Kraml Feat Schad Privat,Crosstownrebels Present Rebelf,2005,
Entire_music/test/Dance_11/110214.mp3,Dance,test,Aphex Twin Melodies From Mars [Full Album],Melodies From Mars,Aphex Twin,Melodies From Mars,,
Entire_music/train/Dance_11/110215.mp3,Dance,train,Aphex Twin - Didgeridoo,Didgeridoo,Aphex Twin,Classics,1995,Richard D. James
Entire_music/test/Dance_11/110216.mp3,Dance,test,Aphex Twin - Maximim Electronica,Maximim Electronica,Aphex Twin,,,
Entire_music/val/Dance_11/110217.mp3,Dance,val,Aphex Twin - Philip Glass Orchestration 1,Philip Glass Orchestration 1,Aphex Twin,,,
Entire_music/train/Dance_11/110218.mp3,Dance,train,Aphrodite - Ready Or Not (Drum And Bass Remix),Ready Or Not (Drum And Bass Remix),Aphrodite,,,
Entire_music/val/Dance_11/110219.mp3,Dance,val,Astrix - He.art [Full Album Mix],He.art,Astrix,He.art,,
Entire_music/train/Dance_11/110220.mp3,Dance,train,Atmospheric Drum & Bass,drums and base -trance-rave-ju,,,,
Entire_music/test/Dance_11/110221.mp3,Dance,test,Avicii - Greatest Hits Full Album - Best Songs Collection 2023,Greatest Hits - Best Songs Collection 2023,Avicii,,,
Entire_music/train/Dance_11/110222.mp3,Dance,train,Avicii - Levels (HD),Levels,Avicii,,,
Entire_music/train/Dance_11/110223.mp3,Dance,train,Avicii - Penguin (Original mix),Penguin (Original mix),Avicii,,,
Entire_music/train/Dance_11/110224.mp3,Dance,train,Bachelors Of Science - Anytime She Goes Away,Anytime She Goes Away,Bachelors Of Science,,,
Entire_music/train/Dance_11/110225.mp3,Dance,train,Bachelors Of Science - Dreams Come True (featuring Saburuko),Dreams Come True (featuring Saburuko),Bachelors Of Science,,,
Entire_music/train/Dance_11/110226.mp3,Dance,train,Bachelors Of Science - Hold On (featuring Redeyes),Hold On (featuring Redeyes),Bachelors Of Science,,,
Entire_music/train/Dance_11/110227.mp3,Dance,train,Bachelors Of Science - Immortal (Alaska Remix),Immortal (Alaska Remix),Bachelors Of Science,,,
Entire_music/train/Dance_11/110228.mp3,Dance,train,Bachelors Of Science - Jah No Dead,Jah No Dead,Bachelors Of Science,,,
Entire_music/val/Dance_11/110229.mp3,Dance,val,Bachelors Of Science - People Together,People Together,Bachelors Of Science,,,
Entire_music/train/Dance_11/110230.mp3,Dance,train,Bachelors Of Science - Song For Lovers,Song For Lovers,Bachelors Of Science,,,
Entire_music/train/Dance_11/110231.mp3,Dance,train,Bachelors Of Science - Strings Track,Strings Track,Bachelors Of Science,,,
Entire_music/train/Dance_11/110232.mp3,Dance,train,Bachelors Of Science - Sugar,Sugar,Bachelors Of Science,,,
Entire_music/train/Dance_11/110233.mp3,Dance,train,Bachelors Of Science - The Ice Dance,The Ice Dance,Bachelors Of Science,,,
Entire_music/train/Dance_11/110234.mp3,Dance,train,Bachelors Of Science - Wicked Ways (featuring Brooklyn),Wicked Ways (featuring Brooklyn),Bachelors Of Science,,,
Entire_music/train/Dance_11/110235.mp3,Dance,train,Bad Girlz What The Funk [Badgirlz Original Mix],What The Funk [Badgirlz Original Mix],Bad Girlz,,,
Entire_music/train/Dance_11/110236.mp3,Dance,train,Bad Girlz - Cultureshock,Cultureshock,Bad Girlz,,,
Entire_music/train/Dance_11/110237.mp3,Dance,train,Bad Girlz - Doghouse,Doghouse,Bad Girlz,,,
Entire_music/train/Dance_11/110238.mp3,Dance,train,Bad Girlz - Friend Or Fan,Friend Or Fan,Bad Girlz,,,
Entire_music/train/Dance_11/110239.mp3,Dance,train,Bad Girlz - Getalittlefizzee,Getalittlefizzee,Bad Girlz,,,
Entire_music/train/Dance_11/110240.mp3,Dance,train,Bad Girlz - Gimmeemore,Gimmeemore,Bad Girlz,,,
Entire_music/train/Dance_11/110241.mp3,Dance,train,Bad Girlz - Ravinggloves,Ravinggloves,Bad Girlz,,,
Entire_music/train/Dance_11/110242.mp3,Dance,train,Banditos - Boeuf with friends,Boeuf with friends,Banditos,,,
Entire_music/train/Dance_11/110243.mp3,Dance,train,Banditos - Ecoute comme ca sent bon,Ecoute comme ca sent bon,Banditos,,,
Entire_music/train/Dance_11/110244.mp3,Dance,train,Banditos -Machine- (Aromes),Machine (Aromes),Banditos,,,
Entire_music/train/Dance_11/110245.mp3,Dance,train,Banditos -Psycho Troops- (Aromes),Psycho Troops (Aromes),Banditos,,,
Entire_music/train/Dance_11/110246.mp3,Dance,train,Basic Connection “Hablame Luna” 1997,Hablame Luna,Basic Connection,,1997,
Entire_music/train/Dance_11/110247.mp3,Dance,train,Basil and coriander,Basil and Coriander,Basil and Coriander,AUDIOTRIX,2004,
Entire_music/train/Dance_11/110248.mp3,Dance,train,Best Old School Breakbeat Albums 1997 PART 1 (Big Beat mix),Best Old School Breakbeat Albums 1997 PART 1 (Big Beat mix),,,,
Entire_music/train/Dance_11/110249.mp3,Dance,train,Black Sun Empire - Driving Insane Album Mix,Driving Insane,Black Sun Empire,Driving Insane,,
Entire_music/test/Dance_11/110250.mp3,Dance,test,CAFÉ DEL MAR VOL. 9,CAFÉ DEL MAR VOL. 9,,,,
Entire_music/train/Dance_11/110251.mp3,Dance,train,Calvin Harris Greatest Hits Full Album 2021 Calvin Harris Best Songs,Calvin Harris Greatest Hits 2021 Calvin Harris Best Songs,Calvin Harris,,,
Entire_music/test/Dance_11/110252.mp3,Dance,test,CamelPhat - Dark Matter (Album Mix),Dark Matter,CamelPhat,Dark Matter,,
Entire_music/train/Dance_11/110253.mp3,Dance,train,Carl Cox – F.A.C.T. CD-1,F.A.C.T. CD-1,Carl Cox,,,
Entire_music/train/Dance_11/110254.mp3,Dance,train,Carl Cox – F.A.C.T. CD-2,F.A.C.T. CD-2,Carl Cox,,,
Entire_music/train/Dance_11/110255.mp3,Dance,train,Charlotte de Witte Special Megamix 2021 - Best Songs Of CHARLOTTE DE WITTE,Charlotte de Witte Special Megamix 2021 - Best Songs Of CHARLOTTE DE WITTE,Charlotte de Witte,,,
Entire_music/train/Dance_11/110256.mp3,Dance,train,Chinese Man - Racing With The Sun (Full Album),Racing With The Sun,Chinese Man,Racing With The Sun,,
Entire_music/train/Dance_11/110257.m4a,Dance,train,Come To Daddy,Come to daddy,Aphex Twin,,,
Entire_music/train/Dance_11/110258.mp3,Dance,train,Cosmic Baby - Stellar Supreme (1992),Stellar Supreme,Cosmic Baby,,1992,
Entire_music/train/Dance_11/110259.mp3,Dance,train,Daft Punk - Discovery (full album + high quality),Daft Punk - Discovery (full album + high quality),Daft Punk,Discovery,,
Entire_music/train/Dance_11/110260.mp3,Dance,train,Daft Punk - Random Access Memories [Full Album],Daft Punk - Random Access Memories [Full Album],Daft Punk,Random Access Memories,,
Entire_music/train/Dance_11/110261.mp3,Dance,train,Dance Hits 90s,Dance Hits 90's,,,,
Entire_music/train/Dance_11/110262.mp3,Dance,train,Darkside,Style from the Darkside,Aphrodite,Aphrodite Recordings,1997,Aphrodite
Entire_music/train/Dance_11/110263.mp3,Dance,train,"David Guetta Top Songs 2023 Playlist Im Good, Baby Dont Hurt Me, Titanium...","David Guetta | Top Songs 2023 Playlist | I'm Good, Baby Don't Hurt Me, Titanium...",David Guetta,,,
Entire_music/train/Dance_11/110264.mp3,Dance,train,Deborah De Luca – Ten (Album Mix),Ten,Deborah De Luca,Ten,,
Entire_music/train/Dance_11/110265.mp3,Dance,train,Deep forest,Deep forest,,,,
Entire_music/train/Dance_11/110266.mp3,Dance,train,Derrick May - Mix-Up Vol. 5,Mix-Up Vol. 5,Derrick May,,,
Entire_music/train/Dance_11/110267.mp3,Dance,train,Disclosure - Alchemy (Full Album),Alchemy,Disclosure,Alchemy,,
Entire_music/train/Dance_11/110268.mp3,Dance,train,Dub Engine - Psychosteppa [Full Album],Psychosteppa,Dub Engine,Psychosteppa,,
Entire_music/train/Dance_11/110269.mp3,Dance,train,Eiffel 65 - Europop (1999) Álbum Completo,Europop,Eiffel 65,Europop,1999,
Entire_music/val/Dance_11/110270.mp3,Dance,val,Epic Melodic Dubstep & Future Bass Collection 2022 [2 Hours],Epic Melodic Dubstep & Future Bass Collection 2022 [2 Hours],,,,
Entire_music/train/Dance_11/110271.mp3,Dance,train,Fabric 91 - Nina Kraviz (2016) Full Mix Album,Fabric 91,Nina Kraviz,Fabric 91,2016,
Entire_music/val/Dance_11/110272.mp3,Dance,val,Fatboy Slim - Halfway Between The Gutter And The Stars - Full Album - HD 1080p,Halfway Between The Gutter And The Stars,Fatboy Slim,Halfway Between The Gutter And The Stars,,
Entire_music/train/Dance_11/110273.mp3,Dance,train,"Fatboy Slim - Youve Come A Long Way, Baby - Full Album - HD 1080p","Youve Come A Long Way, Baby",Fatboy Slim,"Youve Come A Long Way, Baby",,
Entire_music/train/Dance_11/110274.mp3,Dance,train,Flume - The Mixtape,The Mixtape,Flume,The Mixtape,,
Entire_music/train/Dance_11/110275.mp3,Dance,train,Frankie Knuckles Tales from Beyond the Tonearm The Soultronic Side,Tales from Beyond the Tonearm The Soultronic Side,Frankie Knuckles,,,
Entire_music/train/Dance_11/110276.mp3,Dance,train,G.a.b.r.y P.o.n.t.e 2021 MIX - Neue Lieder 2021 - Musik 2021,G.a.b.r.y P.o.n.t.e 2021 MIX - Neue Lieder 2021 - Musik 2021,Gabry Ponte,,,
Entire_music/train/Dance_11/110277.mp3,Dance,train,G.i.g.i D..A.g.o.s.t.i.n.o 2021 MIX - Neue Lieder 2021 - Musik 2021,G i g i D'A g o s t i n o 2021 MIX - Neue Lieder 2021 - Musik 2021,Gigi D'Agostino,,,
Entire_music/train/Dance_11/110278.mp3,Dance,train,Gala - Come Into My Life 1997 FULL ALBUM,Come Into My Life,Gala,Come Into My Life,1997,
Entire_music/train/Dance_11/110279.mp3,Dance,train,Giorgio Moroder Tribute,Giorgio Moroder Tribute,,,,
Entire_music/train/Dance_11/110280.mp3,Dance,train,Goa Gil - Kali Yuga [2009] (Full Album),Kali Yuga,Goa Gil,Kali Yuga,2009,
Entire_music/val/Dance_11/110281.mp3,Dance,val,Hardtek - Spiral Tribe,Hardtek - SPIRAL tribe,69db,,,
Entire_music/train/Dance_11/110282.mp3,Dance,train,Hooverphonic - The New Stereophonic Sound Spectacular (Full Album),The New Stereophonic Sound Spectacular,Hooverphonic,The New Stereophonic Sound Spectacular,,
Entire_music/train/Dance_11/110283.m4a,Dance,train,Hot Buttered Pop Corn (techno mix),Hot buttered popcorn (techno mix),Aphex Twin,,,
Entire_music/train/Dance_11/110284.mp3,Dance,train,I Got Five On It,I Got Five On It,,,,
Entire_music/val/Dance_11/110285.mp3,Dance,val,IXI - AT03 -THETOOSTEP,THE TOO STEP,GEARSHIFTER,AUDIOTRIX 3,2002,
Entire_music/train/Dance_11/110286.mp3,Dance,train,Idjut Boys _Saturday Nite Live Full Double Album Compilation,Saturday Nite Live,Idjut Boys,Saturday Nite Live,,
Entire_music/train/Dance_11/110287.mp3,Dance,train,Ixindamix - 07 - Get Funky,Get Funky,Ixindamix,,,
Entire_music/train/Dance_11/110288.mp3,Dance,train,Ixindamix - 07 - Wannago Back,Wannago Back,Ixindamix,,,
Entire_music/train/Dance_11/110289.mp3,Dance,train,Ixindamix - 10 - De Frenz Dont Dance,De Frenz Dont Dance,Ixindamix,,,
Entire_music/train/Dance_11/110290.mp3,Dance,train,Ixindamix - 10 - Nu Jungle,Nu Jungle,Ixindamix,,,
Entire_music/val/Dance_11/110291.mp3,Dance,val,Ixindamix - 6 - Listen,Listen,Ixindamix,,,
Entire_music/train/Dance_11/110292.mp3,Dance,train,Ixindamix - Acid Cheese 3,Acid Cheese 3,Ixindamix,,,
Entire_music/train/Dance_11/110293.mp3,Dance,train,Ixindamix - Acid Fuelled,Acid Fuelled,Ixindamix,,,
Entire_music/train/Dance_11/110294.mp3,Dance,train,Ixindamix - Blue Spiral,Blue Spiral,Ixindamix,,,
Entire_music/train/Dance_11/110295.mp3,Dance,train,Ixindamix - Burns Thru Ya Feet,Burns Thru Ya Feet,Ixindamix,,,
Entire_music/train/Dance_11/110296.mp3,Dance,train,Ixindamix - Get A Little Fizzee (AUDIOTRIX_10)- A_,Get A Little Fizzee (AUDIOTRIX 10) - A,Ixindamix,,,
Entire_music/train/Dance_11/110297.mp3,Dance,train,Ixindamix - I am a Dj,I am a Dj,Ixindamix,,,
Entire_music/train/Dance_11/110298.mp3,Dance,train,Ixindamix - New Stylz,New Stylz,Ixindamix,,,
Entire_music/train/Dance_11/110299.mp3,Dance,train,Ixindamix - Passe Muraille 11 - B1 - Untitled,Passe Muraille 11 - B1 - Untitled,Ixindamix,,,
Entire_music/train/Dance_11/110300.mp3,Dance,train,Ixindamix - SKATEKAT01 - A2 - Untitled,SKATEKAT01 - A2 - Untitled,Ixindamix,,,
Entire_music/train/Dance_11/110301.mp3,Dance,train,Ixindamix - Top Possee On,Top Possee On,Ixindamix,,,
Entire_music/train/Dance_11/110302.mp3,Dance,train,Ixindamix -Ats Wheres The Party At- (Audiotrix 07),Ats Wheres The Party At (Audiotrix 07),Ixindamix,,,
Entire_music/train/Dance_11/110303.mp3,Dance,train,Ixindamix -Celtek- (Audiotrix 05),Celtek (Audiotrix 05),Ixindamix,,,
Entire_music/train/Dance_11/110304.mp3,Dance,train,Ixindamix Live at Terre Blanque,Live at Terre Blanque,Ixindamix,,,
Entire_music/train/Dance_11/110305.mp3,Dance,train,Ixindamix feat. Sim Simmer Bad Girlz,feat. Sim Simmer Bad Girlz,Ixindamix,,,
Entire_music/train/Dance_11/110306.mp3,Dance,train,Jamie xx - Gosh,Gosh,Jamie xx,,,
Entire_music/train/Dance_11/110307.mp3,Dance,train,Jamie xx - ITS SO GOOD,Jamie xx - It's So Good,Jamie xx,,,
Entire_music/train/Dance_11/110308.mp3,Dance,train,Jamie xx - KILL DEM (Official Video),Jamie xx - KILL DEM (Official Video),Jamie xx,,,
Entire_music/train/Dance_11/110309.mp3,Dance,train,Jamie xx – Idontknow (Oona Video),Idontknow (Oona Video),Jamie xx,,,
Entire_music/val/Dance_11/110310.mp3,Dance,val,Jap,Jap,,,,
Entire_music/train/Dance_11/110311.mp3,Dance,train,Jeff Mills - The Other Day (Axis Compilation) Full Album,The Other Day (Axis Compilation),Jeff Mills,,,
Entire_music/train/Dance_11/110312.mp3,Dance,train,"Jeff Mills – Waveform Transmission Vol. 3 (1994, Full Album)",Waveform Transmission Vol. 3,Jeff Mills,Waveform Transmission Vol. 3,1994,
Entire_music/train/Dance_11/110313.mp3,Dance,train,Juan Atkins - Electronic,Electronic,Juan Atkins,,,
Entire_music/train/Dance_11/110314.mp3,Dance,train,Larry Heard - Where Life Begins (Full Album),Where Life Begins,Larry Heard,Where Life Begins,,
Entire_music/train/Dance_11/110315.mp3,Dance,train,Liquid Drum and Bass Mix #60,Liquid Drum and Bass Mix #60,,,,
Entire_music/train/Dance_11/110316.mp3,Dance,train,MOBY MIX Full Album - MOBY Greatest Hits - Top 10 Best MOBY Songs & Playlist,MOBY MIX Full Album - MOBY Greatest Hits - Top 10 Best MOBY Songs & Playlist,MOBY,,,
Entire_music/val/Dance_11/110317.mp3,Dance,val,No diggity (rave mix),No Diggity (rave Mix),Aphrodite,,99,
Entire_music/train/Dance_11/110318.mp3,Dance,train,PLANET FUNK - 2020 (Full Album Continuous Mix),2020,PLANET FUNK,2020,,
Entire_music/train/Dance_11/110319.mp3,Dance,train,Panda Dub @ Aftrwrk Online Festival,Aftrwrk Online Festival,Panda Dub,,,
Entire_music/train/Dance_11/110320.mp3,Dance,train,Pendulum Hold Your Colour FULL ALBUM,Hold Your Colour,Pendulum,Hold Your Colour,,
Entire_music/val/Dance_11/110321.mp3,Dance,val,Pendulum Mix 2017,Pendulum Mix 2017,Pendulum,,,
Entire_music/train/Dance_11/110322.mp3,Dance,train,Pharcyde (remix),Pharcyde (remix),,,,
Entire_music/train/Dance_11/110323.mp3,Dance,train,Platipus Records Vol. 2 - 03 - Art of Trance - Octopus (Man with No Name Remix),Octopus (Man with No Name Remix),Art of Trance,Platipus Records Volume Two,1995,Simon Berry
Entire_music/train/Dance_11/110324.mp3,Dance,train,Portishead Portishead full album,Portishead,Portishead,Portishead,,
Entire_music/val/Dance_11/110325.mp3,Dance,val,Ricardo Villalobos - Dependent And Happy (Mixed CD),Dependent And Happy (Mixed CD),Ricardo Villalobos,,,
Entire_music/train/Dance_11/110326.mp3,Dance,train,Richie Hawtin – DE9 Transitions (DVD Version),DE9 Transitions (DVD Version),Richie Hawtin,,,
Entire_music/train/Dance_11/110327.mp3,Dance,train,Robert Miles 2022 Mix - Robert Miles Più Grandi Successi - Robert Miles Album Completo,Robert Miles 2022 Mix - Robert Miles Più Grandi Successi - Robert Miles,Robert Miles,,,
Entire_music/val/Dance_11/110328.mp3,Dance,val,Skrillex Greatest Hits Full Album 2021 - Best Of Skrillex2021,Skrillex Greatest Hits 2021 - Best Of Skrillex2021,Skrillex,,,
Entire_music/train/Dance_11/110329.mp3,Dance,train,Superman Theme (Jungle Remix),Superman (Jungle Remix),Aphrodite,,90s,
Entire_music/val/Dance_11/110330.mp3,Dance,val,The Chemical Brothers 2022 Greatest Hits - Best The Chemical Brothers Songs & Playlist - Full Album,The Chemical Brothers 2022 Greatest Hits - Best The Chemical Brothers Songs & Playlist,The Chemical Brothers,,,
Entire_music/train/Dance_11/110331.mp3,Dance,train,The Flipside,The Flipside,Aphrodite-Moloko,DRUM N BASS,,
Entire_music/train/Dance_11/110332.mp3,Dance,train,The Prodigy - The Fat of the Land (Full Album),The Prodigy ▶ The·Fat·of·the·Land (Full Album),The Prodigy,The Fat of the Land,,
Entire_music/val/Dance_11/110333.mp3,Dance,val,Thievery Corporation - Treasures From the Temple [Full Album Stream],Treasures From the Temple,Thievery Corporation,Treasures From the Temple,,
Entire_music/val/Dance_11/110334.mp3,Dance,val,Thievery Corporation - It Takes a Thief. [Full Album Stream],It Takes a Thief,Thievery Corporation,It Takes a Thief,,
Entire_music/val/Dance_11/110335.mp3,Dance,val,Trance Classics Moments In Time (1997 - 2001),Trance Classics | Moments In Time (1997 - 2001),,,,
Entire_music/train/Dance_11/110336.mp3,Dance,train,Vibronics – The Return Of Vibronics (2015) Full Album,The Return Of Vibronics,Vibronics,The Return Of Vibronics,2015,
Entire_music/train/Dance_11/110337.m4a,Dance,train,Vicacid,Vicacid,Aphex Twin,,,
Entire_music/test/Dance_11/110338.mp3,Dance,test,Villalobos - Alcachofa (full album),Alcachofa,Villalobos,Alcachofa,,
Entire_music/train/Dance_11/110339.mp3,Dance,train,Wishing On A Star,Wishing on a Star,Aphrodite,,,
Entire_music/test/Dance_11/110340.mp3,Dance,test,[OLDER] Electro Swing Collection,[OLDER] Electro Swing Collection,,,,
Entire_music/train/Dance_11/110341.mp3,Dance,train,breakz4betty-ixindamix(audiotrix),breakz4betty (audiotrix),ixindamix,,,
Entire_music/test/Dance_11/110342.mp3,Dance,test,deadmau5 - While (Full Album),While,deadmau5,While,,
Entire_music/train/Dance_11/110343.mp3,Dance,train,ixindamix - dreamz,dreamz,ixindamix,,,
Entire_music/train/Dance_11/110344.mp3,Dance,train,1998 Cafe Del Mar V Volumen Cinco,1998 Cafe Del Mar V Volumen Cinco,,,1998,
Entire_music/train/Dance_11/110345.mp3,Dance,train,Aphex Twin Selected Ambient Works 85 92 Full Album,Selected Ambient Works 85 92,Aphex Twin,Selected Ambient Works 85 92,,
Entire_music/train/Early_20th_century_experimental_chamber_12/120001.mp3,Early 20th century experimental chamber,train,"Alexander von Zemlinsky - String Quartet No. 4, Op. 25","String Quartet No. 4, Op. 25",,,,Alexander von Zemlinsky
Entire_music/train/Early_20th_century_experimental_chamber_12/120002.mp3,Early 20th century experimental chamber,train,Fauré Cello Sonatas,Cello Sonatas,,,,Fauré
Entire_music/train/Early_20th_century_experimental_chamber_12/120003.mp3,Early 20th century experimental chamber,train,Leoš Janáček - Violin Sonata,Violin Sonata,,,,Leoš Janáček
Entire_music/val/Early_20th_century_experimental_chamber_12/120004.mp3,Early 20th century experimental chamber,val,Scriabin - sonatas_5_to_10,sonatas 5 to 10,,,,Scriabin
Entire_music/train/Early_20th_century_experimental_chamber_12/120005.mp3,Early 20th century experimental chamber,train,"Scriabin Mazurkas, Poèmes & Impromtus_op40_to_op73","Mazurkas, Poèmes & Impromtus op40 to op73",,,,Scriabin
Entire_music/test/Early_20th_century_experimental_chamber_12/120006.mp3,Early 20th century experimental chamber,test,Scriabin Preludes op39 to 74,Preludes op39 to 74,,,,Scriabin
Entire_music/train/Early_20th_century_experimental_chamber_12/120007.mp3,Early 20th century experimental chamber,train,Scriabin etudes op 42 to 65,etudes op 42 to 65,,,,Scriabin
Entire_music/train/Early_20th_century_experimental_chamber_12/120008.mp3,Early 20th century experimental chamber,train,"Zemlinsky - String Quartet No. 2, Op 15.","String Quartet No. 2, Op 15",,,,Zemlinsky
Entire_music/train/Early_20th_century_experimental_orchestral_13/130001.mp3,Early 20th century experimental orchestral,train,Alban Berg - Lulu Suite [With score],Lulu Suite,,,,Alban Berg
Entire_music/val/Early_20th_century_experimental_orchestral_13/130002.mp3,Early 20th century experimental orchestral,val,Alban Berg - Violin Concerto (1935),Violin Concerto (1935),,,,Alban Berg
Entire_music/train/Early_20th_century_experimental_orchestral_13/130003.mp3,Early 20th century experimental orchestral,train,Alban Berg - Wozzeck [Score Video],Wozzeck,,,,Alban Berg
Entire_music/train/Early_20th_century_experimental_orchestral_13/130004.mp3,Early 20th century experimental orchestral,train,Alexander Scriabin - Prometheus or The Poem of Fire (with score),Prometheus or The Poem of Fire,,,,Alexander Scriabin
Entire_music/train/Early_20th_century_experimental_orchestral_13/130005.mp3,Early 20th century experimental orchestral,train,Anton Webern - Five Pieces for Orchestra Op. 10 (1913),Five Pieces for Orchestra Op. 10 (1913),,,,Anton Webern
Entire_music/val/Early_20th_century_experimental_orchestral_13/130006.mp3,Early 20th century experimental orchestral,val,"Anton Webern - Passacaglia for orchestra, Op. 1 (1908)","Passacaglia for orchestra, Op. 1 (1908)",,,,Anton Webern
Entire_music/val/Early_20th_century_experimental_orchestral_13/130007.mp3,Early 20th century experimental orchestral,val,"Anton Webern - Six Pieces for Orchestra, Op. 6 (1909)","Six Pieces for Orchestra, Op. 6 (1909)",,,,Anton Webern
Entire_music/train/Early_20th_century_experimental_orchestral_13/130008.mp3,Early 20th century experimental orchestral,train,Anton Webern - Symphony Op. 21 (1927-28),Symphony Op. 21 (1927-28),,,,Anton Webern
Entire_music/train/Early_20th_century_experimental_orchestral_13/130009.mp3,Early 20th century experimental orchestral,train,"Anton Webern - Variations for Orchestra, Op. 30 (1940)","Variations for Orchestra, Op. 30 (1940)",,,,Anton Webern
Entire_music/train/Early_20th_century_experimental_orchestral_13/130010.mp3,Early 20th century experimental orchestral,train,Aram Khachaturian - Symphony No. 3 in C Major Symphony-Poem,Symphony No. 3 in C Major Symphony-Poem,,,,Aram Khachaturian
Entire_music/train/Early_20th_century_experimental_orchestral_13/130011.mp3,Early 20th century experimental orchestral,train,"Bluebeards Castle, Op.11 by Béla Bartók (Audio + Full Score)","Bluebeards Castle, Op.11",,,,Béla Bartók
Entire_music/train/Early_20th_century_experimental_orchestral_13/130012.mp3,Early 20th century experimental orchestral,train,Charles Ives - The Unanswered Question,The Unanswered Question,,,,Charles Ives
Entire_music/val/Early_20th_century_experimental_orchestral_13/130013.mp3,Early 20th century experimental orchestral,val,Charles IvesLarry Austin - Universe Symphony (Symphony no. 6) [wscore],Universe Symphony (Symphony no. 6),,,,"Charles Ives, Larry Austin"
Entire_music/train/Early_20th_century_experimental_orchestral_13/130014.mp3,Early 20th century experimental orchestral,train,Elektra (Op.58) by R. Strauss (Audio + Sheet Music),Elektra (Op.58),,,,R. Strauss
Entire_music/train/Early_20th_century_experimental_orchestral_13/130015.mp3,Early 20th century experimental orchestral,train,George Gershwin - Concerto in F for Piano and Orchestra (1925) [Score-Video],Concerto in F for Piano and Orchestra (1925),,,,George Gershwin
Entire_music/test/Early_20th_century_experimental_orchestral_13/130016.mp3,Early 20th century experimental orchestral,test,Hindemith Horn Concerto,Horn Concerto,,,,Hindemith
Entire_music/test/Early_20th_century_experimental_orchestral_13/130017.mp3,Early 20th century experimental orchestral,test,Igor Stravinsky - Symphonies of Wind instruments [With score],Symphonies of Wind instruments,,,,Igor Stravinsky
Entire_music/train/Early_20th_century_experimental_orchestral_13/130018.mp3,Early 20th century experimental orchestral,train,Igor Stravinsky - The Rite of Spring (1913),The Rite of Spring (1913),,,,Igor Stravinsky
Entire_music/train/Early_20th_century_experimental_orchestral_13/130019.mp3,Early 20th century experimental orchestral,train,Ives - Symphony No.4 (Audio + Score),Symphony No.4,,,,Ives
Entire_music/train/Early_20th_century_experimental_orchestral_13/130020.mp3,Early 20th century experimental orchestral,train,Janáček - Taras Bulba Rhapsody for Orchestra (1918),Taras Bulba Rhapsody for Orchestra (1918),,,,Janáček
Entire_music/train/Early_20th_century_experimental_orchestral_13/130021.mp3,Early 20th century experimental orchestral,train,Leoš Janáček - Sinfonietta,Sinfonietta,,,,Leoš Janáček
Entire_music/train/Early_20th_century_experimental_orchestral_13/130022.mp3,Early 20th century experimental orchestral,train,Parade by Erik Satie (Audio + Sheet Music),Parade,,,,Erik Satie
Entire_music/train/Early_20th_century_experimental_orchestral_13/130023.mp3,Early 20th century experimental orchestral,train,Paul Hindemith - Piano Concerto (1945),Piano Concerto (1945),,,,Paul Hindemith
Entire_music/train/Early_20th_century_experimental_orchestral_13/130024.mp3,Early 20th century experimental orchestral,train,Paul Hindemith - Symphony in B-Flat,Symphony in B-Flat,,,,Paul Hindemith
Entire_music/train/Early_20th_century_experimental_orchestral_13/130025.mp3,Early 20th century experimental orchestral,train,Paul Hindemith Konzertmusik op.49 (1930),Konzertmusik op.49 (1930),,,,Paul Hindemith
Entire_music/train/Early_20th_century_experimental_orchestral_13/130026.mp3,Early 20th century experimental orchestral,train,Paul Hindemith Nobilissima visione (1938),Nobilissima visione (1938),,,,Paul Hindemith
Entire_music/test/Early_20th_century_experimental_orchestral_13/130027.mp3,Early 20th century experimental orchestral,test,"Première rapsodie in B-Flat Major, CD 124, L. 116 (Orchestral Version)","Première rapsodie in B-Flat Major, CD 124, L. 116 (Orchestral Version)",,,,
Entire_music/train/Early_20th_century_experimental_orchestral_13/130028.mp3,Early 20th century experimental orchestral,train,Richard Strauss - Metamorphosen,Metamorphosen,,,,Richard Strauss
Entire_music/train/Early_20th_century_experimental_orchestral_13/130029.mp3,Early 20th century experimental orchestral,train,"Schoenberg Variations, Op. 31","Variations, Op. 31",,,,Schoenberg
Entire_music/train/Early_20th_century_experimental_orchestral_13/130030.mp3,Early 20th century experimental orchestral,train,Scriabin Symphony No. 4 Opus 54 Le Poeme De LExtase,Symphony No. 4 Opus 54 Le Poeme De LExtase,,,,Scriabin
Entire_music/train/Early_20th_century_experimental_orchestral_13/130031.mp3,Early 20th century experimental orchestral,train,Shostakovich - Symphony n.15 - Mravinsky [Score-video],Symphony n.15,Mravinsky,,,Shostakovich
Entire_music/train/Early_20th_century_experimental_orchestral_13/130032.mp3,Early 20th century experimental orchestral,train,"Shostakovich - Symphony No 10 in E minor, Op 93 (Score)","Symphony No 10 in E minor, Op 93",,,,Shostakovich
Entire_music/train/Early_20th_century_experimental_orchestral_13/130033.mp3,Early 20th century experimental orchestral,train,"Shostakovich - The Piano Concertos Nos.1,2 (Piano Dmitri Shostakovich - Ct.rc André Cluytens)","The Piano Concertos Nos.1,2","Dmitri Shostakovich, André Cluytens",,,Shostakovich
Entire_music/train/Early_20th_century_experimental_orchestral_13/130034.mp3,Early 20th century experimental orchestral,train,Socrate Erik Satie,Socrate,,,,Erik Satie
Entire_music/test/Early_20th_century_experimental_orchestral_13/130035.mp3,Early 20th century experimental orchestral,test,Stravinsky The Firebird Full,The Firebird,,,,Stravinsky
Entire_music/train/Early_20th_century_experimental_orchestral_13/130036.mp3,Early 20th century experimental orchestral,train,"Three Pieces for Orchestra, Op.6 (by Alban Berg) (Audio + Full Score)","Three Pieces for Orchestra, Op.6",,,,Alban Berg
Entire_music/train/Early_20th_century_experimental_orchestral_13/130037.mp3,Early 20th century experimental orchestral,train,Turangalîla Symphony - Olivier Messiaen,Turangalîla Symphony,,,,Olivier Messiaen
Entire_music/test/Early_20th_century_traditional_chamber_14/140001.mp3,Early 20th century traditional chamber,test,03 - Iberia Book 4_ Eritaña,Iberia Book 4: Eritaña,Alicia de Larrocha,"Albéniz [I]: Iberia, Navarra, Suite española (Disc 2)",1988,
Entire_music/train/Early_20th_century_traditional_chamber_14/140002.mp3,Early 20th century traditional chamber,train,05 - Suite Española_ Granada (Serenata),Suite Española: Granada (Serenata),Alicia de Larrocha,"Albéniz [I]: Iberia, Navarra, Suite española (Disc 2)",1988,
Entire_music/test/Early_20th_century_traditional_chamber_14/140003.mp3,Early 20th century traditional chamber,test,06 - Iberia Book 2_ Triana,Iberia Book 2: Triana,Albeniz / Alicia De Larrocha,Iberia / Navarra / Suite Espanola,1988,
Entire_music/train/Early_20th_century_traditional_chamber_14/140004.mp3,Early 20th century traditional chamber,train,06 - Suite Española_ Cataluña (Corranda),Suite Española: Cataluña (Corranda),Alicia de Larrocha,"Albéniz [I]: Iberia, Navarra, Suite española (Disc 2)",1988,
Entire_music/train/Early_20th_century_traditional_chamber_14/140005.mp3,Early 20th century traditional chamber,train,07 - Suite Española_ Sevilla (Sevillanas),Suite Española: Sevilla (Sevillanas),Alicia de Larrocha,"Albéniz [I]: Iberia, Navarra, Suite española (Disc 2)",1988,
Entire_music/val/Early_20th_century_traditional_chamber_14/140006.mp3,Early 20th century traditional chamber,val,08 - Suite Española_ Cádiz (Canción),Suite Española: Cádiz (Canción),Alicia de Larrocha,"Albéniz [I]: Iberia, Navarra, Suite española (Disc 2)",1988,
Entire_music/train/Early_20th_century_traditional_chamber_14/140007.mp3,Early 20th century traditional chamber,train,09 - Iberia Book 3_ Lavapies,Iberia Book 3: Lavapies,Albeniz / Alicia De Larrocha,Iberia / Navarra / Suite Espanola,1988,
Entire_music/train/Early_20th_century_traditional_chamber_14/140008.mp3,Early 20th century traditional chamber,train,09 - Suite Española_ Asturias (Leyenda),Suite Española: Asturias (Leyenda),Alicia de Larrocha,"Albéniz [I]: Iberia, Navarra, Suite española (Disc 2)",1988,
Entire_music/train/Early_20th_century_traditional_chamber_14/140009.mp3,Early 20th century traditional chamber,train,10 - Suite Española_ Aragón (Fantasía),Suite Española: Aragón (Fantasía),Alicia de Larrocha,"Albéniz [I]: Iberia, Navarra, Suite española (Disc 2)",1988,
Entire_music/train/Early_20th_century_traditional_chamber_14/140010.mp3,Early 20th century traditional chamber,train,11 - Suite Española_ Cuba (Capricho),Suite Española: Cuba (Capricho),Alicia de Larrocha,"Albéniz [I]: Iberia, Navarra, Suite española (Disc 2)",1988,
Entire_music/train/Early_20th_century_traditional_chamber_14/140011.mp3,Early 20th century traditional chamber,train,12 - Suite Española_ Castilla (Seguidillas),Suite Española: Castilla (Seguidillas),Alicia de Larrocha,"Albéniz [I]: Iberia, Navarra, Suite española (Disc 2)",1988,
Entire_music/train/Early_20th_century_traditional_chamber_14/140012.mp3,Early 20th century traditional chamber,train,4.10. Iberia Book 1_ El Puerto,Iberia Book 1: El Puerto,Albeniz / Alicia De Larrocha,Iberia / Navarra / Suite Espanola,1988,
Entire_music/train/Early_20th_century_traditional_chamber_14/140013.mp3,Early 20th century traditional chamber,train,5.18. Iberia Book 4_ Málaga,Iberia Book 4: Málaga,Alicia de Larrocha,"Albéniz [I]: Iberia, Navarra, Suite española (Disc 2)",1988,
Entire_music/train/Early_20th_century_traditional_chamber_14/140014.mp3,Early 20th century traditional chamber,train,6.03.Iberia Book 1_ Evocacion,Iberia Book 1: Evocacion,Albeniz / Alicia De Larrocha,Iberia / Navarra / Suite Espanola,1988,
Entire_music/test/Early_20th_century_traditional_chamber_14/140015.mp3,Early 20th century traditional chamber,test,7.02.Iberia Book 3_ El Polo,Iberia Book 3: El Polo,Albeniz / Alicia De Larrocha,Iberia / Navarra / Suite Espanola,1988,
Entire_music/train/Early_20th_century_traditional_chamber_14/140016.mp3,Early 20th century traditional chamber,train,7.23.Iberia Book 2_ Rondena,Iberia Book 2: Rondena,Albeniz / Alicia De Larrocha,Iberia / Navarra / Suite Espanola,1988,
Entire_music/train/Early_20th_century_traditional_chamber_14/140017.mp3,Early 20th century traditional chamber,train,7.27. Iberia Book 3_ El Albaicin,Iberia Book 3: El Albaicin,Albeniz / Alicia De Larrocha,Iberia / Navarra / Suite Espanola,1988,
Entire_music/train/Early_20th_century_traditional_chamber_14/140018.mp3,Early 20th century traditional chamber,train,9.01.Iberia Book 1_ El Corpus Christi En Sevilla,Iberia Book 1: El Corpus Christi En Sevilla,Albeniz / Alicia De Larrocha,Iberia / Navarra / Suite Espanola,1988,
Entire_music/train/Early_20th_century_traditional_chamber_14/140019.mp3,Early 20th century traditional chamber,train,9.49.Iberia Book 2_ Almeria,Iberia Book 2: Almeria,Albeniz / Alicia De Larrocha,Iberia / Navarra / Suite Espanola,1988,
Entire_music/train/Early_20th_century_traditional_chamber_14/140020.mp3,Early 20th century traditional chamber,train,9.51.Iberia Book 4_ Jerez,Iberia Book 4: Jerez,Alicia de Larrocha,"Albéniz [I]: Iberia, Navarra, Suite española (Disc 2)",1988,
Entire_music/val/Early_20th_century_traditional_chamber_14/140021.mp3,Early 20th century traditional chamber,val,Albenis. Evocacion (from Iberia).Kapell,Evocacion (from Iberia),William Kapell,"William Kapell Edition, Vol 6.7",,
Entire_music/train/Early_20th_century_traditional_chamber_14/140022.mp3,Early 20th century traditional chamber,train,Albeniz Guitar Works,Guitar Works,,,,Albeniz
Entire_music/train/Early_20th_century_traditional_chamber_14/140023.mp3,Early 20th century traditional chamber,train,Albeniz.Navarra.Syomin,Navarra: Bravura fantasia (Allegro non troppo),Edvard Syomin,Edvard Syomin: Russian Piano School (vol.19),1990,Albeniz
Entire_music/train/Early_20th_century_traditional_chamber_14/140024.mp3,Early 20th century traditional chamber,train,"Albeniz.Tango in D, op165n2 (arranged by Godowsky).Syomin","Tango in D, op165n2 (arranged by Godowsky)",Edvard Syomin,Edvard Syomin: Russian Piano School (vol.19),1990,Albeniz
Entire_music/train/Early_20th_century_traditional_chamber_14/140025.mp3,Early 20th century traditional chamber,train,"Albéniz by Alicia de Larrocha - Iberia, Suite Española, Tango, Navarra .. (Centurys record. 1962)","Iberia, Suite Española, Tango, Navarra",Alicia de Larrocha,,,Albéniz
Entire_music/train/Early_20th_century_traditional_chamber_14/140026.mp3,Early 20th century traditional chamber,train,Balakirev - Fantasie Orientale 'Islamey' (Boris Berezovsky),Fantasie Orientale 'Islamey',Balakirev,,,Balakirev
Entire_music/val/Early_20th_century_traditional_chamber_14/140027.mp3,Early 20th century traditional chamber,val,Balakirev - Islamey (Andrei Gavrilov),Islamey (Andrei Gavrilov),Balakirev,,,Balakirev
Entire_music/train/Early_20th_century_traditional_chamber_14/140028.mp3,Early 20th century traditional chamber,train,Balakirev - Islamey (Evgeny Kissin Live in Amsterdam 2002),Islamey,Evgeny Kissin,,,Balakirev
Entire_music/train/Early_20th_century_traditional_chamber_14/140029.mp3,Early 20th century traditional chamber,train,Balakirev - Islamey (Oriental Fantasy) (Idil Biret live),Balakirev_Islamey,Idil Biret,Live at Lille concert 1993,1993,Balakirev
Entire_music/test/Early_20th_century_traditional_chamber_14/140030.mp3,Early 20th century traditional chamber,test,Balakirev - Islamey - Brendel,Balakirev - Islamey,Alfred Brendel,,,Balakirev
Entire_music/train/Early_20th_century_traditional_chamber_14/140031.mp3,Early 20th century traditional chamber,train,Balakirev - Islamey - Claudio Arrau,Mili Balakirev - Islamey,Claudio Arrau,Great Pianists of the 20th Century I - Disc 1,,Balakirev
Entire_music/train/Early_20th_century_traditional_chamber_14/140032.mp3,Early 20th century traditional chamber,train,"Balakirev - Islamey - John Ogdon, piano",Islamey,Balakirev,John Ogdon,1998,Balakirev
Entire_music/train/Early_20th_century_traditional_chamber_14/140033.mp3,Early 20th century traditional chamber,train,Balakirev - Islamey - Mikhail Kollontay,Balakirev - Islamey,Mikhail Kollontay,,,Balakirev
Entire_music/train/Early_20th_century_traditional_chamber_14/140034.mp3,Early 20th century traditional chamber,train,Balakirev - Islamey - Mustonen,Balakirev - Islamey,Olli Mustonen,,,Balakirev
Entire_music/val/Early_20th_century_traditional_chamber_14/140035.mp3,Early 20th century traditional chamber,val,Balakirev - Islamey - Pletnev,Balakirev - Islamey,Mikhail Pletnev,Live at Luzern,,Balakirev
Entire_music/train/Early_20th_century_traditional_chamber_14/140036.mp3,Early 20th century traditional chamber,train,Balakirev - Islamey - Rami Bar-Niv,Balakirev - Islamey,Rami Bar-Niv,,,Balakirev
Entire_music/train/Early_20th_century_traditional_chamber_14/140037.mp3,Early 20th century traditional chamber,train,Balakirev - Islamey - Simon Barere,Balakirev - Islamey,Simon Barere,,,Balakirev
Entire_music/train/Early_20th_century_traditional_chamber_14/140038.mp3,Early 20th century traditional chamber,train,Balakirev - Islamey - piers Lane,Balakirev - Islamey,Piers Lane,,,Balakirev
Entire_music/train/Early_20th_century_traditional_chamber_14/140039.mp3,Early 20th century traditional chamber,train,Balakirev - Islamey(1955) - Cziffra,Balakirev - Islamey,Georges Cziffra,,,Balakirev
Entire_music/train/Early_20th_century_traditional_chamber_14/140040.mp3,Early 20th century traditional chamber,train,Balakirev - Islamey(1958) - Cziffra,Balakirev - Islamey,Georges Cziffra,,,Balakirev
Entire_music/val/Early_20th_century_traditional_chamber_14/140041.mp3,Early 20th century traditional chamber,val,Balakirev - Islamey(live carnaige hall) - Pletnev,Balakirev - Islamey,Mikhail Pletnev,Live Carnaige Hall,,Balakirev
Entire_music/test/Early_20th_century_traditional_chamber_14/140042.mp3,Early 20th century traditional chamber,test,Balakirev Islamei.lidsky,Balakirev Islamei.lidsky,Lidsky,LIDSKY,,Balakirev
Entire_music/train/Early_20th_century_traditional_chamber_14/140043.mp3,Early 20th century traditional chamber,train,Balakirev Islamey (Gawrilow live in finals Tchaikowsky compt.),Balakirev Islamey (Gawrilow l,Balakirev Islamey (Gawrilow l,,,Balakirev
Entire_music/test/Early_20th_century_traditional_chamber_14/140044.mp3,Early 20th century traditional chamber,test,Balakirev Islamey.Ciani,Balakirev Islamey,"Chopin,Haydn,Mozart,Balakirev.D.Ciani",Dino Ciani,,Balakirev
Entire_music/train/Early_20th_century_traditional_chamber_14/140045.mp3,Early 20th century traditional chamber,train,Balakirev Tirolski tanez.Islamei.Liszt Sabytyi vals n.2.OGDON,Tirolski tanez.Islamei.Liszt Sabytyi vals n.2,OGDON,,,Balakirev/Liszt
Entire_music/train/Early_20th_century_traditional_chamber_14/140046.mp3,Early 20th century traditional chamber,train,Balakirev-Islamey (fantaise orientale)-Terrence Judd (Live),Balakirev - Islamey,Terence Judd,Terence Judd,2001,Balakirev
Entire_music/train/Early_20th_century_traditional_chamber_14/140047.mp3,Early 20th century traditional chamber,train,Balakirev. Au jardin Etude-Idylle in D-flat Major.B.Scherbina,Au jardin Etude-Idylle in D-flat Major (1884),Yelena Alexandrovna Bekman-Shcherbina,Russian Piano School • Vol. 11 • Yelena Alexandrovna Bekman-Shcherbina,1996,Balakirev
Entire_music/test/Early_20th_century_traditional_chamber_14/140048.mp3,Early 20th century traditional chamber,test,Balakirev.The Lark(Transkription of Romance by Glinka).Bek.-Scherbina,Balakirev,Yelena Alexandrovna Bekman-Shcherbina,Russian Piano School • Vol. 11 • Yelena Alexandrovna Bekman-Shcherbina,1996,Balakirev
Entire_music/val/Early_20th_century_traditional_chamber_14/140049.mp3,Early 20th century traditional chamber,val,Cziffra - Balakirev - Islamey Oriental Fantasy,Balakirev - Islamey Oriental Fantasy,Cziffra,Georges Cziffra Virtuoso (2-2),,Balakirev
Entire_music/train/Early_20th_century_traditional_chamber_14/140050.mp3,Early 20th century traditional chamber,train,"Debussy - Estampes, Images, Préludes + Presentation (recording of the Century Claudio Arrau)","Estampes, Images, Préludes",Claudio Arrau,,,Debussy
Entire_music/train/Early_20th_century_traditional_chamber_14/140051.mp3,Early 20th century traditional chamber,train,"Dvořák String Quartet #12, American.","String Quartet #12, American",,,,Dvořák
Entire_music/test/Early_20th_century_traditional_chamber_14/140052.mp3,Early 20th century traditional chamber,test,"Enrique Granados - 12 Spanish Dances, Op.37 (Complete)","12 Spanish Dances, Op.37",,,,Enrique Granados
Entire_music/train/Early_20th_century_traditional_chamber_14/140053.mp3,Early 20th century traditional chamber,train,Fauré Complete Piano Quartets & Quintets,Complete Piano Quartets & Quintets,,,,Fauré
Entire_music/train/Early_20th_century_traditional_chamber_14/140054.mp3,Early 20th century traditional chamber,train,"Gabriel Fauré - Fantaisie for flute and piano, Op. 79","Fantaisie for flute and piano, Op. 79",,,,Gabriel Fauré
Entire_music/train/Early_20th_century_traditional_chamber_14/140055.mp3,Early 20th century traditional chamber,train,"Gilels - Balakirev - Islamey, Oriental Fantasy (Gilels, live Florence 6.XI.51)",Balakirev-Islamey(Oriental Fantasy)(Great!!!),Emil Gilels,"Florence, 6 Nov. 1951",1951,Balakirev
Entire_music/train/Early_20th_century_traditional_chamber_14/140056.mp3,Early 20th century traditional chamber,train,Granados - Goyescas - Larrocha 1963,Goyescas,Larrocha,,,Granados
Entire_music/train/Early_20th_century_traditional_chamber_14/140057.mp3,Early 20th century traditional chamber,train,Grieg Complete Lyrical Pieces,Complete Lyrical Pieces,,,,Grieg
Entire_music/train/Early_20th_century_traditional_chamber_14/140058.mp3,Early 20th century traditional chamber,train,Gustav Mahler-Piano Quartet in A minor,Piano Quartet in A minor,,,,Gustav Mahler
Entire_music/train/Early_20th_century_traditional_chamber_14/140059.mp3,Early 20th century traditional chamber,train,Isaac Albéniz Iberia [Arranged for three guitars by Christophe Dejour] (Guitars Trio Campanella),Iberia [Arranged for three guitars by Christophe Dejour],Guitars Trio Campanella,,,Isaac Albéniz
Entire_music/train/Early_20th_century_traditional_chamber_14/140060.mp3,Early 20th century traditional chamber,train,Islamei.Gavrilov,Islamei,Gavrilov,,,
Entire_music/train/Early_20th_century_traditional_chamber_14/140061.mp3,Early 20th century traditional chamber,train,"Islamey, Balakirev_Horowitz","Islamey, Balakirev-Horowitz",Vladimir Horowitz,Horowitz Rarities Vol. 1,1950,Balakirev
Entire_music/train/Early_20th_century_traditional_chamber_14/140062.mp3,Early 20th century traditional chamber,train,Menuet In F Minor [Carlos Seixas].Grinberg,Menuet In F Minor [Carlos Seixas],Maria Grinberg,Russian Piano School • Vol. 14 • Maria Grinberg,,
Entire_music/val/Early_20th_century_traditional_chamber_14/140063.mp3,Early 20th century traditional chamber,val,Navarra.L'arrocha,Navarra,Alicia de Larrocha,"Albéniz [I]: Iberia, Navarra, Suite española (Disc 2)",1988,
Entire_music/train/Early_20th_century_traditional_chamber_14/140064.mp3,Early 20th century traditional chamber,train,Nikolai Rimsky-Korsakov - String Sextet in A Major (1876),String Sextet in A Major (1876),,,,Nikolai Rimsky-Korsakov
Entire_music/train/Early_20th_century_traditional_chamber_14/140065.mp3,Early 20th century traditional chamber,train,Paul Dukas - Piano Sonata (1900) {Duchâble},Piano Sonata (1900),Duchâble,,,Paul Dukas
Entire_music/train/Early_20th_century_traditional_chamber_14/140066.mp3,Early 20th century traditional chamber,train,Pogorelich-Balakiriev - Islamey LIVE,Balakiriev - Islamey LIVE,Pogorelich,,,
Entire_music/train/Early_20th_century_traditional_chamber_14/140067.mp3,Early 20th century traditional chamber,train,Richard Strauss Unknown Works for Chamber Music,Unknown Works for Chamber Music,,,,Richard Strauss
Entire_music/train/Early_20th_century_traditional_chamber_14/140068.mp3,Early 20th century traditional chamber,train,Satie Piano Music (Full Album),Piano Music,,,,Satie
Entire_music/train/Early_20th_century_traditional_chamber_14/140069.mp3,Early 20th century traditional chamber,train,"Scriabin Mazurkas, Poèmes & Impromtus_op1_to_op38","Mazurkas, Poèmes & Impromtus op1 to op38",,,,Scriabin
Entire_music/train/Early_20th_century_traditional_chamber_14/140070.mp3,Early 20th century traditional chamber,train,Scriabin etudes op2 op8,etudes op2 op8,,,,Scriabin
Entire_music/train/Early_20th_century_traditional_chamber_14/140071.mp3,Early 20th century traditional chamber,train,Scriabin preludes op2 to 37,preludes op2 to 37,,,,Scriabin
Entire_music/train/Early_20th_century_traditional_chamber_14/140072.mp3,Early 20th century traditional chamber,train,Scriabin sonate 1 to 4,sonate 1 to 4,,,,Scriabin
Entire_music/train/Early_20th_century_traditional_chamber_14/140073.mp3,Early 20th century traditional chamber,train,Suite Bergamasque - Claude Debussy (Score),Suite Bergamasque,,,,Claude Debussy
Entire_music/train/Early_20th_century_traditional_chamber_14/140074.mp3,Early 20th century traditional chamber,train,Toccata In F Minor [Carlos Seixas].Grinberg,Toccata In F Minor [Carlos Seixas],Maria Grinberg,Russian Piano School • Vol. 14 • Maria Grinberg,,
Entire_music/train/Early_20th_century_traditional_chamber_14/140075.mp3,Early 20th century traditional chamber,train,Wolf - 20 Eichendorff Lieder - Fischer-Dieskau Moore 1959,20 Eichendorff Lieder,Fischer-Dieskau Moore,,,Wolf
Entire_music/train/Early_20th_century_traditional_orchestral_15/150001.mp3,Early 20th century traditional orchestral,train,Antonín Dvořák - Serenade for Strings in E Major Op.22 (wscore),Serenade for Strings in E Major Op.22,,,,Antonín Dvořák
Entire_music/train/Early_20th_century_traditional_orchestral_15/150002.mp3,Early 20th century traditional orchestral,train,Claude Debussy - Pelléas et Mélisande [With score],Pelléas et Mélisande,,,,Claude Debussy
Entire_music/val/Early_20th_century_traditional_orchestral_15/150003.mp3,Early 20th century traditional orchestral,val,Claude Debussy - Prelude to the Afternoon of a Faun,Prelude to the Afternoon of a Faun,,,,Claude Debussy
Entire_music/train/Early_20th_century_traditional_orchestral_15/150004.mp3,Early 20th century traditional orchestral,train,Dukas LApprenti sorcier,LApprenti sorcier,,,,Dukas
Entire_music/train/Early_20th_century_traditional_orchestral_15/150005.mp3,Early 20th century traditional orchestral,train,Dvorak - New World Symphony (Full),New World Symphony,,,,Dvorak
Entire_music/train/Early_20th_century_traditional_orchestral_15/150006.mp3,Early 20th century traditional orchestral,train,Edvard Grieg - Peer Gynt Suites 1 & 2 (1888-91),Peer Gynt Suites 1 & 2 (1888-91),,,,Edvard Grieg
Entire_music/train/Early_20th_century_traditional_orchestral_15/150007.mp3,Early 20th century traditional orchestral,train,"Enrique Granados – Dante, Op.21","Dante, Op.21",,,,Enrique Granados
Entire_music/train/Early_20th_century_traditional_orchestral_15/150008.mp3,Early 20th century traditional orchestral,train,Gabriel Faures Requiem Op. 48 Complete (Best Recording),Gabriel Faure's Requiem Op. 48 Complete (Best Recording),,,,Gabriel Faures
Entire_music/val/Early_20th_century_traditional_orchestral_15/150009.mp3,Early 20th century traditional orchestral,val,"Grieg Piano Concerto in A minor, Op. 16 (with Score)","Piano Concerto in A minor, Op. 16",,,,Grieg
Entire_music/train/Early_20th_century_traditional_orchestral_15/150010.mp3,Early 20th century traditional orchestral,train,Gustav Mahler - Symphony No. 10 {Cooke} (Audio + Full Score),Symphony No. 10 {Cooke},,,,Gustav Mahler
Entire_music/test/Early_20th_century_traditional_orchestral_15/150011.mp3,Early 20th century traditional orchestral,test,Hugo Wolf - Scherzo and Finale for orchestra (audio + sheet music),Scherzo and Finale for orchestra,,,,Hugo Wolf
Entire_music/train/Early_20th_century_traditional_orchestral_15/150012.mp3,Early 20th century traditional orchestral,train,Jenůfa. Symphonic Suite from the Opera,Jenůfa. Symphonic Suite from the Opera,,,,
Entire_music/train/Early_20th_century_traditional_orchestral_15/150013.mp3,Early 20th century traditional orchestral,train,Mahler Symphony No. 9 (with Score),Symphony No. 9,,,,Mahler
Entire_music/train/Early_20th_century_traditional_orchestral_15/150014.mp3,Early 20th century traditional orchestral,train,Mily Balakirev - Piano Concerto No. 1 Op. 1 (185556),Piano Concerto No. 1 Op. 1 (185556),,,,Mily Balakirev
Entire_music/train/Early_20th_century_traditional_orchestral_15/150015.mp3,Early 20th century traditional orchestral,train,Mily Balakirev - Symphony No.1 in C-major (1866),Symphony No.1 in C-major (1866),,,,Mily Balakirev
Entire_music/train/Early_20th_century_traditional_orchestral_15/150016.mp3,Early 20th century traditional orchestral,train,"Mily Balakirev - Tamara, symphonic poem (1867-82)","Tamara, symphonic poem (1867-82)",,,,Mily Balakirev
Entire_music/val/Early_20th_century_traditional_orchestral_15/150017.mp3,Early 20th century traditional orchestral,val,N. Rimsky-Korsakov - Capriccio Espagnol Score (Audio + Score),Capriccio Espagnol,,,,N. Rimsky-Korsakov
Entire_music/train/Early_20th_century_traditional_orchestral_15/150018.mp3,Early 20th century traditional orchestral,train,"Nikolai Rimsky-Korsakov - Symphony No.3 in C-major, Op.32 (1873)","Symphony No.3 in C-major, Op.32 (1873)",,,,Nikolai Rimsky-Korsakov
Entire_music/train/Early_20th_century_traditional_orchestral_15/150019.mp3,Early 20th century traditional orchestral,train,Paul Dukas - Symphony in C (1896),Symphony in C (1896),,,,Paul Dukas
Entire_music/train/Early_20th_century_traditional_orchestral_15/150020.mp3,Early 20th century traditional orchestral,train,"Richard Strauss - Also sprach Zarathustra, Op. 30","Also sprach Zarathustra, Op. 30",,,,Richard Strauss
Entire_music/train/Early_20th_century_traditional_orchestral_15/150021.mp3,Early 20th century traditional orchestral,train,"Richard Strauss Don Juan, Op. 20, TrV 156 (with Score)","Don Juan, Op. 20, TrV 156",,,,Richard Strauss
Entire_music/train/Early_20th_century_traditional_orchestral_15/150022.mp3,Early 20th century traditional orchestral,train,Rimsky-Korsakov - The Golden Cockerel - Moscow PO Kitaenko,The Golden Cockerel,Moscow PO Kitaenko,,,Rimsky-Korsakov
Entire_music/test/Early_20th_century_traditional_orchestral_15/150023.mp3,Early 20th century traditional orchestral,test,Rimsky-Korsakov Scheherazade (Svetlanov - USSR State Symphony Orch. - 1969),Scheherazade,Svetlanov - USSR State Symphony Orch,,,Rimsky-Korsakov
Entire_music/train/Early_20th_century_traditional_orchestral_15/150024.mp3,Early 20th century traditional orchestral,train,Rimsky-Korsakov Trombone Concerto in B-flat Major (with Score),Trombone Concerto in B-flat Major,,,,Rimsky-Korsakov
Entire_music/train/Early_20th_century_traditional_orchestral_15/150025.mp3,Early 20th century traditional orchestral,train,"Sibelius - Finlandia, Karelia Suite, Valse Triste .. + Presentat° (Cent. rec. Sir John Barbirolli)","Finlandia, Karelia Suite, Valse Triste",Sir John Barbirolli,,,Sibelius
Entire_music/train/Early_20th_century_traditional_orchestral_15/150026.mp3,Early 20th century traditional orchestral,train,"Strauss II - Waltzes, Polkas & Operettas Classical Music Collection","Strauss II -  Waltzes, Polkas & Operettas | Classical Music Collection",,,,Strauss II
Entire_music/train/Early_20th_century_traditional_orchestral_15/150027.mp3,Early 20th century traditional orchestral,train,Suite from Ariane et Barbe-Bleue by Paul Dukas (Audio + Sheet Music),Suite from Ariane et Barbe-Bleue,,,,Paul Dukas
Entire_music/train/Early_20th_century_traditional_orchestral_15/150028.mp3,Early 20th century traditional orchestral,train,Tchaikovsky Complete Ballets (Swan Lake - Sleeping Beauty - The Nutcracker),Complete Ballets (Swan Lake - Sleeping Beauty - The Nutcracker),,,,Tchaikovsky
Entire_music/train/Early_20th_century_traditional_orchestral_15/150029.mp3,Early 20th century traditional orchestral,train,The Best of Puccini,The Best of Puccini,,,,Puccini
Entire_music/train/Early_20th_century_traditional_orchestral_15/150030.mp3,Early 20th century traditional orchestral,train,The Best of Verdi -150 minutes of Classical Music . HQ Recording,The Best of Verdi - 150 minutes of Classical Music,,,,Verdi
Entire_music/test/Early_20th_century_traditional_orchestral_15/150031.mp3,Early 20th century traditional orchestral,test,Verdi Requiem Solti,Requiem,Solti,,,Verdi
Entire_music/train/East_Asian_traditional_folklore_16/160001.mp3,East Asian traditional folklore,train,Chants Des Maquis Du Viet-Nam,Chants Des Maquis Du Viet-Nam,,,,
Entire_music/test/East_Asian_traditional_folklore_16/160002.mp3,East Asian traditional folklore,test,Java - Gamelans From The Sultans Palace In Jogjakarta,Java - Gamelans From The Sultans Palace In Jogjakarta,,,,
Entire_music/train/East_Asian_traditional_folklore_16/160003.mp3,East Asian traditional folklore,train,Malaysia Traditional Music of West Malaysia,Malaysia Traditional Music of West Malaysia,,,,
Entire_music/test/East_Asian_traditional_folklore_16/160004.mp3,East Asian traditional folklore,test,Minyo - The Deep Song of Korea 民謠,Minyo - The Deep Song of Korea 民謠,,,,
Entire_music/train/East_Asian_traditional_folklore_16/160005.mp3,East Asian traditional folklore,train,Music from Bali - The Gamelan Orchestra,Music from Bali - The Gamelan Orchestra,,,,
Entire_music/train/East_Asian_traditional_folklore_16/160006.mp3,East Asian traditional folklore,train,"New 10 Chinese Songs, Traditional, Relaxing, Medit","New 10 Chinese Songs, Traditional, Relaxing, Medit",,,,
Entire_music/train/East_Asian_traditional_folklore_16/160007.mp3,East Asian traditional folklore,train,Sacred Chants And Tibetan Rituals From The Monastery Of Mirik,Sacred Chants And Tibetan Rituals From The Monastery Of Mirik,,,,
Entire_music/train/East_Asian_traditional_folklore_16/160008.mp3,East Asian traditional folklore,train,TAIWAN - Vocal Polyphonies Of The Aborigines,TAIWAN - Vocal Polyphonies Of The Aborigines,,,,
Entire_music/train/East_Asian_traditional_folklore_16/160009.mp3,East Asian traditional folklore,train,The Best of Guzheng - Chinese Musical Instruments - Relaxing Music Part 1,The Best of Guzheng - Chinese Musical Instruments - Relaxing Music Part 1,,,,
Entire_music/train/East_Asian_traditional_folklore_16/160010.mp3,East Asian traditional folklore,train,The Music of Indonesia I Java Court Music,The Music of Indonesia I Java Court Music,,,,
Entire_music/train/East_Asian_traditional_folklore_16/160011.mp3,East Asian traditional folklore,train,Traditional Buddhist Music,Traditional Buddhist Music,,,,
Entire_music/train/East_Asian_traditional_folklore_16/160012.mp3,East Asian traditional folklore,train,"Traditional Chinese Music Melodies - 中國古典音樂寶庫:超好聽的古箏、琵琶、竹笛、二胡演奏獨特風韻 - 沉浸於不朽音樂的聽覺享受,令人著迷追思","Traditional Chinese Music Melodies - 中國古典音樂寶庫:超好聽的古箏、琵琶、竹笛、二胡演奏獨特風韻 - 沉浸於不朽音樂的聽覺享受,令人著迷追思",,,,
Entire_music/val/East_Asian_traditional_folklore_16/160013.mp3,East Asian traditional folklore,val,Traditional Japanese Folk and Work Songs,Traditional Japanese Folk and Work Songs,,,,
Entire_music/train/East_Asian_traditional_folklore_16/160014.mp3,East Asian traditional folklore,train,"Traditional Japanese Music Shamisen, Koto & Taiko Music","Traditional Japanese Music | Shamisen, Koto & Taiko Music",,,,
Entire_music/train/East_Asian_traditional_folklore_16/160015.mp3,East Asian traditional folklore,train,"Traditional Music of Japan, from the origins to the 16th century","Traditional Music of Japan, from the origins to the 16th century",,,,
Entire_music/train/East_Asian_traditional_folklore_16/160016.mp3,East Asian traditional folklore,train,Youre a Royal falling in love in an Ancient Asian Kingdom,Youre a Royal falling in love in an Ancient Asian Kingdom,,,,
Entire_music/val/East_Asian_traditional_folklore_16/160017.mp3,East Asian traditional folklore,val,日本 Traditional Folk Songs of Japan,日本 Traditional Folk Songs of Japan,,,,
Entire_music/train/East_Asian_traditional_folklore_16/160018.mp3,East Asian traditional folklore,train,管平湖 Guan Pinghu - 古琴獨奏選輯‧幽蘭,古琴獨奏選輯‧幽蘭,管平湖 Guan Pinghu,,,
Entire_music/test/East_European_folklore_17/170001.mp3,East European folklore,test,Azərbaycan - Traditional Music,Azərbaycan - Traditional Music,,,,
Entire_music/train/East_European_folklore_17/170002.mp3,East European folklore,train,"Beautiful Russian Traditional Music (Kalinka, Katyusha, etc.) - красивая русская традиционная музыка","Beautiful Russian Traditional Music (Kalinka, Katyusha, etc.) - красивая русская традиционная музыка",,,,
Entire_music/train/East_European_folklore_17/170003.mp3,East European folklore,train,Belarusian Folk Song - Kupalinka,Belarusian Folk Song - Kupalinka,,,,
Entire_music/train/East_European_folklore_17/170004.mp3,East European folklore,train,Ethno-trio “Troitsa” — Sonjushko (Shjelma) Этно-трио Троица — Сонюшко (Плуто),Sonjushko (Shjelma),Ethno-trio “Troitsa”,,,
Entire_music/train/East_European_folklore_17/170005.mp3,East European folklore,train,Georgian Folk Music - Georgian Instrumental Music - Collection of Amazing Georgian Music - Caucasian,Georgian Folk Music - Georgian Instrumental Music - Collection of Amazing Georgian Music - Caucasian,,,,
Entire_music/val/East_European_folklore_17/170006.mp3,East European folklore,val,Goran Bregovic - Underground (full album),Underground,Goran Bregovic,Underground,,
Entire_music/train/East_European_folklore_17/170007.mp3,East European folklore,train,Hayastan - Armenian Dances,Hayastan - Armenian Dances,,,,
Entire_music/val/East_European_folklore_17/170008.mp3,East European folklore,val,Hungarian Folk Music of Moldavian Csángó People,Hungarian Folk Music of Moldavian Csángó People,,,,
Entire_music/train/East_European_folklore_17/170009.mp3,East European folklore,train,Hungarian dance music from the 17th centruy,Hungarian dance music from the 17th centruy,,,,
Entire_music/train/East_European_folklore_17/170010.mp3,East European folklore,train,Jaramej,Jaramej,,,,
Entire_music/train/East_European_folklore_17/170011.mp3,East European folklore,train,LAlbanie Folklorique,LAlbanie Folklorique,,,,
Entire_music/test/East_European_folklore_17/170012.mp3,East European folklore,test,Music From Hungary - Csángó Songs,Music From Hungary - Csángó Songs,,,,
Entire_music/train/East_European_folklore_17/170013.mp3,East European folklore,train,Music for the Soul - Best of Bulgarian Folklore Music,Music for the Soul - Best of Bulgarian Folklore Music,,,,
Entire_music/test/East_European_folklore_17/170014.mp3,East European folklore,test,Musiques De La Toundra Et De La Taïga,Musiques De La Toundra Et De La Taïga,,,,
Entire_music/train/East_European_folklore_17/170015.mp3,East European folklore,train,Rumanian Folk Songs And Dances (1953),Rumanian Folk Songs And Dances,,,1953,
Entire_music/train/East_European_folklore_17/170016.mp3,East European folklore,train,Russian Folk Music & Slavic Music,Russian Folk Music & Slavic Music,,,,
Entire_music/train/East_European_folklore_17/170017.mp3,East European folklore,train,Stary Olsa - Santa Maria (full album HD),Santa Maria,Stary Olsa,Santa Maria,,
Entire_music/train/East_European_folklore_17/170018.mp3,East European folklore,train,Sufruli - Ra Dro Iyo Didebuli Qebuli,Ra Dro Iyo Didebuli Qebuli,Sufruli,,,
Entire_music/train/East_European_folklore_17/170019.mp3,East European folklore,train,ethno-trio TROITSA. Try Yangaly,Try Yangaly,ethno-trio TROITSA,,,
Entire_music/train/East_European_folklore_17/170020.mp3,East European folklore,train,Александр Вертинский - Песни Любви Alexander Vertinsky - Songs of Love (Russian chanson),Песни Любви Alexander Vertinsky - Songs of Love (Russian chanson),Александр Вертинский,,,
Entire_music/train/East_European_folklore_17/170021.mp3,East European folklore,train,ДМИТРИЙ ХВОРОСТОВСКИЙ - GRAND COLLECTION DMITRIY HVOROSTOVSKIY,GRAND COLLECTION DMITRIY HVOROSTOVSKIY,ДМИТРИЙ ХВОРОСТОВСКИЙ,,,
Entire_music/train/East_European_folklore_17/170022.mp3,East European folklore,train,Кращі Українські Народні Пісні. Українські пісні. Пісні для душі. Ukrainian folk music,Кращі Українські Народні Пісні. Українські пісні. Пісні для душі. Ukrainian folk music,,,,
Entire_music/train/East_European_folklore_17/170023.mp3,East European folklore,train,Людмила Зыкина - Золотая коллекция. Лучшие песни. Оренбургский пуховый платок,Золотая коллекция. Лучшие песни. Оренбургский пуховый платок,Людмила Зыкина,,,
Entire_music/train/East_European_folklore_17/170024.mp3,East European folklore,train,Пелагея - The Best - Лучшее 2021,The Best - Лучшее 2021,Пелагея,,,
Entire_music/test/Electronic_18/180001.mp3,Electronic,test,01 Subharchorded Waves,Subharchorded Waves,Frank Bretschneider,Komet,2011,
Entire_music/test/Electronic_18/180002.wav,Electronic,test,01- 3rd major,elettronica 1,,,,
Entire_music/train/Electronic_18/180003.mp3,Electronic,train,02 Like A Little Lizard In The Sun,Like A Little Lizard In The Sun,Frank Bretschneider,Komet,2011,
Entire_music/test/Electronic_18/180004.m4a,Electronic,test,02 Playground Love,Playground Love,air,The Virgin Suicides (Soundtrac,,
Entire_music/train/Electronic_18/180005.wav,Electronic,train,02- Astral projection,elettronica 2,,,,
Entire_music/train/Electronic_18/180006.mp3,Electronic,train,03 echotron,Echotron,Frank Bretschneider,Komet,2011,
Entire_music/train/Electronic_18/180007.wav,Electronic,train,03- Inversions,elettronica 3,,,,
Entire_music/train/Electronic_18/180008.mp3,Electronic,train,04 urania,Urania,Frank Bretschneider,Komet,2011,
Entire_music/train/Electronic_18/180009.wav,Electronic,train,04- Imitation clock,elettronica 4,,,,
Entire_music/val/Electronic_18/180010.mp3,Electronic,val,05 Flight 09,Flight 09,Frank Bretschneider,Komet,2011,
Entire_music/train/Electronic_18/180011.wav,Electronic,train,05- Factories frenzy,Factories frenzy,,,,
Entire_music/test/Electronic_18/180012.mp3,Electronic,test,06 Flutter Flitter,Flutter Flitter,Frank Bretschneider,Komet,2011,
Entire_music/train/Electronic_18/180013.wav,Electronic,train,06- Little canon,elettronica 6,,,,
Entire_music/train/Electronic_18/180014.mp3,Electronic,train,07 Twisted In The Wind,Twisted In The Wind,Frank Bretschneider,Komet,2011,
Entire_music/train/Electronic_18/180015.mp3,Electronic,train,07- System pause 1,System pause 1,Alfred Baion,,,
Entire_music/train/Electronic_18/180016.mp3,Electronic,train,Air - Alone in Kyoto,Alone in Kyoto,Air,Talkie Walkie,2004,
Entire_music/train/Electronic_18/180017.mp3,Electronic,train,Air - Clouds Up,Clouds Up,Air,The Virgin Suicides (Soundtrac,,
Entire_music/train/Electronic_18/180018.mp3,Electronic,train,Air - Another Day,Another Day,Air,Talkie Walkie,2004,
Entire_music/train/Electronic_18/180019.mp3,Electronic,train,Air - Biological,Biological,Air,Talkie Walkie,2004,
Entire_music/train/Electronic_18/180020.mp3,Electronic,train,Air - Empty House,Air - The Virgin Suicides (Soundtrack) - 11 - Empty House,Air,The Virgin Suicides (Soundtrac,,
Entire_music/train/Electronic_18/180021.mp3,Electronic,train,Air - Ghost Song,Ghost Song,Air,,,
Entire_music/train/Electronic_18/180022.mp3,Electronic,train,Air - Kelly Watch the stars,Kelly Watch The Stars,Air,Moon Safari,,
Entire_music/train/Electronic_18/180023.mp3,Electronic,train,Air - Lucky and Unhappy++,Lucky and Unhappy,Air,,,
Entire_music/train/Electronic_18/180024.mp3,Electronic,train,Air - Playground Love,Playground Love,Air,,,
Entire_music/train/Electronic_18/180025.mp3,Electronic,train,Air - Surfing On A Rocket,Surfin On A Rock,air,talkie walkie,2004,
Entire_music/train/Electronic_18/180026.mp3,Electronic,train,Air - Talkie Walkie - 01 - Venus,Venus,Air,Talkie Walkie,2004,Jean-Benoît Dunckel/Nicolas Godin
Entire_music/train/Electronic_18/180027.mp3,Electronic,train,Air - Universal Traveler,Universal Traveller,Air,Talkie Walkie,2004,Jean-Benoît Dunckel/Nicolas Godin
Entire_music/train/Electronic_18/180028.mp3,Electronic,train,Alva Noto – Xerrox 4 (Full Album),Xerrox 4,Alva Noto,Xerrox 4,,
Entire_music/train/Electronic_18/180029.mp3,Electronic,train,BRUNO MADERNA Musica Elettronica,Musica Elettronica,,,,BRUNO MADERNA
Entire_music/train/Electronic_18/180030.mp3,Electronic,train,Boards of Can ada - Geo gad di (Full Album),Geogaddi,Boards of Canada,Geogaddi,,
Entire_music/test/Electronic_18/180031.mp3,Electronic,test,Boards of Can ada - Mu sic Has the Right to Chil dren (Full Album),Music Has the Right to Children,Boards of Canada,Music Has the Right to Children,,
Entire_music/train/Electronic_18/180032.mp3,Electronic,train,Booster Unpublished - Tangerine Dream,Booster Unpublished,Tangerine Dream,,,
Entire_music/train/Electronic_18/180033.mp3,Electronic,train,Brian Eno - Ambient 1 Music for Airports [Full Album],Ambient 1 Music for Airports,Brian Eno,Ambient 1 Music for Airports,,
Entire_music/train/Electronic_18/180034.mp3,Electronic,train,Brian Eno - Lux [Stretched] (High Quality),Lux [Stretched],Brian Eno,,,
Entire_music/train/Electronic_18/180035.mp3,Electronic,train,Brian Eno - New Space Music,New Space Music,Brian Eno,,,
Entire_music/train/Electronic_18/180036.mp3,Electronic,train,Floating Points - Crush (Full Album),Crush,Floating Points,Crush,,
Entire_music/train/Electronic_18/180037.mp3,Electronic,train,Floating Points - Elaenia Vinyl LP,Elaenia,Floating Points,Elaenia,,
Entire_music/val/Electronic_18/180038.mp3,Electronic,val,Imaginary Landscape No. 1 (1939),Imaginary Landscape No. 1 (1939),,,,
Entire_music/train/Electronic_18/180039.mp3,Electronic,train,Imaginary Landscape No. 2 March No. 1 (1942),Imaginary Landscape No. 2 March No. 1 (1942),,,,
Entire_music/train/Electronic_18/180040.mp3,Electronic,train,Imaginary Landscape No. 3 (1942),Imaginary Landscape No. 3 (1942),,,,
Entire_music/train/Electronic_18/180041.mp3,Electronic,train,Imaginary Landscape No. 4 March No. 2 (1951),Imaginary Landscape No. 4 March No. 2 (1951),,,,
Entire_music/train/Electronic_18/180042.mp3,Electronic,train,Imaginary Landscape No. 5 (1952),Imaginary Landscape No. 5 (1952),,,,
Entire_music/val/Electronic_18/180043.mp3,Electronic,val,Karlheinz Stockhausen Telemusik (1966),Telemusik (1966),,,,Karlheinz Stockhausen
Entire_music/train/Electronic_18/180044.mp3,Electronic,train,La Monte Young - The Second Dream of the High-Tension Line Stepdown Transformer (1962 US),The Second Dream of the High-Tension Line Stepdown Transformer (1962 US),,,,La Monte Young
Entire_music/test/Electronic_18/180045.mp3,Electronic,test,La Monte Young Drift Study (1969),Drift Study (1969),,,,La Monte Young
Entire_music/train/Electronic_18/180046.mp3,Electronic,train,"Luigi Nono - A Pierre. Dell’azzurro silenzio, inquietum (1985)","A Pierre. Dell’azzurro silenzio, inquietum (1985)",,,,Luigi Nono
Entire_music/train/Electronic_18/180047.mp3,Electronic,train,Paul Hindemith - 7 Trio Pieces For 3 Trautoniums,7 Trio Pieces For 3 Trautoniums,,,,Paul Hindemith
Entire_music/train/Electronic_18/180048.mp3,Electronic,train,Philip Glass - Dance Nos. 1-5 ( HQ),Dance Nos. 1-5,,,,Philip Glass
Entire_music/val/Electronic_18/180049.mp3,Electronic,val,"Pierre Schaeffer — Le Trièdre Fertile (1978) [Full album, 2012 Reissue]",Le Trièdre Fertile (1978),,Le Trièdre Fertile (1978),,Pierre Schaeffer
Entire_music/train/Electronic_18/180050.mp3,Electronic,train,Popol Vuh - Hosianna Mantra (1972) FULL ALBUM,Hosianna Mantra,Popol Vuh,Hosianna Mantra,1972,
Entire_music/train/Electronic_18/180051.mp3,Electronic,train,Popol Vuh - In Den Gärten Pharaos (1971) FULL ALBUM,In Den Gärten Pharaos,Popol Vuh,In Den Gärten Pharaos,1971,
Entire_music/train/Electronic_18/180052.mp3,Electronic,train,Popol Vuh – Aguirre,Aguirre,Popol Vuh,,,
Entire_music/train/Electronic_18/180053.mp3,Electronic,train,Ryoji Ikeda - Ultratronics (2022) [Full Album],Ultratronics,Ryoji Ikeda,Ultratronics,2022,
Entire_music/train/Electronic_18/180054.mp3,Electronic,train,Sad Robot Goes Funny,Sad Robot Goes Funny,,,,
Entire_music/train/Electronic_18/180055.mp3,Electronic,train,Shri Camel - Terry Riley (1980) - Full album,Shri Camel,,Shri Camel,1980,Terry Riley
Entire_music/train/Electronic_18/180056.mp3,Electronic,train,Steve Reich - Electric Counterpoint (full),Electric Counterpoint,,,,Steve Reich
Entire_music/train/Electronic_18/180057.mp3,Electronic,train,Stockhausen - Prozession (1967),Prozession (1967),,,,Stockhausen
Entire_music/train/Electronic_18/180058.mp3,Electronic,train,Stockhausen - Studie 1 (1953),Studie 1 (1953),,,,Stockhausen
Entire_music/train/Electronic_18/180059.mp3,Electronic,train,Stockhausen Studie II,Studie II,,,,Stockhausen
Entire_music/test/Electronic_18/180060.mp3,Electronic,test,Supersilent - 6,6,Supersilent,,,
Entire_music/train/Electronic_18/180061.mp3,Electronic,train,Suzanne Ciani - Buchla Concerts 1975 (Full Album),Buchla Concerts,Suzanne Ciani,Buchla Concerts,1975,
Entire_music/val/Electronic_18/180062.mp3,Electronic,val,Square pusher - Feed Me Weird Things (Full Album),Feed Me Weird Things,Squarepusher,Feed Me Weird Things,,
Entire_music/train/Electronic_18/180063.mp3,Electronic,train,Tangerine Dream - Mala Kunia,Mala Kunia,Tangerine Dream,,,
Entire_music/test/Electronic_18/180064.mp3,Electronic,test,Tangerine Dream - Rubycon [Full Album],Rubycon,Tangerine Dream,Rubycon,,
Entire_music/val/Electronic_18/180065.mp3,Electronic,val,Terry Riley - A Rainbow in Curved Air - Full CD (HQ),A Rainbow in Curved Air,,A Rainbow in Curved Air,,Terry Riley
Entire_music/val/Electronic_18/180066.mp3,Electronic,val,Terry Riley - Poppy Nogood and the Phantom Band,Poppy Nogood and the Phantom Band,,,,Terry Riley
Entire_music/train/Electronic_18/180067.mp3,Electronic,train,Terry Riley - Rainbow In Cologne,Rainbow In Cologne,,,,Terry Riley
Entire_music/train/Electronic_18/180068.mp3,Electronic,train,Terry Riley - Youre No Good,Youre No Good,,,,Terry Riley
Entire_music/val/Electronic_18/180069.mp3,Electronic,val,The Best of Kraftwerk - Лучшие композиции группы Kraftwerk - The Greatest Hits of Kraftwerk,The Best of Kraftwerk - Лучшие композиции группы Kraftwerk - The Greatest Hits of Kraftwerk,Kraftwerk,,,
Entire_music/train/Electronic_18/180070.mp3,Electronic,train,Thursday Afternoon (2005 Digital Remaster),Thursday Afternoon,,,,
Entire_music/train/Electronic_18/180071.mp3,Electronic,train,You Endless,You Endless,,,,
Entire_music/train/Electronic_18/180072.mp3,Electronic,train,Zwiegespräch I. Introduzione Tears,Zwiegespräch I. Introduzione Tears,,,,
Entire_music/train/Electronic_18/180073.mp3,Electronic,train,Zwiegespräch II. Visions Feroce Recitativo passionato,Zwiegespräch II. Visions Feroce Recitativo passionato,,,,
Entire_music/train/Electronic_18/180074.mp3,Electronic,train,Zwiegespräch III. Love Story Bird Call,Zwiegespräch III. Love Story Bird Call,,,,
Entire_music/train/Electronic_18/180075.mp3,Electronic,train,Zwiegespräch IV. Shadows Tempest - Synthesizer Solo Féerie,Zwiegespräch IV. Shadows Tempest - Synthesizer Solo Féerie,,,,
Entire_music/train/Electronic_18/180076.mp3,Electronic,train,Zwiegespräch V. Solace,Zwiegespräch V. Solace,,,,
Entire_music/train/Electronic_18/180077.mp3,Electronic,train,Jean Michel Jarre - The Best Hit Collections Disc 1-2 FULL ALBUM,𝔍𝔢𝔞𝔫 𝔐𝔦𝔠𝔥𝔢𝔩 𝔍𝔞𝔯𝔯𝔢 - 𝔗𝔥𝔢 𝔅𝔢𝔰𝔱 ℌ𝔦𝔱 ℭ𝔬𝔩𝔩𝔢𝔠𝔱𝔦𝔬𝔫𝔰 𝔇𝔦𝔰𝔠 1-2 FULL ALBUM,Jean Michel Jarre,,,
Entire_music/val/Flemish_sacred_19/190001.mp3,Flemish sacred,val,"Clemens Non Papa - Missa Pastores Quidnam Vidistis (Phillips) (vinyl Hana, Graham Slee, CTC 301)",Missa Pastores Quidnam Vidistis,Phillips,,,Clemens Non Papa
Entire_music/train/Flemish_sacred_19/190002.mp3,Flemish sacred,train,DISCOVER DUFAY - 1 hour of sacred chants and polyphony from the XVth Centhury,DISCOVER DUFAY - 1 hour of sacred chants and polyphony from the XVth Centhury,,,,DUFAY
Entire_music/train/Flemish_sacred_19/190003.mp3,Flemish sacred,train,"Johannes Ockeghem (c1410-1497) Masses, Motets & Chansons","Masses, Motets & Chansons",,,,Johannes Ockeghem
Entire_music/test/Flemish_sacred_19/190004.mp3,Flemish sacred,test,Josquin Desprez - Motets & Chansons - The Hilliard Ensemble,Motets & Chansons,The Hilliard Ensemble,,,Josquin Desprez
Entire_music/train/Flemish_sacred_19/190005.mp3,Flemish sacred,train,Orlande de Lassus - Motets & Chansonse - The Hilliard Ensemble,Motets & Chansonse,The Hilliard Ensemble,,,Orlande de Lassus
Entire_music/train/Flemish_secular_20/200001.m4a,Flemish secular,train,1-03 Ghizeghem_ De Tous Biens Plaine,Ghizeghem: De Tous Biens Plaine,Jordi Savall: Hespèrion XX,España Antigua [Disc 1],2001,Hayne Van Ghizeghem
Entire_music/test/Flemish_secular_20/200002.m4a,Flemish secular,test,1-08 Ockeghem_ Qu'Es Mi Vida Pregunt,Ockeghem: Qu'Es Mi Vida Preguntays,Jordi Savall: Hespèrion XX,España Antigua [Disc 1],2001,Johannes Ockeghem
Entire_music/train/Flemish_secular_20/200003.m4a,Flemish secular,train,1-19 Willaert_ Vecchie Letrose,Willaert: Vecchie Letrose,Jordi Savall: Hespèrion XX,España Antigua [Disc 1],2001,Adrian Willaert
Entire_music/train/Flemish_secular_20/200004.mp3,Flemish secular,train,Adrian Willaert and his circle Ricercari da Musica Nova,Ricercari da Musica Nova,,,,Adrian Willaert
Entire_music/train/Flemish_secular_20/200005.mp3,Flemish secular,train,At the Sign of the Crumhorn Flemish Songs and Dance Music of the Renaissance,At the Sign of the Crumhorn Flemish Songs and Dance Music of the Renaissance,,,,
Entire_music/train/Flemish_secular_20/200006.mp3,Flemish secular,train,Guillaume Dufay (1397-1474) Secular & Sacred Music for Voices & Instruments,Secular & Sacred Music for Voices & Instruments,,,,Guillaume Dufay
Entire_music/train/Flemish_secular_20/200007.mp3,Flemish secular,train,Guillaume Dufay. Chansons (Michael Posch) 1996,Chansons,Michael Posch,,,Guillaume Dufay
Entire_music/train/Flemish_secular_20/200008.mp3,Flemish secular,train,LASSUS - Chansons - CAPILLA FLAMENCA,Chansons,CAPILLA FLAMENCA,,,LASSUS
Entire_music/val/Flemish_secular_20/200009.mp3,Flemish secular,val,Songs and Dances from The Flemish Renaissance,Songs and Dances from The Flemish Renaissance,,,,
Entire_music/train/Heavy_metal_21/210001.mp3,Heavy metal,train,01 Beast And The Harlot (radio edit),Beast And The Harlot [Radio Edit],Avenged Sevenfold,Beast And The Harlot [CD Single],2004,
Entire_music/train/Heavy_metal_21/210002.mp3,Heavy metal,train,01 Beast and the Harlot,Beast and the Harlot,Avenged Sevenfold,City of Evil,2005,Avenged Sevenfold
Entire_music/train/Heavy_metal_21/210003.mp3,Heavy metal,train,01 To End the Rapture,To End the Rapture,Avenged Sevenfold,Sounding the Seventh Trumpet,2001,Avenged Sevenfold/Matt Shadows/Zacky Vengeance
Entire_music/train/Heavy_metal_21/210004.mp3,Heavy metal,train,01 Waking the Fallen,Waking the Fallen,Avenged Sevenfold,Waking the Fallen,2003,Avenged Sevenfold/Scott Gilman
Entire_music/train/Heavy_metal_21/210005.mp3,Heavy metal,train,01 Warmness on the Soul [Single Version],Warmness on the Soul [Single Version],Avenged Sevenfold,Warmness on the Soul,2001,Avenged Sevenfold/Matt Shadows/Zacky Vengeance
Entire_music/train/Heavy_metal_21/210006.mp3,Heavy metal,train,01-Critical Acclaim,Critical Acclaim,Avenged Sevenfold,Avenged Sevenfold,2007,Avenged Sevenfold
Entire_music/train/Heavy_metal_21/210007.mp3,Heavy metal,train,02 Beast And The Harlot (Radio 1 Lock-Up Version),Beast And The Harlot (Radio 1 Lock-Up Version),Avenged Sevenfold,Burn It Down Disc 2,2006,
Entire_music/train/Heavy_metal_21/210008.mp3,Heavy metal,train,02 Beast and the Harlot (Live at Warped Tour 2005),Beast and the Harlot (Live at Warped Tour 2005),Avenged Sevenfold,Bat Country [single],2005,
Entire_music/val/Heavy_metal_21/210009.mp3,Heavy metal,val,02 Burn It Down (live),Burn It Down [live],Avenged Sevenfold,Beast And The Harlot [CD Single],2004,
Entire_music/train/Heavy_metal_21/210010.mp3,Heavy metal,train,02 Burn It Down,Burn It Down,Avenged Sevenfold,City of Evil,2005,Avenged Sevenfold
Entire_music/train/Heavy_metal_21/210011.mp3,Heavy metal,train,02 Darkness Surrounding,Darkness Surrounding,Avenged Sevenfold,Warmness on the Soul,2001,Avenged Sevenfold/Matt Shadows/Zacky Vengeance
Entire_music/val/Heavy_metal_21/210012.mp3,Heavy metal,val,02 Syn's Solo (Live),Syn's Solo (Live),Avenged Sevenfold,Burn It Down Disc 1,2006,
Entire_music/train/Heavy_metal_21/210013.mp3,Heavy metal,train,02 Turn the Other Way,Turn the Other Way,Avenged Sevenfold,Sounding the Seventh Trumpet,2001,Avenged Sevenfold/Matt Shadows/Zacky Vengeance
Entire_music/train/Heavy_metal_21/210014.mp3,Heavy metal,train,02 Unholy Confessions,Unholy Confessions,Avenged Sevenfold,Waking the Fallen,2003,Avenged Sevenfold
Entire_music/train/Heavy_metal_21/210015.mp3,Heavy metal,train,02-Almost Easy,Almost Easy,Avenged Sevenfold,Avenged Sevenfold,2007,Avenged Sevenfold
Entire_music/train/Heavy_metal_21/210016.mp3,Heavy metal,train,03 Blinded in Chains,Blinded in Chains,Avenged Sevenfold,City of Evil,2005,Avenged Sevenfold
Entire_music/train/Heavy_metal_21/210017.mp3,Heavy metal,train,03 Chapter Four,Chapter Four,Avenged Sevenfold,Waking the Fallen,2003,Avenged Sevenfold
Entire_music/train/Heavy_metal_21/210018.mp3,Heavy metal,train,03 We Come Out at Night,We Come Out at Night,Avenged Sevenfold,Warmness on the Soul,2001,Avenged Sevenfold/Matt Shadows/Zacky Vengeance
Entire_music/train/Heavy_metal_21/210019.mp3,Heavy metal,train,03-Scream,Scream,Avenged Sevenfold,Avenged Sevenfold,2007,Avenged Sevenfold
Entire_music/train/Heavy_metal_21/210020.mp3,Heavy metal,train,04 Bat Country,Bat Country,Avenged Sevenfold,City of Evil,2005,Avenged Sevenfold
Entire_music/train/Heavy_metal_21/210021.mp3,Heavy metal,train,04 Remenissions,Remenissions,Avenged Sevenfold,Waking the Fallen,2003,Avenged Sevenfold
Entire_music/train/Heavy_metal_21/210022.mp3,Heavy metal,train,04 The Art of Subconscious Illusion,The Art of Subconscious Illusion,Avenged Sevenfold,Sounding the Seventh Trumpet,2001,Avenged Sevenfold/Matt Shadows/Zacky Vengeance
Entire_music/train/Heavy_metal_21/210023.mp3,Heavy metal,train,04-Afterlife,Afterlife,Avenged Sevenfold,Avenged Sevenfold,2007,Avenged Sevenfold
Entire_music/test/Heavy_metal_21/210024.mp3,Heavy metal,test,05 Desecrate Through Reverance,Desecrate Through Reverance,Avenged Sevenfold,Waking the Fallen,2003,Avenged Sevenfold
Entire_music/train/Heavy_metal_21/210025.mp3,Heavy metal,train,05 Trashed and Scattered,Trashed and Scattered,Avenged Sevenfold,City of Evil,2005,Avenged Sevenfold
Entire_music/test/Heavy_metal_21/210026.mp3,Heavy metal,test,05-Gunslinger,Gunslinger,Avenged Sevenfold,Avenged Sevenfold,2007,Avenged Sevenfold
Entire_music/train/Heavy_metal_21/210027.mp3,Heavy metal,train,06 Eternal Rest,Eternal Rest,Avenged Sevenfold,Waking the Fallen,2003,Avenged Sevenfold
Entire_music/val/Heavy_metal_21/210028.mp3,Heavy metal,val,06 Lips of Deceit,Lips of Deceit,Avenged Sevenfold,Sounding the Seventh Trumpet,2001,Avenged Sevenfold/Matt Shadows/Zacky Vengeance
Entire_music/val/Heavy_metal_21/210029.mp3,Heavy metal,val,06 Seize the Day,Seize the Day,Avenged Sevenfold,City of Evil,2005,Avenged Sevenfold
Entire_music/train/Heavy_metal_21/210030.mp3,Heavy metal,train,06-Unbound (The Wild Ride),Unbound (The Wild Ride),Avenged Sevenfold,Avenged Sevenfold,2007,Avenged Sevenfold
Entire_music/train/Heavy_metal_21/210031.mp3,Heavy metal,train,07 Second Heartbeat,Second Heartbeat,Avenged Sevenfold,Waking the Fallen,2003,Avenged Sevenfold
Entire_music/train/Heavy_metal_21/210032.mp3,Heavy metal,train,07 Sidewinder,Sidewinder,Avenged Sevenfold,City of Evil,2005,Avenged Sevenfold
Entire_music/test/Heavy_metal_21/210033.mp3,Heavy metal,test,07-Brompton Cocktail,Brompton Cocktail,Avenged Sevenfold,Avenged Sevenfold,2007,Avenged Sevenfold
Entire_music/train/Heavy_metal_21/210034.mp3,Heavy metal,train,08 An Epic of Time Wasted,An Epic of Time Wasted,Avenged Sevenfold,Sounding the Seventh Trumpet,2001,Avenged Sevenfold/Matt Shadows/Zacky Vengeance
Entire_music/train/Heavy_metal_21/210035.mp3,Heavy metal,train,08 Radiant Eclipse,Radiant Eclipse,Avenged Sevenfold,Waking the Fallen,2003,Avenged Sevenfold
Entire_music/test/Heavy_metal_21/210036.mp3,Heavy metal,test,08 The Wicked End,The Wicked End,Avenged Sevenfold,City of Evil,2005,Avenged Sevenfold
Entire_music/train/Heavy_metal_21/210037.mp3,Heavy metal,train,08-Lost,Lost,Avenged Sevenfold,Avenged Sevenfold,2007,Avenged Sevenfold
Entire_music/train/Heavy_metal_21/210038.mp3,Heavy metal,train,09 Breaking Their Hold,Breaking Their Hold,Avenged Sevenfold,Sounding the Seventh Trumpet,2001,Avenged Sevenfold/Matt Shadows/Zacky Vengeance
Entire_music/train/Heavy_metal_21/210039.mp3,Heavy metal,train,"09 I Won't See You Tonight, Pt. 1","I Won't See You Tonight, Pt. 1",Avenged Sevenfold,Waking the Fallen,2003,Avenged Sevenfold
Entire_music/train/Heavy_metal_21/210040.mp3,Heavy metal,train,09 Strength of the World,Strength of the World,Avenged Sevenfold,City of Evil,2005,Avenged Sevenfold
Entire_music/val/Heavy_metal_21/210041.mp3,Heavy metal,val,09-A Little Piece Of Heaven,A Little Piece of Heaven,Avenged Sevenfold,Avenged Sevenfold,2007,Avenged Sevenfold
Entire_music/train/Heavy_metal_21/210042.mp3,Heavy metal,train,10 Betrayed,Betrayed,Avenged Sevenfold,City of Evil,2005,Avenged Sevenfold
Entire_music/train/Heavy_metal_21/210043.mp3,Heavy metal,train,10 Forgotten Faces,Forgotten Faces,Avenged Sevenfold,Sounding the Seventh Trumpet,2001,Avenged Sevenfold/Matt Shadows/Zacky Vengeance
Entire_music/train/Heavy_metal_21/210044.mp3,Heavy metal,train,"10 I Won't See You Tonight, Pt. 2","I Won't See You Tonight, Pt. 2",Avenged Sevenfold,Waking the Fallen,2003,Avenged Sevenfold
Entire_music/val/Heavy_metal_21/210045.mp3,Heavy metal,val,10-Dear God,Dear God,Avenged Sevenfold,Avenged Sevenfold,2007,Avenged Sevenfold
Entire_music/train/Heavy_metal_21/210046.mp3,Heavy metal,train,11 Clairvoyant Disease,Clairvoyant Disease,Avenged Sevenfold,Waking the Fallen,2003,Avenged Sevenfold
Entire_music/test/Heavy_metal_21/210047.mp3,Heavy metal,test,11 M.I.A,M.I.A.,Avenged Sevenfold,City of Evil,2005,Avenged Sevenfold
Entire_music/train/Heavy_metal_21/210048.mp3,Heavy metal,train,11 Thick and Thin,Thick and Thin,Avenged Sevenfold,Sounding the Seventh Trumpet,2001,Avenged Sevenfold/Matt Shadows/Zacky Vengeance
Entire_music/train/Heavy_metal_21/210049.mp3,Heavy metal,train,12 And All Things Will End,And All Things Will End,Avenged Sevenfold,Waking the Fallen,2003,Avenged Sevenfold
Entire_music/test/Heavy_metal_21/210050.mp3,Heavy metal,test,12 Streets,Streets,Avenged Sevenfold,Sounding the Seventh Trumpet,2001,Matt Shadows/Successful Failure
Entire_music/train/Heavy_metal_21/210051.mp3,Heavy metal,train,13 Shattered By Broken Dreams,Shattered By Broken Dreams,Avenged Sevenfold,Sounding the Seventh Trumpet,2001,Avenged Sevenfold/Matt Shadows/Zacky Vengeance
Entire_music/train/Heavy_metal_21/210052.mp3,Heavy metal,train,ARCHITECTS The Classic Symptoms Of A Broken Spirit 2022 FULL ALBUM,The Classic Symptoms Of A Broken Spirit,ARCHITECTS,The Classic Symptoms Of A Broken Spirit,2022,
Entire_music/val/Heavy_metal_21/210053.mp3,Heavy metal,val,Architects - Holy Hell (Full Album - 2018),Holy Hell,Architects,Holy Hell,2018,
Entire_music/train/Heavy_metal_21/210054.mp3,Heavy metal,train,BLIND GUARDIAN - Beyond the Red Mirror (OFFICIAL FULL ALBUM STREAM),Beyond the Red Mirror,BLIND GUARDIAN,Beyond the Red Mirror,,
Entire_music/train/Heavy_metal_21/210055.mp3,Heavy metal,train,BLIND GUARDIAN - The God Machine (FULL ALBUM STREAM),The God Machine,BLIND GUARDIAN,The God Machine,,
Entire_music/test/Heavy_metal_21/210056.mp3,Heavy metal,test,Best Of Metallica - Metallica Greatest Hits full Album,Best Of Metallica - Metallica Greatest Hits full Album,Metallica,,,
Entire_music/train/Heavy_metal_21/210057.mp3,Heavy metal,train,BlackSabbath Greatest Hits Full Album Best Songs Of BlackSabbath Playlist 2021,BlackSabbath Greatest Hits Best Songs Of BlackSabbath Playlist 2021,Black Sabbath,,,
Entire_music/test/Heavy_metal_21/210058.mp3,Heavy metal,test,Cannibal Corpse - Chaos Horrific (FULL ALBUM),Chaos Horrific,Cannibal Corpse,Chaos Horrific,,
Entire_music/train/Heavy_metal_21/210059.mp3,Heavy metal,train,Cannibal Corpse - Eaten Back to Life [FULL ALBUM],Eaten Back to Life,Cannibal Corpse,Eaten Back to Life,,
Entire_music/train/Heavy_metal_21/210060.mp3,Heavy metal,train,Children of Bodom Full Album,Children of Bodom,,,,
Entire_music/train/Heavy_metal_21/210061.mp3,Heavy metal,train,Children of Bodom - Hate Crew Deathroll 2003 (Full Album),Hate Crew Deathroll,Children of Bodom,Hate Crew Deathroll,2003,
Entire_music/test/Heavy_metal_21/210062.mp3,Heavy metal,test,DEATH - HUMAN Reissue (Full Album Stream),HUMAN,DEATH,HUMAN,,
Entire_music/train/Heavy_metal_21/210063.mp3,Heavy metal,train,DEATH - The Sound of Perseverance Reissue (Full Album Stream),The Sound of Perseverance,DEATH,The Sound of Perseverance,,
Entire_music/train/Heavy_metal_21/210064.mp3,Heavy metal,train,DevilDriver - The Fury of Our Makers Hand [Full Album],The Fury of Our Makers Hand,DevilDriver,The Fury of Our Makers Hand,,
Entire_music/train/Heavy_metal_21/210065.mp3,Heavy metal,train,Dimmu Borgir - For All Tid (Full Album) 1995,For All Tid,Dimmu Borgir,For All Tid,1995,
Entire_music/train/Heavy_metal_21/210066.mp3,Heavy metal,train,"Dream Theater - Images and Words, Full Album (1992)",Images and Words,Dream Theater,Images and Words,1992,
Entire_music/train/Heavy_metal_21/210067.mp3,Heavy metal,train,Dream Theater - Awake Full Album 1994,Awake,Dream Theater,Awake,1994,
Entire_music/train/Heavy_metal_21/210068.mp3,Heavy metal,train,Dimmu Borgir - Stormblåst (Full Album 1996),Stormblåst,Dimmu Borgir,Stormblåst,1996,
Entire_music/train/Heavy_metal_21/210069.mp3,Heavy metal,train,Electric Wizard - Dopethrone (2000) full album,Dopethrone,Electric Wizard,Dopethrone,2000,
Entire_music/train/Heavy_metal_21/210070.mp3,Heavy metal,train,Electric Wizard - Witchcult Today (Full Album),Witchcult Today,Electric Wizard,Witchcult Today,,
Entire_music/train/Heavy_metal_21/210071.mp3,Heavy metal,train,Ensiferum From Afar Full Album,From Afar,Ensiferum,From Afar,,
Entire_music/val/Heavy_metal_21/210072.mp3,Heavy metal,val,Ensiferum - Thalassic (FULL ALBUM),Thalassic,Ensiferum,Thalassic,,
Entire_music/val/Heavy_metal_21/210073.mp3,Heavy metal,val,Helloween – Keeper Of The Seven Keys Part 1 [1987] [Full Album With Bonus Tracks],Keeper Of The Seven Keys Part 1,Helloween,Keeper Of The Seven Keys Part 1,1987,
Entire_music/test/Heavy_metal_21/210074.mp3,Heavy metal,test,Helloween – Keeper Of The Seven Keys Part 2 [1988] [Full Album With Bonus Tracks],Keeper Of The Seven Keys Part 2,Helloween,Keeper Of The Seven Keys Part 2,1988,
Entire_music/train/Heavy_metal_21/210075.mp3,Heavy metal,train,Helloween - Helloween (Full Album) 2021,Helloween,Helloween,Helloween,2021,
Entire_music/train/Heavy_metal_21/210076.mp3,Heavy metal,train,I.r.o.n M.a.i.d.e.n Best Songs Playlist - Greatest hits Full Album 2021,I.r.o.n M.a.i.d.e.n Best Songs Playlist - Greatest hits Full Album 2021,Iron Maiden,,,
Entire_music/train/Heavy_metal_21/210077.mp3,Heavy metal,train,Judas Priest Greatest Hits,Judas Priest Greatest Hits,Judas Priest,,,
Entire_music/train/Heavy_metal_21/210078.mp3,Heavy metal,train,KILLSWITCH ENGAGE As Daylight Dies full album,As Daylight Dies,KILLSWITCH ENGAGE,As Daylight Dies,,
Entire_music/train/Heavy_metal_21/210079.mp3,Heavy metal,train,Killswitch Engage - End Of Heartache (Full Album) HQ,End Of Heartache,Killswitch Engage,End Of Heartache,,
Entire_music/train/Heavy_metal_21/210080.mp3,Heavy metal,train,Korn - Korn (Full Album) HQ,Korn - Korn (Full Album) HQ,Korn,Korn,,
Entire_music/train/Heavy_metal_21/210081.mp3,Heavy metal,train,KoRn - Issues (Full Album) HD 1080p,Issues,KoRn,Issues,,
Entire_music/train/Heavy_metal_21/210082.mp3,Heavy metal,train,LIMP BIZKIT TOP GREATEST HITS PLAYLIST FULL ALBUM LIMP BIZKIT SONGS,LIMP BIZKIT TOP GREATEST HITS PLAYLIST LIMP BIZKIT SONGS,LIMP BIZKIT,,,
Entire_music/train/Heavy_metal_21/210083.mp3,Heavy metal,train,M O T O R H E A D Greatest Hits Album - Best Songs Of M O T O R H E A D Playlist,M O T O R H E A D Greatest Hits Album - Best Songs Of M O T O R H E A D Playlist,MOTORHEAD,,,
Entire_music/val/Heavy_metal_21/210084.mp3,Heavy metal,val,Manowar Greatest Hits,Manowar Greatest Hits,Manowar,,,
Entire_music/test/Heavy_metal_21/210085.mp3,Heavy metal,test,Mayhem - De Mysteriis Dom Sathanas 1994 [Full Album],De Mysteriis Dom Sathanas,Mayhem,De Mysteriis Dom Sathanas,1994,
Entire_music/train/Heavy_metal_21/210086.mp3,Heavy metal,train,Mayhem - Deathcrush (1987) [FULL ALBUM],Deathcrush,Mayhem,Deathcrush,1987,
Entire_music/train/Heavy_metal_21/210087.mp3,Heavy metal,train,Megadeth - The Sick The Dying... And The Dead (Full Album 2022),The Sick The Dying... And The Dead,Megadeth,The Sick The Dying... And The Dead,2022,
Entire_music/train/Heavy_metal_21/210088.mp3,Heavy metal,train,N I G H T W I S H Greatest Hits Full Album - Best Songs Of N I G H T W I S H Playlist 2021,N I G H T W I S H Greatest Hits Full Album - Best Songs Of N I G H T W I S H Playlist 2021,NIGHTWISH,,,
Entire_music/train/Heavy_metal_21/210089.mp3,Heavy metal,train,Napalm Death - Harmony Corruption [Full Album],Harmony Corruption,Napalm Death,Harmony Corruption,,
Entire_music/train/Heavy_metal_21/210090.mp3,Heavy metal,train,Napalm Death - Scum [Full Album],Scum,Napalm Death,Scum,,
Entire_music/train/Heavy_metal_21/210091.mp3,Heavy metal,train,Pain of Salvation - Entropia (Full Album),Entropia,Pain of Salvation,Entropia,,
Entire_music/train/Heavy_metal_21/210092.mp3,Heavy metal,train,Pain of Salvation - Scarsick (Full Album),Scarsick,Pain of Salvation,Scarsick,,
Entire_music/train/Heavy_metal_21/210093.mp3,Heavy metal,train,Pantera - The Best Of (Full Album),The Best Of,Pantera,,,
Entire_music/train/Heavy_metal_21/210094.mp3,Heavy metal,train,R A M M S T E I N Greatest Hits Full Album - Best Songs Of R A M M S T E I N Playlist 2021,R A M M S T E I N Greatest Hits Full Album - Best Songs Of R A M M S T E I N Playlist 2021,RAMMSTEIN,,,
Entire_music/train/Heavy_metal_21/210095.mp3,Heavy metal,train,Rage Against The Machine – The Essential Hits,The Essential Hits,Rage Against The Machine,,,
Entire_music/train/Heavy_metal_21/210096.mp3,Heavy metal,train,SKYCLAD - The Wayward Sons of Mother Earth (1991) FULL ALBUM,The Wayward Sons of Mother Earth,SKYCLAD,The Wayward Sons of Mother Earth,1991,
Entire_music/train/Heavy_metal_21/210097.mp3,Heavy metal,train,SLAYER South Of Heaven (Full Album) 4KUHD,South Of Heaven,SLAYER,South Of Heaven,,
Entire_music/train/Heavy_metal_21/210098.mp3,Heavy metal,train,SOAD Greatest Hits Full Album Best Songs Of SOAD Playlist 2023,SOAD Greatest Hits Full Album   Best Songs Of SOAD Playlist 2023,System of a Down,,,
Entire_music/train/Heavy_metal_21/210099.mp3,Heavy metal,train,"Sepultura Greatest Hits - (Max & Igor Cavalera, Andreas Kisser and Paulo Jr. Era)","Sepultura Greatest Hits (Max & Igor Cavalera, Andreas Kisser and Paulo Jr. Era)",Sepultura,,,
Entire_music/train/Heavy_metal_21/210100.mp3,Heavy metal,train,Skyclad - Silent Whales of Lunar Sea [Full Album Lyrics on Screen],Silent Whales of Lunar Sea,Skyclad,Silent Whales of Lunar Sea,,
Entire_music/train/Heavy_metal_21/210101.mp3,Heavy metal,train,Slayer - Seasons In The Abyss [Full Album] (HQ),Slayer - Seasons In The Abyss [Full Album] (HQ),Slayer,Seasons In The Abyss,,
Entire_music/train/Heavy_metal_21/210102.mp3,Heavy metal,train,Slipknot - Greatest Hits,Slipknot - Greatest Hits,Slipknot,,,
Entire_music/train/Heavy_metal_21/210103.mp3,Heavy metal,train,TOOL - Fear Inoculum (Full Album HQ).,Fear Inoculum,TOOL,Fear Inoculum,,
Entire_music/train/Heavy_metal_21/210104.mp3,Heavy metal,train,TOOL - Lateralus (Full Album HQ).,TOOL - Lateralus (Full Album HQ).,TOOL,Lateralus,,
Entire_music/train/Heavy_metal_21/210105.mp3,Heavy metal,train,[Full Album] Megadeth - Rust In Peace,Rust In Peace,Megadeth,Rust In Peace,,
Entire_music/train/Jazz_22/220001.mp3,Jazz,train,(01) The Musician,The Musician,,,,
Entire_music/train/Jazz_22/220002.mp3,Jazz,train,(02) Hello Again,Hello Again,,,,
Entire_music/train/Jazz_22/220003.mp3,Jazz,train,(03) Musicmagic,Musicmagic,,,,
Entire_music/train/Jazz_22/220004.mp3,Jazz,train,(04) So Long Mickey mouse,So Long Mickey mouse,,,,
Entire_music/test/Jazz_22/220005.mp3,Jazz,test,(05) Do You Ever,Do You Ever,,,,
Entire_music/train/Jazz_22/220006.mp3,Jazz,train,(06) The Endless Night,The Endless Night,,,,
Entire_music/val/Jazz_22/220007.mp3,Jazz,val,01 - exodus quartet - Whats That,What's That,Exodus Quartet,Way Out There,1996,
Entire_music/test/Jazz_22/220008.mp3,Jazz,test,01 - sharpshooters - Funk Shack West,Funk Shack West,Sharpshooters,The Very Best of This Is Acid Jazz: A 10 Year Celebration,,
Entire_music/train/Jazz_22/220009.mp3,Jazz,train,01 - 1er Moviment,1er Moviment,Chick Corea,Septet,1984,
Entire_music/test/Jazz_22/220010.mp3,Jazz,test,01 - After Noon Song,After Noon Song,,,,
Entire_music/train/Jazz_22/220011.mp3,Jazz,train,01 - All I Know Is Tonight,All I Know Is Tonight,Jaga Jazzist,What We Must,2005,
Entire_music/train/Jazz_22/220012.mp3,Jazz,train,01 - Amado mio,Amado mio,Pink Martini,Sympathique,1999,
Entire_music/train/Jazz_22/220013.mp3,Jazz,train,01 - Armando's Rhumba,"01 - Chick Corea, Bobby McFerrin , Armando's Rhumba",Chick Corea,Rendezvous In New York - Cd1,2003,
Entire_music/train/Jazz_22/220014.mp3,Jazz,train,01 - Autumn Leaves,"01 - Chick Corea, Dave Weckl, John Patitucci , Autumn Leaves",Chick Corea,Rendezvous In New York - Cd2,2003,
Entire_music/train/Jazz_22/220015.mp3,Jazz,train,01 - Beneath The Mask,Beneath The Mask,,,,
Entire_music/val/Jazz_22/220016.ogg,Jazz,val,01 - Bloomdido,Bloomdido,Charlie Parker & Dizzy Gillespie,Bird And Diz,1950,
Entire_music/train/Jazz_22/220017.mp3,Jazz,train,01 - Blu-Bop,Blu-Bop,Béla Fleck & The Flecktones,Flight of the Cosmic Hippo,,
Entire_music/train/Jazz_22/220018.mp3,Jazz,train,01 - Come Rain Or Come Shine,Come Rain Or Come Shine,Return To Forever,Live - Disc 2,1977,
Entire_music/test/Jazz_22/220019.mp3,Jazz,test,01 - Crash Course,Crash Course,Victor Wooten - Steve Smith - Scott Henderson,Vital Tech Tones,1998,Scott Henderson/Steve Smith/Victor Wooten
Entire_music/train/Jazz_22/220020.mp3,Jazz,train,01 - Dayride,Dayride,Return To Forever,Chick Corea & Return To Forever - No Mystery,,
Entire_music/val/Jazz_22/220021.mp3,Jazz,val,01 - Extraction,Extraction,Howe Wooten Chambers,Extraction,2003,
Entire_music/train/Jazz_22/220022.mp3,Jazz,train,01 - February Moment,February Moment,Herbie Hancock & Chick Corea,An Evening With Herbie Hancock,1978,
Entire_music/test/Jazz_22/220023.ape,Jazz,test,01 - Gymnopedie No. 1 Var. 1,Gymnopedie No. 1 Var. 1,,,,
Entire_music/val/Jazz_22/220024.mpc,Jazz,val,01 - Jam With Sam,Jam With Sam,Duke Ellington,The Great Paris Concert - Disc 2,,
Entire_music/train/Jazz_22/220025.wav,Jazz,train,01 - Jump Start,Jump Start,,,,
Entire_music/train/Jazz_22/220026.mp3,Jazz,train,01 - Just Gone (02 40),Just Gone,King Oliver's Creole Jazz Band,Disc 1,1987,
Entire_music/train/Jazz_22/220027.mpc,Jazz,train,01 - Kinda Dukish,Kinda Dukish,Duke Ellington,The Great Paris Concert,,
Entire_music/train/Jazz_22/220028.mpc,Jazz,train,01 - Louis Armstrong & Duke Ellington - Duke's Place,Duke's Place,Louis Armstrong & Duke Ellington,,,
Entire_music/train/Jazz_22/220029.mp3,Jazz,train,01 - Lush life,Lush life,Chick Corea,Expressions (Solo Piano),1994,
Entire_music/train/Jazz_22/220030.mp3,Jazz,train,01 - Mack the Knife,Mack the Knife,Louis Armstrong,Very Best of Louis Armstrong,2001,
Entire_music/train/Jazz_22/220031.mp3,Jazz,train,01 - Mallorca,Mallorca,Chick Corea,Voyage,1984,
Entire_music/train/Jazz_22/220032.mp3,Jazz,train,01 - Margot,Margot,"Corea, Hancock, Jarrett, Tyner","Chick Corea, Herbie Hancock, Keith Jarrett, McCoy Tyner",,
Entire_music/train/Jazz_22/220033.mp3,Jazz,train,01 - Matrix,Matrix,Chick Corea,"Now He Sings, Now He Sobs",1968,
Entire_music/val/Jazz_22/220034.mp3,Jazz,val,01 - Nefertiti,Nefertiti,Circle,Paris Concert [disc one],,
Entire_music/val/Jazz_22/220035.mp3,Jazz,val,01 - Nefertitti,Nefertitti,Chick Corea,A.R.C.,,
Entire_music/val/Jazz_22/220036.mpc,Jazz,val,01 - Norvegian Wood,Norvegian Wood,Stefano Bollani,Småt Småt,,
Entire_music/train/Jazz_22/220037.mp3,Jazz,train,01 - Opening '77,Opening '77,,,,
Entire_music/train/Jazz_22/220038.mp3,Jazz,train,01 - Original Dixieland Jazz Band - Livery Stable Blues,Livery Stable Blues,Original Dixieland Jazz Band,New Orleans,,
Entire_music/train/Jazz_22/220039.mp3,Jazz,train,01 - Overture,Overture,,,,
Entire_music/train/Jazz_22/220040.mp3,Jazz,train,01 - Paint The World,Paint The World,Chick Corea Elektric Band II,Paint The World,,
Entire_music/train/Jazz_22/220041.mp3,Jazz,train,01 - Quartet No. 1,Quartet No. 1,,,,
Entire_music/train/Jazz_22/220042.mp3,Jazz,train,01 - RARE EARTH - I Just Cried The Sunliners,I Just Cried The Sunliners,RARE EARTH,,,
Entire_music/train/Jazz_22/220043.mp3,Jazz,train,01 - Romantic Warrior - Medieval Overture,Medieval Overture,Return To Forever,Romantic Warrior,1976,
Entire_music/test/Jazz_22/220044.mp3,Jazz,test,01 - Señor Mouse,Señor Mouse,Chick Corea & Gary Burton,Crystal Silence,1973,
Entire_music/train/Jazz_22/220045.mp3,Jazz,train,01 - Someday my Prince Will Come,Someday My Prince Will Come,Herbie Hancock & Chick Corea,An Evening With Herbie Hancock,1978,
Entire_music/train/Jazz_22/220046.ape,Jazz,train,01 - Sweet Georgia Brown,Sweet Georgia Brown,,,,
Entire_music/test/Jazz_22/220047.mp3,Jazz,test,01 - Take The Coltlane,Take The Coltlane,John McLaughlin,After The Rain (with Elvin Jon,1994,
Entire_music/train/Jazz_22/220048.mp3,Jazz,train,01 - The Woods,The Woods,,,,
Entire_music/train/Jazz_22/220049.mp3,Jazz,train,01 - Ti Parlerò d' Amore,Ti parlerò d'amore,Stefano Bollani,Abbassa la tua radio,,
Entire_music/train/Jazz_22/220050.mp3,Jazz,train,01 - Toy Room; Q&A,Toy Room/Q&A,Circle,Paris Concert [disc two],,
Entire_music/train/Jazz_22/220051.mp3,Jazz,train,01 - What A Wonderful World,What A Wonderful World,Louis Armstrong,Very Best of Louis Armstrong 1,2001,
Entire_music/train/Jazz_22/220052.mp3,Jazz,train,01 - You're Everything,You´re Everything,Chick Corea and Return to Forever,Light as a Feather,,
Entire_music/test/Jazz_22/220053.mp3,Jazz,test,01 - reflections on aubade,Reflections On Aubade,Vienna Art Orchestra,The Minimalism Of Erik Satie,1989,
Entire_music/train/Jazz_22/220054.mp3,Jazz,train,01 At the jazz bandball,At the jazz bandball,,,,
Entire_music/train/Jazz_22/220055.mp3,Jazz,train,01 Band Möbius,Band Möbius,Leonid Chizhik,Days Of Wine And Roses,,
Entire_music/train/Jazz_22/220056.mp3,Jazz,train,01 Birk's Works,Birk's Works,Dizzy Gillespie,Live at the Village Vanguard D,1967,
Entire_music/train/Jazz_22/220057.mp3,Jazz,train,01 El Joraique,El Joraique,,,,
Entire_music/train/Jazz_22/220058.mp3,Jazz,train,01 Gary Burton Question and Answer,Question and Answer,Gary Burton,Like Minds,1998,
Entire_music/train/Jazz_22/220059.mp3,Jazz,train,"01 Liszt Années De Pèlerinage, Deuxième Année, S 161, Italie - Après Une Lecture Du Dante Andante Maestoso","Liszt: Années De Pèlerinage, Deuxième Année, S 161, ""Italie"" - Après Une Lecture Du Dante: Andante Maestoso",Gidon Kremer: Kremerata Baltica,Kremerland,2004,
Entire_music/val/Jazz_22/220060.mp3,Jazz,val,01 Monotonously Ring The Bell (Russia),Monotonously Ring The Bell (Russia),Leonid Chizhik,Sakura,2010,
Entire_music/test/Jazz_22/220061.mp3,Jazz,test,01 Mozart Concerto Jenom 1 mov,"Mozart Concerto ""Jenom"" 1 mov",L.Chizhik,Leonid Chizhik in Saarbrücken,,
Entire_music/train/Jazz_22/220062.wma,Jazz,train,01 Prophet John,Prophet John,Albert Ayler,Holy Ghost: Rare & Unissued Recordings (1962-70) Disc 7,,Donald Ayler
Entire_music/train/Jazz_22/220063.mp3,Jazz,train,01 Requiem,Requiem,Mozdzer Danielsson Fresco,between us and the light,2006,
Entire_music/train/Jazz_22/220064.wma,Jazz,train,01 Sonnymoon for Two,Sonnymoon for Two,Herbert Quintet Katz,Holy Ghost: Rare & Unissued Recordings (1962-70) Disc 1,,Sonny Rollins
Entire_music/train/Jazz_22/220065.m4a,Jazz,train,01 Suck My Xxx Bill Gates,Suck My Xxx Bill Gates,"Nik Bärtsch Ronin, Sha, Björn Meyer, Kaspar Rast, Andi Pupato",Stoa,,
Entire_music/train/Jazz_22/220066.wma,Jazz,train,01 Tenderly,Tenderly,U.S. Army 76th AG Band,Holy Ghost: Rare & Unissued Recordings (1962-70) Disc 10,,Walter Gross
Entire_music/train/Jazz_22/220067.m4a,Jazz,train,01 The Stone Carriers,The Stone Carriers,Thomas Strønen,Time Is A Blind Guide,2015,Thomas Strønen
Entire_music/train/Jazz_22/220068.wma,Jazz,train,01 The Wizard,The Wizard,Albert Ayler Trio,Holy Ghost: Rare & Unissued Recordings (1962-70) Disc 2,,Albert Ayler
Entire_music/train/Jazz_22/220069.mp3,Jazz,train,01 Tour De Force (Live),Tour De Force (Live),Dizzy Gillespie,Live At The Village Vanguard,1992,
Entire_music/train/Jazz_22/220070.mp3,Jazz,train,Chizhik - track 01,,Chizhik,Chizhik,,
Entire_music/train/Jazz_22/220071.wma,Jazz,train,Albert Ayler - Holy Ghost: Rare & Unissued Recordings (1962-70) Disc 6 - [Untitled Track],[Untitled Track],Albert Ayler,Holy Ghost: Rare & Unissued Recordings (1962-70) Disc 6,,Albert Ayler
Entire_music/test/Jazz_22/220072.wma,Jazz,test,01 [Untitled]-Truth Is Marching In,[Untitled]/Truth Is Marching In,Albert Ayler Quintet,Holy Ghost: Rare & Unissued Recordings (1962-70) Disc 4,,Albert Ayler
Entire_music/train/Jazz_22/220073.mp3,Jazz,train,01) Elvin's song,Elvin's song,,,,
Entire_music/train/Jazz_22/220074.mp3,Jazz,train,01)Tiger Rag,(01)Tiger Rag,Original Dixieland Jazz Band,10's,,
Entire_music/train/Jazz_22/220075.mp3,Jazz,train,01- Spain,Spain,Chick Corea,Chick Corea & Bobby McFerrin,1990,
Entire_music/train/Jazz_22/220076.mp3,Jazz,train,Chick Corea - Children's Songs - track 01,,Chick Corea,Children's Songs,1984,
Entire_music/train/Jazz_22/220077.mp3,Jazz,train,01-Captain Marvel,Captain Marvel,Chick Corea,Compact Jazz,1987,
Entire_music/train/Jazz_22/220078.mp3,Jazz,train,01-Check Blast,Check Blast,Chick Corea Elektric Band,To The Stars,2004,
Entire_music/train/Jazz_22/220079.mp3,Jazz,train,01-Chet Baker-Like Someone in Love,Like Someone in Love,Chet Baker,Jazz. Piano and voices. Vol.2,1956,
Entire_music/train/Jazz_22/220080.mp3,Jazz,train,01-Chick Corea - Soul mates,Chick Corea - 01,Chick Corea,,,
Entire_music/train/Jazz_22/220081.mp3,Jazz,train,01-Chick Corea _ Overture,Chick Corea / Overture,GRP,GRP Super Live Volume Two,1991,Chick Corea
Entire_music/val/Jazz_22/220082.mp3,Jazz,val,01-Chick Corea and Origin-Say It Again [Part 1](Live At The Blue Note-01),Say It Again [Part 1],Chick Corea and Origin,Live At The Blue Note,1997,
Entire_music/train/Jazz_22/220083.mp3,Jazz,train,01-Concerto for Piano and Orchestra No.23 in A Major K.488 Prelude - I. Allegro,Concerto for Piano and Orchestra No.23 in A Major K.488 Prelude - I. Allegro,"McFerrin, Bobby & Chick Corea",The Mozart Sessions,1996,
Entire_music/train/Jazz_22/220084.mp3,Jazz,train,01-Diane Schuur _ Deedles' Blues,Diane Schuur / Deedles' Blues,Various,GRP Super Live Volume One,1991,Morgan Ames
Entire_music/train/Jazz_22/220085.mp3,Jazz,train,01-Home universe,Home universe,Chick Corea,Eye of the Beholder,,
Entire_music/train/Jazz_22/220086.mp3,Jazz,train,01-Imp's Welcome-Chick Corea-The Leprechaun,Imp's Welcome,Chick Corea,The Leprechaun,1975,Chick Corea
Entire_music/train/Jazz_22/220087.mp3,Jazz,train,01-Inside Out,Inside Out,Chick Corea Elektric Band,Inside Out,,
Entire_music/val/Jazz_22/220088.mp3,Jazz,val,01-Introduction,Introduction,Chick Corea,Live in Montreux,1981,
Entire_music/train/Jazz_22/220089.mp3,Jazz,train,01-Monk-s Dream,Monk-s Dream,,,,
Entire_music/train/Jazz_22/220090.mp3,Jazz,train,01-Native Sense,Native Sense,"Chick Corea, Gary Burton",Native Sense: The New Duets,1997,
Entire_music/train/Jazz_22/220091.mp3,Jazz,train,01-Outback,Outback,Joe Farrell,Outback,,
Entire_music/train/Jazz_22/220092.mp3,Jazz,train,01-Promises Kept,Promises Kept,Sonny Sharrock,Ask The Ages,1991,
Entire_music/train/Jazz_22/220093.mp3,Jazz,train,01-Rhythm-A-Ning,Rhythm-A-Ning,Chick Corea,Trio Music [CD2],1981,
Entire_music/train/Jazz_22/220094.mp3,Jazz,train,01-Samba L.A,Samba L.A.,Chick Corea,Tap Step,1993,
Entire_music/train/Jazz_22/220095.mp3,Jazz,train,01-The Loop,The Loop,Chick Corea,"Trio Music, Live in Europe",1986,
Entire_music/train/Jazz_22/220096.mp3,Jazz,train,01-The one step,The one step,,,,
Entire_music/test/Jazz_22/220097.mp3,Jazz,test,01-Toy Room,Toy Room,Chick Corea,The Song of Singing,,
Entire_music/train/Jazz_22/220098.mp3,Jazz,train,01-Trio Improvisation 1,Trio Improvisation 1,Chick Corea - Miroslav Vitous - Roy Haynes,Trio Music [CD1],1981,
Entire_music/train/Jazz_22/220099.mp3,Jazz,train,01-Tweek,Tweek,Chick Corea & Electric Band,Live from Elario's,,
Entire_music/train/Jazz_22/220100.mp3,Jazz,train,01-Wigwam,Wigwam,Chick Corea & Origin,Change,1999,
Entire_music/train/Jazz_22/220101.mp3,Jazz,train,01. L'histoire qui avance,L'histoire qui avance,Stefano Bollani,Les Fleurs Bleues,2001,
Entire_music/train/Jazz_22/220102.mp3,Jazz,train,01.Angel eyes,Angel Eyes,Wynton Marsalis,,,
Entire_music/train/Jazz_22/220103.mp3,Jazz,train,01.One by one,One by one,,,,
Entire_music/test/Jazz_22/220104.mp3,Jazz,test,01New Waltz,New Waltz,"Chick Corea, Bob Berg, Steve Gadd, Eddie Gomez",Chick Corea and Friends live in Munchner Klaviersommer -92,,
Entire_music/train/Jazz_22/220105.mp3,Jazz,train,02 - 2n Moviment,2n Moviment,Chick Corea,Septet,1984,
Entire_music/val/Jazz_22/220106.ogg,Jazz,val,02 - An Oscar For Treadwell (Alternate Take),An Oscar For Treadwell (alternate Take),Charlie Parker & Dizzy Gillespie,Bird And Diz,1950,
Entire_music/val/Jazz_22/220107.mp3,Jazz,val,"02 - Arise, Her Eyes","Arise, Her Eyes",Chick Corea & Gary Burton,Crystal Silence,1973,
Entire_music/train/Jazz_22/220108.mp3,Jazz,train,02 - Armando's Tango,"02 - Chick Corea, Avishai Cohen, Jeff Ballard, Steve Wilson, Steve Davis, Tim Garland , Armando's Tango",Chick Corea,Rendezvous In New York - Cd2,2003,
Entire_music/train/Jazz_22/220109.mp3,Jazz,train,02 - Ballad For Tillie,Ballad For Tillie,Chick Corea,A.R.C.,,
Entire_music/train/Jazz_22/220110.mp3,Jazz,train,02 - Because Of You,Because Of You,Louis Armstrong,Very Best of Louis Armstrong,2001,
Entire_music/train/Jazz_22/220111.mp3,Jazz,train,02 - Blue Miles,Blue Miles,Chick Corea Elektric Band II,Paint The World,,
Entire_music/val/Jazz_22/220112.mp3,Jazz,val,02 - Blue Monk,"02 - Chick Corea, Bobby McFerrin , Blue Monk",Chick Corea,Rendezvous In New York - Cd1,2003,
Entire_music/train/Jazz_22/220113.wav,Jazz,train,02 - Buttom Up,Buttom Up,,,,
Entire_music/test/Jazz_22/220114.mp3,Jazz,test,02 - Canal Street Blues (02 28),Canal Street Blues,King Oliver's Creole Jazz Band,Disc 1,1987,
Entire_music/test/Jazz_22/220115.ape,Jazz,test,02 - Caravan,Caravan,,,,
Entire_music/train/Jazz_22/220116.mp3,Jazz,train,02 - Cheek to Cheek,Cheek to Cheek,Louis Armstrong,Very Best of Louis Armstrong 1,2001,
Entire_music/train/Jazz_22/220117.mp3,Jazz,train,02 - Diversions,Diversions,Chick Corea,Voyage,1984,
Entire_music/train/Jazz_22/220118.mp3,Jazz,train,02 - Even From Me,Even From Me,Chick Corea,Chick Corea & Bobby McFerrin,1990,
Entire_music/val/Jazz_22/220119.mp3,Jazz,val,02 - Flying Saucer Dudes,Flying Saucer Dudes,Béla Fleck & The Flecktones,Flight of the Cosmic Hippo,,
Entire_music/train/Jazz_22/220120.ape,Jazz,train,02 - Gymnopedie No. 1 Var. 2,Gymnopedie No. 1 Var. 2,,,,
Entire_music/train/Jazz_22/220121.mpc,Jazz,train,02 - Happy-Go-Lucky Local,Happy-Go-Lucky Local,Duke Ellington,The Great Paris Concert - Disc 2,,
Entire_music/train/Jazz_22/220122.mp3,Jazz,train,02 - Ho Un Sassolino Nella Scarpa,Ho un sassolino nella scarpa,Stefano Bollani,Abbassa la tua radio,,
Entire_music/train/Jazz_22/220123.mp3,Jazz,train,02 - ISN'T IT A LOVELY DAY,ISN'T IT A LOVELY DAY,ELLA AND LOUIS,,,
Entire_music/train/Jazz_22/220124.mp3,Jazz,train,02 - Jungle Waterfall,Jungle Waterfall,Return To Forever,Chick Corea & Return To Forever - No Mystery,,
Entire_music/test/Jazz_22/220125.mp3,Jazz,test,02 - King Oliver - Dippermouth Blues,Dippermouth Blues,King Oliver,New Orleans,,
Entire_music/test/Jazz_22/220126.mp3,Jazz,test,02 - La Soledad,La Soledad,Pink Martini,Sympathique,1999,
Entire_music/val/Jazz_22/220127.mpc,Jazz,val,02 - La vita intensa,La vita intensa,Stefano Bollani,Småt Småt,,
Entire_music/train/Jazz_22/220128.mp3,Jazz,train,02 - Light As A Feather,Light as a Feather,Chick Corea and Return to Forever,Light as a Feather,,
Entire_music/train/Jazz_22/220129.mp3,Jazz,train,02 - Little Things That Count,Little Things That Count,,,,
Entire_music/train/Jazz_22/220130.mp3,Jazz,train,02 - Liza,Liza,Herbie Hancock & Chick Corea,An Evening With Herbie Hancock,1978,
Entire_music/train/Jazz_22/220131.mpc,Jazz,train,02 - Louis Armstrong & Duke Ellington - I'm Just A Lucky So And So,I'm Just A Lucky So And So,Louis Armstrong & Duke Ellington,,,
Entire_music/train/Jazz_22/220132.mp3,Jazz,train,02 - Love No. 1,Love No. 1,"Corea, Hancock, Jarrett, Tyner","Chick Corea, Herbie Hancock, Keith Jarrett, McCoy Tyner",,
Entire_music/train/Jazz_22/220133.mp3,Jazz,train,02 - Maiden Voyage,Maiden Voyage,Herbie Hancock & Chick Corea,An Evening With Herbie Hancock,1978,
Entire_music/train/Jazz_22/220134.mp3,Jazz,train,02 - Mitch Moses' Acid Blues Project - Lonely Blues,Lonely Blues,Mitch Moses' Acid Blues Projec,This Is Acid Jazz Volume 2,,
Entire_music/test/Jazz_22/220135.mp3,Jazz,test,02 - My Favourite Things,My Favourite Things,John McLaughlin,After The Rain (with Elvin Jon,1994,
Entire_music/val/Jazz_22/220136.mp3,Jazz,val,02 - My One And Only Love,My One And Only Love,Chick Corea,"Now He Sings, Now He Sobs",1968,
Entire_music/train/Jazz_22/220137.mp3,Jazz,train,02 - No Greater Love,No Greater Love,Circle,Paris Concert [disc two],,
Entire_music/train/Jazz_22/220138.mp3,Jazz,train,02 - Quartet No. 3,Quartet No. 3,,,,
Entire_music/val/Jazz_22/220139.mp3,Jazz,val,02 - RARE EARTH - King Of A Rainy Country,King Of A Rainy Country,RARE EARTH,,,
Entire_music/train/Jazz_22/220140.mpc,Jazz,train,02 - Rockin' In Rhythm,Rockin' In Rhythm,Duke Ellington,The Great Paris Concert,,
Entire_music/train/Jazz_22/220141.mp3,Jazz,train,02 - Romantic Warrior - Sorceress,Sorceress,Return To Forever,Romantic Warrior,1976,
Entire_music/val/Jazz_22/220142.mp3,Jazz,val,02 - Serenade,Serenade,Return To Forever,Live - Disc 2,1977,
Entire_music/train/Jazz_22/220143.mp3,Jazz,train,02 - Snake Soda,Snake Soda,Victor Wooten - Steve Smith - Scott Henderson,Vital Tech Tones,,
Entire_music/test/Jazz_22/220144.mp3,Jazz,test,02 - Song For Lee Lee,Song For Lee Lee,,,,
Entire_music/train/Jazz_22/220145.mp3,Jazz,train,02 - Song For Sally,Song For Sally,,,,
Entire_music/train/Jazz_22/220146.mp3,Jazz,train,02 - Song For The Newborn,Song For The Newborn,Circle,Paris Concert [disc one],,
Entire_music/train/Jazz_22/220147.mp3,Jazz,train,02 - Stardust Hotel,Stardust Hotel,Jaga Jazzist,What We Must,2005,
Entire_music/train/Jazz_22/220148.mp3,Jazz,train,02 - Tease,Tease,Howe Wooten Chambers,Extraction,2003,
Entire_music/train/Jazz_22/220149.mp3,Jazz,train,02 - The Endless Night,The Endless Night,,,,
Entire_music/train/Jazz_22/220150.mp3,Jazz,train,02 - This nearly was mine,This nearly was mine,Chick Corea,Expressions (Solo Piano),1994,
Entire_music/train/Jazz_22/220151.mp3,Jazz,train,02 - Tweedle Dee,Tweedle Dee,,,,
Entire_music/train/Jazz_22/220152.mp3,Jazz,train,02 - Waltz,Waltz,,,,
Entire_music/train/Jazz_22/220153.mp3,Jazz,train,02 - litha,Litha,Aebersold,Vol XXX: The Chick Corea Play-Along,,
Entire_music/train/Jazz_22/220154.mp3,Jazz,train,02 - reflections on meditation,Reflections On Meditation,Vienna Art Orchestra,The Minimalism Of Erik Satie,1989,
Entire_music/train/Jazz_22/220155.mp3,Jazz,train,02 - this is acid jazz vol 7 - the chris bangs project play t,The Chris Bangs Project-Play t,This is Acid Jazz Vol. 7,This is Acid Jazz Vol. 7,,
Entire_music/train/Jazz_22/220156.wma,Jazz,train,02 Children,Children,Albert Ayler Trio,Holy Ghost: Rare & Unissued Recordings (1962-70) Disc 2,,Albert Ayler
Entire_music/train/Jazz_22/220157.mp3,Jazz,train,02 Copenhagen,Copenhagen,,,,
Entire_music/train/Jazz_22/220158.mp3,Jazz,train,02 Days Of Wine And Roses,Days Of Wine And Roses,Leonid Chizhik,Days Of Wine And Roses,,
Entire_music/train/Jazz_22/220159.mp3,Jazz,train,02 Gary Burton Elucidation,Elucidation,Gary Burton,Like Minds,1998,
Entire_music/test/Jazz_22/220160.wma,Jazz,test,02 Ghosts-Bells,Ghosts/Bells,Albert Ayler Quintet,Holy Ghost: Rare & Unissued Recordings (1962-70) Disc 5,,Albert Ayler
Entire_music/train/Jazz_22/220161.wma,Jazz,train,02 Judge Ye Not,Judge Ye Not,Albert Ayler,Holy Ghost: Rare & Unissued Recordings (1962-70) Disc 7,,Donald Ayler
Entire_music/val/Jazz_22/220162.wma,Jazz,val,02 Leap Frog,Leap Frog,U.S. Army 76th AG Band,Holy Ghost: Rare & Unissued Recordings (1962-70) Disc 10,,Joe Garland
Entire_music/train/Jazz_22/220163.mp3,Jazz,train,02 Light up the lie,Light up the lie,Mozdzer Danielsson Fresco,between us and the light,2006,
Entire_music/train/Jazz_22/220164.mp3,Jazz,train,"02 Liszt Années De Pèlerinage, Deuxième Année, S 161, Italie - Après Une Lecture Du Dante Presto Agitato Assai","Liszt: Années De Pèlerinage, Deuxième Année, S 161, ""Italie"" - Après Une Lecture Du Dante: Presto Agitato Assai",Gidon Kremer: Kremerata Baltica,Kremerland,2004,
Entire_music/test/Jazz_22/220165.mp3,Jazz,test,02 Lullaby of the Leaves,Lullaby of the Leaves,Dizzy Gillespie,Live at the Village Vanguard D,1967,
Entire_music/val/Jazz_22/220166.mp3,Jazz,val,02 Mozart Concerto 2 mov.,Mozart Concerto 2 mov.,L.Chizhik,Leonid Chizhik in Saarbrücken,,
Entire_music/train/Jazz_22/220167.mp3,Jazz,train,02 Obstinado en mi error,Obstinado en mi error,,,,
Entire_music/train/Jazz_22/220168.mp3,Jazz,train,02 On The Trail (Live),On The Trail (Live),Dizzy Gillespie,Live At The Village Vanguard,1992,
Entire_music/train/Jazz_22/220169.wma,Jazz,train,02 Spirits Rejoice,Spirits Rejoice,Albert Ayler Quintet,Holy Ghost: Rare & Unissued Recordings (1962-70) Disc 3,,Albert Ayler
Entire_music/val/Jazz_22/220170.wma,Jazz,val,02 Spirits,Spirits,Albert Ayler Quintet,Holy Ghost: Rare & Unissued Recordings (1962-70) Disc 4,,Albert Ayler
Entire_music/test/Jazz_22/220171.m4a,Jazz,test,02 Suck My Xxx Steve Ballmer,Suck My Xxx Steve Ballmer,"Nik Bärtsch Ronin, Sha, Björn Meyer, Kaspar Rast, Andi Pupato",Stoa,,
Entire_music/train/Jazz_22/220172.wma,Jazz,train,02 Summertime,Summertime,Herbert Quintet Katz,Holy Ghost: Rare & Unissued Recordings (1962-70) Disc 1,,Ira Gershwin
Entire_music/test/Jazz_22/220173.m4a,Jazz,test,02 Tide,Tide,Thomas Strønen,Time Is A Blind Guide,2015,Thomas Strønen
Entire_music/test/Jazz_22/220174.mp3,Jazz,test,02 Track.Sicily,02 Track 02Sicily,"Chick Corea, Bob Berg, Steve Gadd, Eddie Gomez",Chick Corea and Friends live in Munchner Klaviersommer -92,,
Entire_music/train/Jazz_22/220175.wma,Jazz,train,02 Truth Is Marching In-Omega,Truth Is Marching In/Omega,Albert Ayler Quintet,Holy Ghost: Rare & Unissued Recordings (1962-70) Disc 6,,Albert Ayler
Entire_music/train/Jazz_22/220176.mp3,Jazz,train,02 Wedding Song (Turkey),Wedding Song (Turkey),Leonid Chizhik,Sakura,2010,
Entire_music/train/Jazz_22/220177.mp3,Jazz,train,02) Jhonny's time,Jhonny's time,,,,
Entire_music/train/Jazz_22/220178.mp3,Jazz,train,02-'Round Midnight,'Round Midnight,Chick Corea,Trio Music [CD2],1981,
Entire_music/train/Jazz_22/220179.mp3,Jazz,train,Chick Corea - Children's Songs - track 02,,Chick Corea,Children's Songs,1984,
Entire_music/train/Jazz_22/220180.mp3,Jazz,train,02-A Japanese waltse,A Japanese waltse,Chick Corea & Electric Band,Live from Elario's,,
Entire_music/train/Jazz_22/220181.mp3,Jazz,train,02-Armando's Tango,Armando's Tango,Chick Corea & Origin,Change,1999,
Entire_music/train/Jazz_22/220182.mp3,Jazz,train,02-Ballad I,Ballad I,Chick Corea,The Song of Singing,,
Entire_music/val/Jazz_22/220183.mp3,Jazz,val,02-But Beautiful,But Beautiful,,,,
Entire_music/train/Jazz_22/220184.mp3,Jazz,train,02-Captain Senor Mouse,Captain Senor Mouse,Chick Corea,Compact Jazz,1987,
Entire_music/train/Jazz_22/220185.mp3,Jazz,train,02-Chick Corea - Hand me down,Chick Corea - 02,Chick Corea,,,
Entire_music/train/Jazz_22/220186.mp3,Jazz,train,02-Chick Corea _ Time Track,Chick Corea / Time Track,GRP,GRP Super Live Volume Two,1991,Chick Corea
Entire_music/train/Jazz_22/220187.mp3,Jazz,train,02-Chick Corea and Origin-Say It Again [Part 2](Live At The Blue Note-02),Say It Again [Part 2],Chick Corea and Origin,Live At The Blue Note,1997,
Entire_music/train/Jazz_22/220188.mp3,Jazz,train,02-Concerto for Piano and Orchestra No.23 in A Major K.488 Prelude - II. Adagio,Concerto for Piano and Orchestra No.23 in A Major K.488 Prelude - II. Adagio,"McFerrin, Bobby & Chick Corea",The Mozart Sessions,1996,
Entire_music/train/Jazz_22/220189.mp3,Jazz,train,02-Diana Krall - Blossom Fell,A Blossom Fell,Diana Krall,Jazz. Piano and voices. Vol.2,,
Entire_music/train/Jazz_22/220190.mp3,Jazz,train,02-Diane Schuur _ Love Dance,Diane Schuur / Love Dance,Various,GRP Super Live Volume One,1991,"Ivan Lins/Paul ""Tubbs"" Williams/Vitor Martins"
Entire_music/train/Jazz_22/220191.mp3,Jazz,train,02-Eternal child,Eternal child,Chick Corea,Eye of the Beholder,,
Entire_music/train/Jazz_22/220192.mp3,Jazz,train,02-Hairy Canary,Hairy Canary,Chick Corea,Live in Montreux,1981,
Entire_music/train/Jazz_22/220193.mp3,Jazz,train,02-I Hear A Rhapsody,I Hear A Rhapsody,Chick Corea,"Trio Music, Live in Europe",1986,
Entire_music/train/Jazz_22/220194.mp3,Jazz,train,02-Lenore-Chick Corea-The Leprechaun,Lenore,Chick Corea,The Leprechaun,1975,Chick Corea
Entire_music/train/Jazz_22/220195.mp3,Jazz,train,02-Love Castle,Love Castle,"Chick Corea, Gary Burton",Native Sense: The New Duets,1997,
Entire_music/train/Jazz_22/220196.mp3,Jazz,train,02-Make A Wish - Part 1,Make A Wish - Part 1,Chick Corea Elektric Band,Inside Out,,
Entire_music/train/Jazz_22/220197.mp3,Jazz,train,02-Port View 1,Port View 1,Chick Corea Elektric Band,To The Stars,2004,
Entire_music/train/Jazz_22/220198.mp3,Jazz,train,02-Sound Down,Sound Down,Joe Farrell,Outback,,
Entire_music/train/Jazz_22/220199.mp3,Jazz,train,02-The Embrace,The Embrace,Chick Corea,Tap Step,1993,
Entire_music/val/Jazz_22/220200.mp3,Jazz,val,02-The gardens,The gardens,,,,
Entire_music/train/Jazz_22/220201.mp3,Jazz,train,02-Trio Improvisation 2,Trio Improvisation 2,Chick Corea - Miroslav Vitous - Roy Haynes,Trio Music [CD1],1981,
Entire_music/train/Jazz_22/220202.mp3,Jazz,train,02-Watse for Dave,Watse for Dave,,,,
Entire_music/train/Jazz_22/220203.mp3,Jazz,train,02-Where Have I Know you Before,Where Have I Know you Before,,,,
Entire_music/train/Jazz_22/220204.mp3,Jazz,train,02-Who Does She Hope To Be,Who Does She Hope To Be?,Sonny Sharrock,Ask The Ages,1991,
Entire_music/train/Jazz_22/220205.mp3,Jazz,train,02. Rever et reveler,Rever et reveler,Stefano Bollani,Les Fleurs Bleues,2001,
Entire_music/train/Jazz_22/220206.mp3,Jazz,train,02.Bitter dose,Bitter Dose,Art Blakey's Jazz Messengers,Live at Bubba's,,
Entire_music/train/Jazz_22/220207.mp3,Jazz,train,02.My funny Valentine,My Funny Valentine,Art Blakey's Jazz Messengers,Live at Bubba's,,
Entire_music/train/Jazz_22/220208.mp3,Jazz,train,02.Tchiaikovsky Barcarolla,Tchiaikovsky Barcarolla,Chizhik,Chizhik,,
Entire_music/train/Jazz_22/220209.mp3,Jazz,train,02a - The Chris Bangs Project - Dazzle,Dazzle,The Chris Bangs Project,,,
Entire_music/train/Jazz_22/220210.mp3,Jazz,train,03 - 3er Moviment,3er Moviment,Chick Corea,Septet,1984,
Entire_music/train/Jazz_22/220211.mp3,Jazz,train,03 - ARC,ARC,Chick Corea,A.R.C.,,
Entire_music/train/Jazz_22/220212.ogg,Jazz,train,03 - An Oscar For Treadwell (Master Take),An Oscar For Treadwell (master Take),Charlie Parker & Dizzy Gillespie,Bird And Diz,1950,
Entire_music/train/Jazz_22/220213.mp3,Jazz,train,03 - Autumn Leaves,Autumn Leaves,Chick Corea,Chick Corea & Bobby McFerrin,1990,
Entire_music/train/Jazz_22/220214.mp3,Jazz,train,03 - Ballad For Anna,Ballad For Anna,,,,
Entire_music/val/Jazz_22/220215.mp3,Jazz,val,03 - Button Up,Button Up,Herbie Hancock & Chick Corea,An Evening With Herbie Hancock,1978,
Entire_music/train/Jazz_22/220216.mp3,Jazz,train,03 - Camminando Sotto La Pioggia,Camminando sotto la pioggia,Stefano Bollani,Abbassa la tua radio,,
Entire_music/train/Jazz_22/220217.wav,Jazz,train,03 - Come And Get It,Come And Get It,,,,
Entire_music/train/Jazz_22/220218.mp3,Jazz,train,"03 - Conccierto De Aranjuez,Spain","03 - Chick Corea, Bobby McFerrin , Conccierto De Aranjuez,Spain",Chick Corea,Rendezvous In New York - Cd1,2003,
Entire_music/train/Jazz_22/220219.mp3,Jazz,train,"03 - Concierto De Aranjuez,Spain","03 - Chick Corea, Gonzalo Rubalcaba , Concierto De Aranjuez,Spain",Chick Corea,Rendezvous In New York - Cd2,2003,
Entire_music/train/Jazz_22/220220.mp3,Jazz,train,03 - Crack it way open,Crack it way open,Howe Wooten Chambers,Extraction,2003,
Entire_music/train/Jazz_22/220221.mp3,Jazz,train,03 - Dr Hee,Dr Hee,Victor Wooten - Steve Smith - Scott Henderson,Vital Tech Tones,,
Entire_music/train/Jazz_22/220222.mp3,Jazz,train,03 - Duboniks - On The Vibe,On The Vibe,Duboniks,This Is Jazz Steppin',2000,
Entire_music/train/Jazz_22/220223.mp3,Jazz,train,03 - Duet,Duet,Circle,Paris Concert [disc one],,
Entire_music/train/Jazz_22/220224.mp3,Jazz,train,03 - Flight of the Newborn,Flight of the Newborn,Return To Forever,Chick Corea & Return To Forever - No Mystery,,
Entire_music/val/Jazz_22/220225.mp3,Jazz,val,03 - For All You Happy People,For All You Happy People,Jaga Jazzist,What We Must,2005,
Entire_music/test/Jazz_22/220226.ape,Jazz,test,03 - Gnossienne No. 3,Gnossienne No. 3,,,,
Entire_music/val/Jazz_22/220227.mp3,Jazz,val,03 - I'm Your Pal,I'm Your Pal,Chick Corea & Gary Burton,Crystal Silence,1973,
Entire_music/train/Jazz_22/220228.mp3,Jazz,train,03 - It could happen to you,It could happen to you,Chick Corea,Expressions (Solo Piano),1994,
Entire_music/train/Jazz_22/220229.mp3,Jazz,train,03 - King Oliver - High Society Rag,High Society Rag,King Oliver,New Orleans,,
Entire_music/train/Jazz_22/220230.mp3,Jazz,train,03 - La Fiesta,La Fiesta,Herbie Hancock & Chick Corea,An Evening With Herbie Hancock,1978,
Entire_music/train/Jazz_22/220231.mp3,Jazz,train,03 - Let's Called Whole Thing,Let's Called Whole Thing Off,Louis Armstrong,Very Best of Louis Armstrong 1,2001,
Entire_music/train/Jazz_22/220232.mp3,Jazz,train,03 - Lilly,Lilly,Pink Martini - Hang On Little Tomato,Hang On Little Tomato,2004,
Entire_music/test/Jazz_22/220233.mpc,Jazz,test,03 - Louis Armstrong & Duke Ellington - Cottontail,Cottontail,Louis Armstrong & Duke Ellington,,,
Entire_music/train/Jazz_22/220234.ape,Jazz,train,03 - Lover Man,Lover Man,,,,
Entire_music/train/Jazz_22/220235.mp3,Jazz,train,03 - MOONLIGHT IN VERMONT,MOONLIGHT IN VERMONT,ELLA AND LOUIS,,,
Entire_music/train/Jazz_22/220236.mp3,Jazz,train,03 - Mandy Lee Blues (02 12),Mandy Lee Blues,King Oliver's Creole Jazz Band,Disc 1,1987,
Entire_music/train/Jazz_22/220237.mpc,Jazz,train,03 - Mr. O'Malley,Mr. O'Malley,Stefano Bollani,Småt Småt,,
Entire_music/train/Jazz_22/220238.mp3,Jazz,train,03 - Now He Beats The Drum-Now He Stops,Now He Beats The Drum-Now He Stops,Chick Corea,"Now He Sings, Now He Sobs",1968,
Entire_music/train/Jazz_22/220239.mpc,Jazz,train,03 - On the Sunny Side of the Street,On the Sunny Side of the Street,Duke Ellington,The Great Paris Concert,,
Entire_music/train/Jazz_22/220240.mp3,Jazz,train,03 - One Of Us Is Over 40.,One Of Us Is Over 40,,,,
Entire_music/train/Jazz_22/220241.mp3,Jazz,train,03 - Overjoyed,Overjoyed,Chick Corea,Akoustic Band,1989,
Entire_music/train/Jazz_22/220242.mp3,Jazz,train,03 - Quartet No. 2 - Part 1,Quartet No. 2 - Part 1,,,,
Entire_music/train/Jazz_22/220243.mp3,Jazz,train,03 - RARE EARTH - Get Ready,Get Ready,RARE EARTH,,,
Entire_music/val/Jazz_22/220244.mp3,Jazz,val,03 - Romantic Warrior - The Romantic Warrior,The Romantic Warrior,Return To Forever,Romantic Warrior,1976,
Entire_music/train/Jazz_22/220245.mp3,Jazz,train,03 - Sing Me Softly Of The Blues,Sing Me Softly Of The Blues,John McLaughlin,After The Rain (with Elvin Jon,1994,
Entire_music/train/Jazz_22/220246.mp3,Jazz,train,03 - Sketch (for Thelonious Monk),Sketch (for Thelonious Monk),,,,
Entire_music/train/Jazz_22/220247.mp3,Jazz,train,03 - Song For Thad,Song For Thad,,,,
Entire_music/train/Jazz_22/220248.mp3,Jazz,train,03 - Star Island,Star Island,Chick Corea,Voyage,1984,
Entire_music/test/Jazz_22/220249.mp3,Jazz,test,03 - The Moorish Warrior And Spanish Princess,The Moorish Warrior And Spanish Princess,Return To Forever,Live - Disc 2,1977,
Entire_music/train/Jazz_22/220250.mp3,Jazz,train,03 - The Musician,The Musician,,,,
Entire_music/train/Jazz_22/220251.mp3,Jazz,train,03 - The Trial,The Trial,,,,
Entire_music/val/Jazz_22/220252.mpc,Jazz,val,03 - Tone Parallel to Harlem,Tone Parallel to Harlem,Duke Ellington,The Great Paris Concert - Disc 2,,
Entire_music/train/Jazz_22/220253.mp3,Jazz,train,03 - Tone Poem,Tone Poem,Chick Corea Elektric Band II,Paint The World,,
Entire_music/train/Jazz_22/220254.mp3,Jazz,train,03 - Tones For Joan's Bones,Tones For Joan's Bones,"Corea, Hancock, Jarrett, Tyner","Chick Corea, Herbie Hancock, Keith Jarrett, McCoy Tyner",,
Entire_music/train/Jazz_22/220255.mp3,Jazz,train,03 - Turtle Rock,Turtle Rock,Béla Fleck & The Flecktones,Flight of the Cosmic Hippo,,
Entire_music/train/Jazz_22/220256.mp3,Jazz,train,03 - Your Cheatin' Heart,Your Cheatin' Heart,Louis Armstrong,Very Best of Louis Armstrong,2001,
Entire_music/train/Jazz_22/220257.mp3,Jazz,train,03 - reflections on severe reprimande,Reflections On Severe Reprimande,Vienna Art Orchestra,The Minimalism Of Erik Satie,1989,
Entire_music/val/Jazz_22/220258.mp3,Jazz,val,03 - the loop,The Loop,Aebersold,Vol XXX: The Chick Corea Play-Along,,
Entire_music/train/Jazz_22/220259.wma,Jazz,train,Albert Ayler Quintet - Holy Ghost: Rare & Unissued Recordings (1962-70) Disc 3 - D.C.,D.C.,Albert Ayler Quintet,Holy Ghost: Rare & Unissued Recordings (1962-70) Disc 3,,Don Cherry
Entire_music/train/Jazz_22/220260.mp3,Jazz,train,03 El canto del gallo,El canto del gallo,,,,
Entire_music/test/Jazz_22/220261.m4a,Jazz,test,03 Everything Disappears [Pt. 1],Everything Disappears [Pt. 1],Thomas Strønen,Time Is A Blind Guide,2015,Thomas Strønen
Entire_music/test/Jazz_22/220262.mp3,Jazz,test,03 Ex ego,Ex ego,Mozdzer Danielsson Fresco,between us and the light,2006,
Entire_music/train/Jazz_22/220263.mp3,Jazz,train,03 Exprompt,Exprompt,Leonid Chizhik,Days Of Wine And Roses,,
Entire_music/train/Jazz_22/220264.mp3,Jazz,train,03 Gary Burton Windows,Windows,Gary Burton,Like Minds,1998,
Entire_music/train/Jazz_22/220265.wma,Jazz,train,03 Japan-Universal Indians,Japan/Universal Indians,Albert Ayler Quintet,Holy Ghost: Rare & Unissued Recordings (1962-70) Disc 6,,Traditional
Entire_music/train/Jazz_22/220266.mp3,Jazz,train,"03 Liszt Années De Pèlerinage, Deuxième Année, S 161, Italie - Après Une Lecture Du Dante Adagio, Allegro Moderato","Liszt: Années De Pèlerinage, Deuxième Année, S 161, ""Italie"" - Après Une Lecture Du Dante: Adagio, Allegro Moderato",Gidon Kremer: Kremerata Baltica,Kremerland,2004,
Entire_music/train/Jazz_22/220267.mp3,Jazz,train,03 Lord Bless Me! (Jewish Song),Lord Bless Me! (Jewish Song),Leonid Chizhik,Sakura,2010,
Entire_music/val/Jazz_22/220268.mp3,Jazz,val,"03 Lover, Come Back to Me","Lover, Come Back to Me",Dizzy Gillespie,Live at the Village Vanguard D,1967,
Entire_music/train/Jazz_22/220269.wma,Jazz,train,03 Mother-Children,Mother/Children,Albert Ayler Quartet,Holy Ghost: Rare & Unissued Recordings (1962-70) Disc 7,,Albert Ayler
Entire_music/test/Jazz_22/220270.mp3,Jazz,test,03 Mozart Copncerto 3 mov.,Mozart Copncerto 3 mov.,L.Chizhik,Leonid Chizhik in Saarbrücken,,
Entire_music/train/Jazz_22/220271.wma,Jazz,train,03 On Green Dolphin Street,On Green Dolphin Street,Herbert Quintet Katz,Holy Ghost: Rare & Unissued Recordings (1962-70) Disc 1,,Bronislaw Kaper
Entire_music/train/Jazz_22/220272.mp3,Jazz,train,03 Royal Garden Blues,Royal Garden Blues,,,,
Entire_music/train/Jazz_22/220273.m4a,Jazz,train,03 Sinofsky Suxsky,Sinofsky Suxsky,"Nik Bärtsch Ronin, Sha, Björn Meyer, Kaspar Rast, Andi Pupato",Stoa,,
Entire_music/test/Jazz_22/220274.wma,Jazz,test,03 Spirits (Theme),Spirits (Theme),Albert Ayler Trio,Holy Ghost: Rare & Unissued Recordings (1962-70) Disc 2,,Albert Ayler
Entire_music/train/Jazz_22/220275.mp3,Jazz,train,03 Sweet Georgia Brown (Live),Sweet Georgia Brown (Live),Dizzy Gillespie,Live At The Village Vanguard,1992,
Entire_music/train/Jazz_22/220276.mp3,Jazz,train,Chizhik - track 03,,Chizhik,Chizhik,,
Entire_music/train/Jazz_22/220277.mp3,Jazz,train,03 Track. Quartet no. 1,03 Track 03 Quartet no. 1,"Chick Corea, Bob Berg, Steve Gadd, Eddie Gomez",Chick Corea and Friends live in Munchner Klaviersommer -92,,
Entire_music/test/Jazz_22/220278.wma,Jazz,test,03 Truth Is Marching In,Truth Is Marching In,Albert Ayler Quintet,Holy Ghost: Rare & Unissued Recordings (1962-70) Disc 5,,Albert Ayler
Entire_music/train/Jazz_22/220279.wma,Jazz,train,03 Zion Hill,Zion Hill,Albert Ayler Quintet,Holy Ghost: Rare & Unissued Recordings (1962-70) Disc 4,,Albert Ayler
Entire_music/train/Jazz_22/220280.mp3,Jazz,train,03) Nico's dream,Nico's dream,,,,
Entire_music/train/Jazz_22/220281.mp3,Jazz,train,03- Day danse,Day danse,,,,
Entire_music/train/Jazz_22/220282.mp3,Jazz,train,Chick Corea - Children's Songs - track 03,,Chick Corea,Children's Songs,1984,
Entire_music/train/Jazz_22/220283.mp3,Jazz,train,03-Armando's Rhumba,Armando's Rhumba,Chick Corea,Compact Jazz,1987,
Entire_music/train/Jazz_22/220284.mp3,Jazz,train,03-Bleeding Orchid,Bleeding Orchid,Joe Farrell,Outback,1971,
Entire_music/train/Jazz_22/220285.mp3,Jazz,train,03-Blue Monk,Blue Monk,,,,
Entire_music/train/Jazz_22/220286.mp3,Jazz,train,Various Artists - The Very Best of This is Acid Jazz- A 10 Year Celebration - Little Big Bee- Sunshine,Little Big Bee- Sunshine,Various Artists,The Very Best of This is Acid Jazz- A 10 Year Celebration,,
Entire_music/train/Jazz_22/220287.mp3,Jazz,train,03-Chick Corea - Origin,Chick Corea - 03,Chick Corea,,,
Entire_music/train/Jazz_22/220288.mp3,Jazz,train,03-Chick Corea _ No Zone,Chick Corea / No Zone,GRP,GRP Super Live Volume Two,1991,Chick Corea
Entire_music/train/Jazz_22/220289.mp3,Jazz,train,03-Chick Corea and Origin-Double Image(Live At The Blue Note-03),Double Image,Chick Corea and Origin,Live At The Blue Note,1997,
Entire_music/train/Jazz_22/220290.mp3,Jazz,train,03-Chidren's song #5,Chidren's song #5,,,,
Entire_music/train/Jazz_22/220291.mp3,Jazz,train,03-Concerto for Piano and Orchestra No.23 in A Major K.488 Prelude - III. Allegro Assai,Concerto for Piano and Orchestra No.23 in A Major K.488 Prelude - III. Allegro Assai,"McFerrin, Bobby & Chick Corea",The Mozart Sessions,1996,
Entire_music/val/Jazz_22/220292.mp3,Jazz,val,03-Diane Schuur _ Caught A Touch Of Your Love,Diane Schuur / Caught A Touch Of Your Love,Various,GRP Super Live Volume One,1991,Craig Bickhardt/J. Best/J. Keller
Entire_music/train/Jazz_22/220293.mp3,Jazz,train,03-Duende,Duende,"Chick Corea, Gary Burton",Native Sense: The New Duets,1997,
Entire_music/val/Jazz_22/220294.mp3,Jazz,val,03-Eronel,Eronel,Chick Corea,Trio Music [CD2],1981,
Entire_music/train/Jazz_22/220295.mp3,Jazz,train,03-Folk Song,Folk Song,Chick Corea,Live in Montreux,1981,
Entire_music/val/Jazz_22/220296.mp3,Jazz,val,03-Forgotten past,Forgotten past,Chick Corea,Eye of the Beholder,,
Entire_music/train/Jazz_22/220297.mp3,Jazz,train,03-Ginkakuji (Silver Temple),Ginkakuji (Silver Temple),Chick Corea & Electric Band,Live from Elario's,,
Entire_music/train/Jazz_22/220298.mp3,Jazz,train,03-Little Flamenco,Little Flamenco,Chick Corea & Origin,Change,1999,
Entire_music/train/Jazz_22/220299.mp3,Jazz,train,03-Little Rock,Little Rock,Sonny Sharrock,Ask The Ages,1991,
Entire_music/train/Jazz_22/220300.mp3,Jazz,train,03-Make A Wish - Part 2,Make A Wish - Part 2,Chick Corea Elektric Band,Inside Out,,
Entire_music/train/Jazz_22/220301.mp3,Jazz,train,03-Mistress Luck-A Portrait,Mistress Luck-A Portrait,Chick Corea Elektric Band,To The Stars,2004,
Entire_music/train/Jazz_22/220302.mp3,Jazz,train,03-Oscar Peterson-My One and Only Love,My One and Only Love,Oscar Peterson,Jazz. Piano and voices. Vol.2,,
Entire_music/train/Jazz_22/220303.mp3,Jazz,train,03-Reverie-Chick Corea-The Leprechaun,Reverie,Chick Corea,The Leprechaun,1975,Chick Corea
Entire_music/train/Jazz_22/220304.mp3,Jazz,train,03-Rhymes,Rhymes,Chick Corea,The Song of Singing,,
Entire_music/train/Jazz_22/220305.mp3,Jazz,train,03-Shadow of Lo,Shadow of Lo,,,,
Entire_music/test/Jazz_22/220306.mp3,Jazz,test,03-Summer Night _ Night and Day,Summer Night / Night and Day,Chick Corea,"Trio Music, Live in Europe",1986,
Entire_music/train/Jazz_22/220307.mp3,Jazz,train,03-Tap Step,Tap Step,Chick Corea,Tap Step,1993,
Entire_music/test/Jazz_22/220308.mp3,Jazz,test,03-Trio Improvisation 3,Trio Improvisation 3,Chick Corea - Miroslav Vitous - Roy Haynes,Trio Music [CD1],1981,
Entire_music/train/Jazz_22/220309.mp3,Jazz,train,03. Cidrolin,Cidrolin,Stefano Bollani,Les Fleurs Bleues,2001,
Entire_music/train/Jazz_22/220310.mp3,Jazz,train,03. Round midnight,Round'Bout Midnight,Art Blakey's Jazz Messengers,Live at Bubba's,,
Entire_music/train/Jazz_22/220311.mp3,Jazz,train,03.Jody,Jodi,Art Blakey's Jazz Messengers,Live at Bubba's,,
Entire_music/train/Jazz_22/220312.mp3,Jazz,train,04 - This Is New,This Is New,"Corea, Hancock, Jarrett, Tyner","Chick Corea, Herbie Hancock, Keith Jarrett, McCoy Tyner",,
Entire_music/train/Jazz_22/220313.mp3,Jazz,train,04 - 4rt Moviment,4rt Moviment,Chick Corea,Septet,1984,
Entire_music/train/Jazz_22/220314.mp3,Jazz,train,04 - A Wave Goodbye,A Wave Goodbye,,,,
Entire_music/train/Jazz_22/220315.mp3,Jazz,train,04 - April in Paris,April in Paris,Louis Armstrong,Very Best of Louis Armstrong,2001,
Entire_music/train/Jazz_22/220316.mp3,Jazz,train,04 - Blues Connotation,Blues Connotation,Chick Corea,Chick Corea & Bobby McFerrin,1990,
Entire_music/train/Jazz_22/220317.mp3,Jazz,train,04 - Bossa,Bossa,Chick Corea,"Now He Sings, Now He Sobs",1968,
Entire_music/test/Jazz_22/220318.mp3,Jazz,test,04 - CTA,CTA,Chick Corea Elektric Band II,Paint The World,,
Entire_music/train/Jazz_22/220319.mp3,Jazz,train,04 - Contigo,Contigo,Howe Wooten Chambers,Extraction,2003,
Entire_music/train/Jazz_22/220320.mp3,Jazz,train,04 - Desert Air,Desert Air,Chick Corea & Gary Burton,Crystal Silence,1973,
Entire_music/train/Jazz_22/220321.mpc,Jazz,train,04 - Don't Get Around Much Anymore,Don't Get Around Much Anymore,Duke Ellington,The Great Paris Concert - Disc 2,,
Entire_music/train/Jazz_22/220322.mp3,Jazz,train,"04 - Donde Estas, Yolanda","Donde Estas, Yolanda?",Pink Martini,Sympathique,1999,
Entire_music/train/Jazz_22/220323.mp3,Jazz,train,04 - Encuentros,Encuentros,John McLaughlin,After The Rain (with Elvin Jon,1994,
Entire_music/val/Jazz_22/220324.ape,Jazz,val,04 - Epistrophy,Epistrophy,,,,
Entire_music/train/Jazz_22/220325.mp3,Jazz,train,04 - Everglades,Everglades,Victor Wooten - Steve Smith - Scott Henderson,Vital Tech Tones,,
Entire_music/val/Jazz_22/220326.mp3,Jazz,val,04 - Flight Of The Cosmic Hippo,Flight Of The Cosmic Hippo,Béla Fleck & The Flecktones,Flight of the Cosmic Hippo,,
Entire_music/train/Jazz_22/220327.mp3,Jazz,train,04 - Free Fall,Free Fall,Chick Corea,Voyage,1984,
Entire_music/train/Jazz_22/220328.ape,Jazz,train,04 - Gnossienne No. 6,Gnossienne No. 6,,,,
Entire_music/train/Jazz_22/220329.mp3,Jazz,train,04 - Humpty Dumpty,Humpty Dumpty,,,,
Entire_music/train/Jazz_22/220330.mp3,Jazz,train,04 - I'm Going Away To Wear You Off My Mind (02 53),I'm Going Away To Wear You Off My Mind,King Oliver's Creole Jazz Band,Disc 1,1987,
Entire_music/train/Jazz_22/220331.wav,Jazz,train,04 - In Step,In Step,,,,
Entire_music/train/Jazz_22/220332.mp3,Jazz,train,04 - Lifeline,"04 - Chick Corea, Avishai Cohen, Jeff Ballard , Lifeline",Chick Corea,Rendezvous In New York - Cd2,2003,
Entire_music/train/Jazz_22/220333.mp3,Jazz,train,04 - Lookout Farm; 73° Kelvin (Variation-3),Lookout Farm/73° Kelvin (Varia,Circle,Paris Concert [disc one],,
Entire_music/train/Jazz_22/220334.mpc,Jazz,train,04 - Louis Armstrong & Duke Ellington - Mood Indigo,Mood Indigo,Louis Armstrong & Duke Ellington,,,
Entire_music/test/Jazz_22/220335.mp3,Jazz,test,04 - Louis Armstrong - Muskrat Ramble,Muskrat Ramble,Louis Armstrong,New Orleans,,
Entire_music/train/Jazz_22/220336.mp3,Jazz,train,04 - Matrix,"04 - Chick Corea, Roy Haynes, Miroslav Vitous , Matrix",Chick Corea,Rendezvous In New York - Cd1,2003,
Entire_music/train/Jazz_22/220337.ogg,Jazz,train,04 - Mohawk (Alternate Take),Mohawk (alternate Take),Charlie Parker & Dizzy Gillespie,Bird And Diz,1950,
Entire_music/train/Jazz_22/220338.mp3,Jazz,train,04 - My ship,My ship,Chick Corea,Expressions (Solo Piano),1994,
Entire_music/train/Jazz_22/220339.mp3,Jazz,train,04 - Nobody Knows The Trouble,Nobody Knows The Trouble I've,Louis Armstrong,Very Best of Louis Armstrong 1,2001,
Entire_music/train/Jazz_22/220340.mp3,Jazz,train,04 - Oslo Skyline,Oslo Skyline,Jaga Jazzist,What We Must,2005,
Entire_music/train/Jazz_22/220341.mp3,Jazz,train,04 - Quartet No. 2 - Part 2,Quartet No. 2 - Part 2,,,,
Entire_music/train/Jazz_22/220342.mp3,Jazz,train,04 - RARE EARTH - Generation (Light Of The Sky),Generation (Light Of The Sky),RARE EARTH,,,
Entire_music/train/Jazz_22/220343.mp3,Jazz,train,04 - Roller Coaster,Roller Coaster,,,,
Entire_music/train/Jazz_22/220344.mp3,Jazz,train,04 - Romantic Warrior - Majestic Dance,Majestic Dance,Return To Forever,Romantic Warrior,1976,
Entire_music/val/Jazz_22/220345.mp3,Jazz,val,04 - Round Midnight,Round Midnight,Chick Corea,Akoustic Band,1989,
Entire_music/test/Jazz_22/220346.mp3,Jazz,test,04 - Se Fossi Milionario,Se fossi milionario,Various Artists,Abbassa la tua radio,,
Entire_music/train/Jazz_22/220347.mp3,Jazz,train,04 - Sofistifunk,Sofistifunk,Return To Forever,Chick Corea & Return To Forever - No Mystery,,
Entire_music/train/Jazz_22/220348.mp3,Jazz,train,04 - Song Of The Wind,Song Of The Wind,,,,
Entire_music/train/Jazz_22/220349.mp3,Jazz,train,04 - Stanley's Introduction,Stanley's Introduction,Return To Forever,Live - Disc 2,1977,
Entire_music/train/Jazz_22/220350.mp3,Jazz,train,04 - THEY CAN'T TAKE THAT AWAY FROM ME,THEY CAN'T TAKE THAT AWAY FROM,ELLA AND LOUIS,,,
Entire_music/train/Jazz_22/220351.mpc,Jazz,train,04 - The Star-Crossed Lovers,The Star-Crossed Lovers,Duke Ellington,The Great Paris Concert,,
Entire_music/train/Jazz_22/220352.mp3,Jazz,train,04 - Trinkle Trinkle,Trinkle Trinkle,,,,
Entire_music/train/Jazz_22/220353.mpc,Jazz,train,04 - Ugly Beauty,Ugly Beauty,Stefano Bollani,Småt Småt,,
Entire_music/train/Jazz_22/220354.mp3,Jazz,train,04 - Vedana,Vedana,Chick Corea,A.R.C.,,
Entire_music/test/Jazz_22/220355.mp3,Jazz,test,04 - heavy shift - obey the rules of the night,Obey The Rules Of The Night,Heavy Shift,"This is Acid Jazz, Volume 2",,
Entire_music/train/Jazz_22/220356.mp3,Jazz,train,04 - reflections on idylle,Reflections On Idylle,Vienna Art Orchestra,The Minimalism Of Erik Satie,1989,
Entire_music/train/Jazz_22/220357.mp3,Jazz,train,04 - tones for joan's bones,Tones For Joan's Bones,Aebersold,Vol XXX: The Chick Corea Play-Along,,
Entire_music/train/Jazz_22/220358.mp3,Jazz,train,04 All The Things You Are,All The Things You Are,Leonid Chizhik,Days Of Wine And Roses,,
Entire_music/train/Jazz_22/220359.mp3,Jazz,train,04 Blues for Max,Blues for Max,Dizzy Gillespie,Live at the Village Vanguard D,1967,
Entire_music/train/Jazz_22/220360.m4a,Jazz,train,04 Bring Back Tha Alchin,Bring Back Tha Alchin,"Nik Bärtsch Ronin, Sha, Björn Meyer, Kaspar Rast, Andi Pupato",Stoa,,
Entire_music/train/Jazz_22/220361.mp3,Jazz,train,04 Gary Burton Futures,Futures,Gary Burton,Like Minds,1998,
Entire_music/train/Jazz_22/220362.mp3,Jazz,train,"04 Liszt Années De Pèlerinage, Deuxième Année, S 161, Italie - Après Une Lecture Du Dante Cadenza","Liszt: Années De Pèlerinage, Deuxième Année, S 161, ""Italie"" - Après Une Lecture Du Dante: Cadenza",Gidon Kremer: Kremerata Baltica,Kremerland,2004,
Entire_music/train/Jazz_22/220363.mp3,Jazz,train,04 Mississippi Mud,Mississippi Mud,,,,
Entire_music/train/Jazz_22/220364.mp3,Jazz,train,04 Mozart Sonata La maggiore,Mozart Sonata La maggiore,L.Chizhik,Leonid Chizhik in Saarbrücken,,
Entire_music/train/Jazz_22/220365.mp3,Jazz,train,04 No más lagrimas,No más lagrimas,,,,
Entire_music/train/Jazz_22/220366.wma,Jazz,train,04 Omega,Omega,Albert Ayler Quintet,Holy Ghost: Rare & Unissued Recordings (1962-70) Disc 5,,Albert Ayler
Entire_music/train/Jazz_22/220367.wma,Jazz,train,04 Our Prayer,Our Prayer,Albert Ayler Quintet,Holy Ghost: Rare & Unissued Recordings (1962-70) Disc 6,,Donald Ayler
Entire_music/val/Jazz_22/220368.m4a,Jazz,val,04 Pipa,Pipa,Thomas Strønen,Time Is A Blind Guide,2015,Thomas Strønen
Entire_music/train/Jazz_22/220369.mp3,Jazz,train,04 Sakura (Japan),Sakura (Japan),Leonid Chizhik,Sakura,2010,
Entire_music/val/Jazz_22/220370.wma,Jazz,val,04 Spirits,Spirits,Albert Ayler Quintet,Holy Ghost: Rare & Unissued Recordings (1962-70) Disc 4,,Albert Ayler
Entire_music/train/Jazz_22/220371.mp3,Jazz,train,Chizhik - track 04,,Chizhik,Chizhik,,
Entire_music/test/Jazz_22/220372.mp3,Jazz,test,"Chick Corea, Bob Berg, Steve Gadd, Eddie Gomez - Chick Corea and Friends live in Munchner Klaviersommer -92 - track 04",,"Chick Corea, Bob Berg, Steve Gadd, Eddie Gomez",Chick Corea and Friends live in Munchner Klaviersommer -92,,
Entire_music/train/Jazz_22/220373.wma,Jazz,train,04 [Untitled Track] [Incomplete Take],[Untitled Track] [Incomplete Take],Albert Ayler Quartet,Holy Ghost: Rare & Unissued Recordings (1962-70) Disc 7,,Albert Ayler
Entire_music/val/Jazz_22/220374.wma,Jazz,val,04 [Untitled Track] [Minor Waltz],[Untitled Track] [Minor Waltz],Albert Ayler Quintet,Holy Ghost: Rare & Unissued Recordings (1962-70) Disc 3,,Albert Ayler
Entire_music/train/Jazz_22/220375.mp3,Jazz,train,04) Your romance,Your romance,,,,
Entire_music/val/Jazz_22/220376.mp3,Jazz,val,Chick Corea - Children's Songs - track 04,,Chick Corea,Children's Songs,1984,
Entire_music/train/Jazz_22/220377.mp3,Jazz,train,04-500 Miles High,500 Miles High,Chick Corea,Compact Jazz,1987,
Entire_music/train/Jazz_22/220378.mp3,Jazz,train,04-As We Used To Sing,As We Used To Sing,Sonny Sharrock,Ask The Ages,1991,
Entire_music/val/Jazz_22/220379.mp3,Jazz,val,04-Ask Me Now,Ask Me Now,,,,
Entire_music/train/Jazz_22/220380.mp3,Jazz,train,04-Chick Corea _ Side Walk,Chick Corea / Side Walk,GRP,GRP Super Live Volume Two,1991,Chick Corea/Dave Weckl/John Patitucci
Entire_music/train/Jazz_22/220381.mp3,Jazz,train,04-Chick Corea and Origin-Dreamless(Live At The Blue Note-04),Dreamless,Chick Corea and Origin,Live At The Blue Note,1997,
Entire_music/train/Jazz_22/220382.mp3,Jazz,train,04-Concerto for Piano and Orchestra No.20 in D Minor K.466 Prelude - I. Allegro,Concerto for Piano and Orchestra No.20 in D Minor K.466 Prelude - I. Allegro,"McFerrin, Bobby & Chick Corea",The Mozart Sessions,1996,
Entire_music/train/Jazz_22/220383.mp3,Jazz,train,04-Dave Grusin & Lee Ritenour _ Early A. M. Attitude,Dave Grusin & Lee Ritenour / Early A. M. Attitude,Various,GRP Super Live Volume One,1991,Dave Grusin
Entire_music/train/Jazz_22/220384.mp3,Jazz,train,04-Early Afternoon Blues,Early Afternoon Blues,Chick Corea & Origin,Change,1999,
Entire_music/train/Jazz_22/220385.mp3,Jazz,train,04-Flesh,Flesh,Chick Corea,The Song of Singing,,
Entire_music/train/Jazz_22/220386.mp3,Jazz,train,04-Looking at the World-Chick Corea-The Leprechaun,Looking at the World,Chick Corea,The Leprechaun,1975,Neville Potter
Entire_music/train/Jazz_22/220387.mp3,Jazz,train,04-Magic Carpet,Magic Carpet,Chick Corea,Tap Step,1993,
Entire_music/train/Jazz_22/220388.mp3,Jazz,train,04-Mallorca,Mallorca,Chick Corea & Electric Band,Live from Elario's,,
Entire_music/test/Jazz_22/220389.mp3,Jazz,test,04-Mistress Luck-The Party,Mistress Luck-The Party,Chick Corea Elektric Band,To The Stars,2004,
Entire_music/train/Jazz_22/220390.mp3,Jazz,train,04-My spanish heart,My spanish heart,,,,
Entire_music/train/Jazz_22/220391.mp3,Jazz,train,04-Nina Simone I love you Porgy,I love you Porgy,Nina Simone,Jazz. Piano and voices. Vol.2,,
Entire_music/train/Jazz_22/220392.mp3,Jazz,train,04-No Mystery,No Mystery,"Chick Corea, Gary Burton",Native Sense: The New Duets,1997,
Entire_music/train/Jazz_22/220393.mp3,Jazz,train,04-November 68th,November 68th,Joe Farrell,Outback,1971,Joe Farrell
Entire_music/train/Jazz_22/220394.mp3,Jazz,train,04-Passage,Passage,Chick Corea,Eye of the Beholder,,
Entire_music/val/Jazz_22/220395.mp3,Jazz,val,04-Prelude No. 2 _ Mock Up,Prelude No. 2 / Mock Up,Chick Corea,"Trio Music, Live in Europe",1986,
Entire_music/val/Jazz_22/220396.mp3,Jazz,val,04-Psalm,Psalm,Chick Corea,Live in Montreux,1981,
Entire_music/val/Jazz_22/220397.mp3,Jazz,val,04-Samba song,Samba song,,,,
Entire_music/train/Jazz_22/220398.mp3,Jazz,train,04-Stretch It - Part 1,Stretch It - Part 1,Chick Corea Elektric Band,Inside Out,,
Entire_music/test/Jazz_22/220399.mp3,Jazz,test,04-Think Of One,Think Of One,Chick Corea,Trio Music [CD2],1981,
Entire_music/train/Jazz_22/220400.mp3,Jazz,train,04-Where Have I Danced with You Before,Where Have I Danced with You Before,,,,
Entire_music/train/Jazz_22/220401.mp3,Jazz,train,04. Il duca,Il duca,Stefano Bollani,Les Fleurs Bleues,2001,
Entire_music/train/Jazz_22/220402.mp3,Jazz,train,04.ETA,ETA,Art Blakey's Jazz Messengers,Live at Bubba's,,
Entire_music/train/Jazz_22/220403.mp3,Jazz,train,04.Wheel within a wheel,Wheel Within A Wheel,Art Blakey's Jazz Messengers,Live at Bubba's,,
Entire_music/test/Jazz_22/220404.mp3,Jazz,test,05 - 'Round Midnight,'Round Midnight,Chick Corea,Chick Corea & Bobby McFerrin,1990,
Entire_music/train/Jazz_22/220405.mp3,Jazz,train,05 - 5er Moviment,5er Moviment,Chick Corea,Septet,1984,
Entire_music/train/Jazz_22/220406.mpc,Jazz,train,05 - All Of Me,All Of Me,Duke Ellington,The Great Paris Concert,,
Entire_music/train/Jazz_22/220407.mp3,Jazz,train,05 - Children's Song,Children´s Song,Chick Corea and Return to Forever,Light as a Feather,,
Entire_music/val/Jazz_22/220408.mp3,Jazz,val,05 - Chimes Blues (02 53),Chimes Blues,King Oliver's Creole Jazz Band,Disc 1,1987,
Entire_music/train/Jazz_22/220409.mp3,Jazz,train,05 - Crystal Silence,Crystal Silence,Chick Corea & Gary Burton,Crystal Silence,1973,
Entire_music/train/Jazz_22/220410.wav,Jazz,train,05 - Desiderata,Desiderata,,,,
Entire_music/train/Jazz_22/220411.mpc,Jazz,train,05 - Do Nothing Till You Hear From Me,Do Nothing Till You Hear From Me,Duke Ellington,The Great Paris Concert - Disc 2,,
Entire_music/train/Jazz_22/220412.mp3,Jazz,train,05 - Excerpt from the First Movement of Heavy Metal,Excerpt from the First Movement of Heavy Metal,Return To Forever,Chick Corea & Return To Forever - No Mystery,,
Entire_music/test/Jazz_22/220413.mp3,Jazz,test,05 - Folk Song,Folk Song,,,,
Entire_music/train/Jazz_22/220414.mp3,Jazz,train,"05 - Glass Enclosure,Tempus Fugit","05 - Chick Corea, Roy Haynes, Joshua Redman, Terence Blanchard, Christian McBride , Glass Enclosure,Tempus Fugit",Chick Corea,Rendezvous In New York - Cd1,2003,
Entire_music/train/Jazz_22/220415.ape,Jazz,train,05 - Gnossienne No. 2,Gnossienne No. 2,,,,
Entire_music/test/Jazz_22/220416.mp3,Jazz,test,05 - Hang On Little Tomato,Hang On Little Tomato,Pink Martini - Hang On Little Tomato,Hang On Little Tomato,2004,
Entire_music/test/Jazz_22/220417.mp3,Jazz,test,05 - Hello Again,Hello Again,,,,
Entire_music/train/Jazz_22/220418.mp3,Jazz,train,05 - Hong Kong,Hong Kong,Chick Corea,Voyage,1984,
Entire_music/train/Jazz_22/220419.mp3,Jazz,train,05 - I didn't know what time it was,I didn't know what time it was,Chick Corea,Expressions (Solo Piano),1994,
Entire_music/train/Jazz_22/220420.mp3,Jazz,train,05 - Lazy Bird,Lazy Bird,"Corea, Hancock, Jarrett, Tyner","Chick Corea, Herbie Hancock, Keith Jarrett, McCoy Tyner",,
Entire_music/test/Jazz_22/220421.mp3,Jazz,test,05 - Lifescape,Lifescape,,,,
Entire_music/train/Jazz_22/220422.mpc,Jazz,train,05 - Louis Armstrong & Duke Ellington - Do Nothin' Till You Hear From Me,Do Nothin' Till You Hear From Me,Louis Armstrong & Duke Ellington,,,
Entire_music/train/Jazz_22/220423.mp3,Jazz,train,05 - Louis Armstrong - Potato Head Blues,Potato Head Blues,Louis Armstrong,New Orleans,,
Entire_music/val/Jazz_22/220424.mp3,Jazz,val,05 - Masqualero,Masqualero,,,,
Entire_music/train/Jazz_22/220425.ogg,Jazz,train,05 - Mohawk (Master Take),Mohawk (master Take),Charlie Parker & Dizzy Gillespie,Bird And Diz,1950,
Entire_music/train/Jazz_22/220426.mp3,Jazz,train,05 - Naima,Naima,John McLaughlin,After The Rain (with Elvin Jon,1994,
Entire_music/train/Jazz_22/220427.mp3,Jazz,train,05 - Now He Sings-Now He Sobs,Now He Sings-Now He Sobs,Chick Corea,"Now He Sings, Now He Sobs",1968,
Entire_music/train/Jazz_22/220428.mp3,Jazz,train,05 - Parlami d' Amore Mariù,Parlami d'amore Mariù,Various Artists,Abbassa la tua radio,,
Entire_music/test/Jazz_22/220429.mpc,Jazz,test,05 - Pierre et le loup,Pierre et le loup,Stefano Bollani,Småt Småt,,
Entire_music/train/Jazz_22/220430.mp3,Jazz,train,05 - Prelude To Falling,Prelude To Falling,,,,
Entire_music/train/Jazz_22/220431.mp3,Jazz,train,05 - Proto Cosmos,Proto Cosmos,Howe Wooten Chambers,Extraction,2003,
Entire_music/train/Jazz_22/220432.mp3,Jazz,train,"05 - Quartet No.2, Part I","05 - Chick Corea, Michael Brecker, Eddie Gomez, Steve Gadd , Quartet No.2, Part I",Chick Corea,Rendezvous In New York - Cd2,2003,
Entire_music/test/Jazz_22/220433.mp3,Jazz,test,05 - RARE EARTH - Child Of Fortune-One World,Child Of Fortune-One World,RARE EARTH,,,
Entire_music/train/Jazz_22/220434.mp3,Jazz,train,05 - Romantic Warrior - The Magician,The Magician,Return To Forever,Romantic Warrior,1976,
Entire_music/train/Jazz_22/220435.mp3,Jazz,train,05 - Silhouette,Silhouette,Chick Corea Elektric Band II,Paint The World,,
Entire_music/train/Jazz_22/220436.mp3,Jazz,train,05 - Sometime Ago,Sometime Ago,,,,
Entire_music/test/Jazz_22/220437.mp3,Jazz,test,05 - Spanish Fantasy,Spanish Fantasy,Return To Forever,Live - Disc 2,1977,
Entire_music/train/Jazz_22/220438.ape,Jazz,train,05 - St. Louis Blues,St. Louis Blues,,,,
Entire_music/train/Jazz_22/220439.mp3,Jazz,train,05 - Swedenborgske Rom,Swedenborgske Rom,Jaga Jazzist,What We Must,2005,
Entire_music/val/Jazz_22/220440.mp3,Jazz,val,05 - Thanatos,Thanatos,Chick Corea,A.R.C.,,
Entire_music/train/Jazz_22/220441.mp3,Jazz,train,05 - The Star Spangled Banner,The Star Spangled Banner,Béla Fleck & The Flecktones,Flight of the Cosmic Hippo,,
Entire_music/val/Jazz_22/220442.mp3,Jazz,val,05 - Two For One,Two for One,Victor Wooten - Steve Smith - Scott Henderson,Vital Tech Tones,1998,Steve Smith/Victor Wooten
Entire_music/train/Jazz_22/220443.mp3,Jazz,train,05 - UNDER A BLANKET OF BLUE,UNDER A BLANKET OF BLUE,ELLA AND LOUIS,,,
Entire_music/test/Jazz_22/220444.mp3,Jazz,test,05 - Uncle Satchmo's Lullaby,Uncle Satchmo's Lullaby,Louis Armstrong,Very Best of Louis Armstrong 1,2001,
Entire_music/train/Jazz_22/220445.mp3,Jazz,train,05 - What's New,What's New,Louis Armstrong,Very Best of Louis Armstrong,2001,
Entire_music/train/Jazz_22/220446.mp3,Jazz,train,05 - gnossienne no. 3,Gnossienne No. 3,Vienna Art Orchestra,The Minimalism Of Erik Satie,1989,
Entire_music/train/Jazz_22/220447.mp3,Jazz,train,05 - james hardway - vibe merchant,Vibe Merchant,James Hardway,The Very Best of This Is Acid Jazz: A 10 Year Celebration,,
Entire_music/train/Jazz_22/220448.mp3,Jazz,train,"05 - mirror, mirror","Mirror, Mirror",Aebersold,Vol XXX: The Chick Corea Play-Along,,
Entire_music/train/Jazz_22/220449.mp3,Jazz,train,05 - this is acid jazz - swing machine,What's Happenin' (Swing Machine),This is Acid Jazz,This is Acid Jazz,,
Entire_music/train/Jazz_22/220450.mp3,Jazz,train,05 Adama,Adama,Mozdzer Danielsson Fresco,between us and the light,2006,
Entire_music/train/Jazz_22/220451.mp3,Jazz,train,05 Black Eyes (Gypsy Love Song),Black Eyes (Gypsy Love Song),Leonid Chizhik,Sakura,2010,
Entire_music/test/Jazz_22/220452.mp3,Jazz,test,05 Charla del pescado,Charla del pescado,,,,
Entire_music/train/Jazz_22/220453.wma,Jazz,train,05 Four,Four,Cecil Taylor Quartet,Holy Ghost: Rare & Unissued Recordings (1962-70) Disc 1,,Cecil Taylor
Entire_music/val/Jazz_22/220454.mp3,Jazz,val,05 Gary Burton Like Minds,Like Minds,Gary Burton,Like Minds,1998,
Entire_music/val/Jazz_22/220455.m4a,Jazz,val,05 Happy Days,Happy Days,"Nik Bärtsch Ronin, Sha, Björn Meyer, Kaspar Rast, Andi Pupato",Stoa,,
Entire_music/train/Jazz_22/220456.m4a,Jazz,train,05 I Don't Wait For Anyone,I Don't Wait For Anyone,Thomas Strønen,Time Is A Blind Guide,2015,Thomas Strønen
Entire_music/train/Jazz_22/220457.mp3,Jazz,train,"05 Liszt Années De Pèlerinage, Deuxième Année, S 161, Italie - Après Une Lecture Du Dante Poco A Poco Più Di Moto, Allegro Vivace","Liszt: Années De Pèlerinage, Deuxième Année, S 161, ""Italie"" - Après Une Lecture Du Dante: Poco A Poco Più Di Moto, Allegro Vivace",Gidon Kremer: Kremerata Baltica,Kremerland,2004,
Entire_music/train/Jazz_22/220458.wma,Jazz,train,05 Love Cry-Truth Is Marching In-Our Prayer,Love Cry/Truth Is Marching In/Our Prayer,Albert Ayler Quintet,Holy Ghost: Rare & Unissued Recordings (1962-70) Disc 6,,Donald Ayler
Entire_music/train/Jazz_22/220459.wma,Jazz,train,05 Our Prayer,Our Prayer,Albert Ayler Quintet,Holy Ghost: Rare & Unissued Recordings (1962-70) Disc 5,,Donald Ayler
Entire_music/test/Jazz_22/220460.mp3,Jazz,test,05 Sorry,Sorry,,,,
Entire_music/train/Jazz_22/220461.wma,Jazz,train,05 Spirits,Spirits,Albert Ayler Quartet,Holy Ghost: Rare & Unissued Recordings (1962-70) Disc 2,,Albert Ayler
Entire_music/train/Jazz_22/220462.wma,Jazz,train,05 Spiritual Bells,Spiritual Bells,Albert Ayler Quintet,Holy Ghost: Rare & Unissued Recordings (1962-70) Disc 4,,Albert Ayler
Entire_music/train/Jazz_22/220463.mp3,Jazz,train,05 To My Mother,To My Mother,Leonid Chizhik,Days Of Wine And Roses,,
Entire_music/train/Jazz_22/220464.mp3,Jazz,train,Chizhik - track 05,,Chizhik,Chizhik,,
Entire_music/train/Jazz_22/220465.wma,Jazz,train,05 [Untitled Track] [C Minor],[Untitled Track] [C Minor],Albert Ayler Quartet,Holy Ghost: Rare & Unissued Recordings (1962-70) Disc 7,,Albert Ayler
Entire_music/train/Jazz_22/220466.mp3,Jazz,train,05 track Quartet no. 2 Part 1 and 2,Quartet no. 2 Part 1 and 2,"Chick Corea, Bob Berg, Steve Gadd, Eddie Gomez",Chick Corea and Friends live in Munchner Klaviersommer -92,,
Entire_music/val/Jazz_22/220467.mp3,Jazz,val,05) Little red ribbon,Little red ribbon,,,,
Entire_music/train/Jazz_22/220468.mp3,Jazz,train,05- On Green Dolphin Street,On Green Dolphin Street,,,,
Entire_music/val/Jazz_22/220469.mp3,Jazz,val,Chick Corea - Children's Songs - track 05,,Chick Corea,Children's Songs,1984,
Entire_music/train/Jazz_22/220470.mp3,Jazz,train,05-Armando's Rhumba,Armando's Rhumba,"Chick Corea, Gary Burton",Native Sense: The New Duets,1997,
Entire_music/train/Jazz_22/220471.mp3,Jazz,train,05-Ballad III,Ballad III,Chick Corea,The Song of Singing,,
Entire_music/train/Jazz_22/220472.mp3,Jazz,train,05-Beauty,Beauty,Chick Corea,Eye of the Beholder,,
Entire_music/train/Jazz_22/220473.mp3,Jazz,train,05-Before Your Eyes,Before Your Eyes,Chick Corea & Origin,Change,1999,
Entire_music/train/Jazz_22/220474.mp3,Jazz,train,05-Beyond the Seventh Galaxy,Beyond the Seventh Galaxy,,,,
Entire_music/train/Jazz_22/220475.mp3,Jazz,train,05-Chick Corea _ Rumble,Chick Corea / Rumble,GRP,GRP Super Live Volume Two,1991,Chick Corea
Entire_music/train/Jazz_22/220476.mp3,Jazz,train,05-Chick Corea and Origin-Molecules(Live At The Blue Note-05),Molecules,Chick Corea and Origin,Live At The Blue Note,1997,
Entire_music/train/Jazz_22/220477.mp3,Jazz,train,05-Concerto for Piano and Orchestra No.20 in D Minor K.466 Prelude - II. Romance,Concerto for Piano and Orchestra No.20 in D Minor K.466 Prelude - II. Romance,"McFerrin, Bobby & Chick Corea",The Mozart Sessions,1996,
Entire_music/train/Jazz_22/220478.mp3,Jazz,train,05-Dave Grusin & Lee Ritenour _ The Sauce,Dave Grusin & Lee Ritenour / The Sauce,Various,GRP Super Live Volume One,1991,Greg Mathieson
Entire_music/train/Jazz_22/220479.mp3,Jazz,train,05-Duet Improvisation 2,Duet Improvisation 2,Chick Corea - Miroslav Vitous - Roy Haynes,Trio Music [CD1],1981,
Entire_music/test/Jazz_22/220480.mp3,Jazz,test,05-Little Rootie Tootie,Little Rootie Tootie,Chick Corea,Trio Music [CD2],1981,
Entire_music/test/Jazz_22/220481.mp3,Jazz,test,05-Love Castle,Love Castle,Chick Corea,Compact Jazz,1987,
Entire_music/train/Jazz_22/220482.mp3,Jazz,train,05-Many Mansions,Many Mansions,Sonny Sharrock,Ask The Ages,1991,
Entire_music/train/Jazz_22/220483.mp3,Jazz,train,05-Marimbala,Marimbala,Chick Corea & Electric Band,Live from Elario's,,
Entire_music/train/Jazz_22/220484.mp3,Jazz,train,05-Nancy Wison- Happy Talk,Happy talk,Nancy Wilson,Jazz. Piano and voices. Vol.2,,
Entire_music/train/Jazz_22/220485.mp3,Jazz,train,05-Night streets,Night streets,,,,
Entire_music/train/Jazz_22/220486.mp3,Jazz,train,05-Nite Sprite-Chick Corea-The Leprechaun,Nite Sprite,Chick Corea,The Leprechaun,1975,Chick Corea
Entire_music/train/Jazz_22/220487.mp3,Jazz,train,05-Port View 2,Port View 2,Chick Corea Elektric Band,To The Stars,2004,
Entire_music/train/Jazz_22/220488.mp3,Jazz,train,05-Quintet #2,Quintet #2,Chick Corea,Live in Montreux,1981,
Entire_music/train/Jazz_22/220489.mp3,Jazz,train,05-Stretch It - Part 2,Stretch It - Part 2,Chick Corea Elektric Band,Inside Out,,
Entire_music/train/Jazz_22/220490.mp3,Jazz,train,05-The Slide,The Slide,Chick Corea,Tap Step,1993,
Entire_music/train/Jazz_22/220491.mp3,Jazz,train,05-Thinking Of You,Thinking Of You,,,,
Entire_music/train/Jazz_22/220492.mp3,Jazz,train,05-Transformation,Transformation,Chick Corea,"Trio Music, Live in Europe",1986,
Entire_music/train/Jazz_22/220493.mp3,Jazz,train,05. Se non avessi più te,Se non avessi più te,Stefano Bollani,Les Fleurs Bleues,2001,
Entire_music/train/Jazz_22/220494.mp3,Jazz,train,05.Gypsey,Gypsy,Art Blakey's Jazz Messengers,Live at Bubba's,,
Entire_music/train/Jazz_22/220495.mp3,Jazz,train,05.Time will tell,Time Will Tell,Art Blakey's Jazz Messengers,Live at Bubba's,,
Entire_music/val/Jazz_22/220496.mp3,Jazz,val,06 - A Delicacy,A Delicacy,Howe Wooten Chambers,Extraction,2003,
Entire_music/test/Jazz_22/220497.mpc,Jazz,test,06 - Black and Tan Fantasy,Black and Tan Fantasy,Duke Ellington,The Great Paris Concert - Disc 2,,
Entire_music/train/Jazz_22/220498.mp3,Jazz,train,06 - Blue Bossa,Blue Bossa,Chick Corea,Chick Corea & Bobby McFerrin,1990,
Entire_music/train/Jazz_22/220499.mp3,Jazz,train,06 - Chick's Closing Introductions,Chick's Closing Introductions,Return To Forever,Live - Disc 2,1977,
Entire_music/test/Jazz_22/220500.mp3,Jazz,test,06 - Crystal Silence,"06 - Chick Corea, Gary Burton , Crystal Silence",Chick Corea,Rendezvous In New York - Cd1,2003,
Entire_music/train/Jazz_22/220501.mp3,Jazz,train,06 - Dream,Dream,,,,
Entire_music/train/Jazz_22/220502.mp3,Jazz,train,06 - Falling Alice,Falling Alice,,,,
Entire_music/test/Jazz_22/220503.mp3,Jazz,test,06 - Falling Grace,Falling Grace,Chick Corea & Gary Burton,Crystal Silence,1973,
Entire_music/train/Jazz_22/220504.mp3,Jazz,train,06 - Games,Games,Chick Corea,A.R.C.,,
Entire_music/train/Jazz_22/220505.ape,Jazz,train,06 - Gymnopedie No. 1 Var. 3,Gymnopedie No. 1 Var. 3,,,,
Entire_music/val/Jazz_22/220506.mp3,Jazz,val,06 - Hairy Canary,Hairy Canary,,,,
Entire_music/train/Jazz_22/220507.mpc,Jazz,train,06 - Il mare si è fermato,Il mare si è fermato,Stefano Bollani,Småt Småt,,
Entire_music/val/Jazz_22/220508.mp3,Jazz,val,06 - In Your Own Sweet Way,In Your Own Sweet Way,"Corea, Hancock, Jarrett, Tyner","Chick Corea, Herbie Hancock, Keith Jarrett, McCoy Tyner",,
Entire_music/train/Jazz_22/220509.mp3,Jazz,train,06 - Jammin E. Cricket,Jammin E. Cricket,,,,
Entire_music/val/Jazz_22/220510.mp3,Jazz,val,06 - Jelly Roll Morton - Black Bottom Stomp,Black Bottom Stomp,Jelly Roll Morton,New Orleans,,
Entire_music/test/Jazz_22/220511.mp3,Jazz,test,06 - King Twang,King Twang,Victor Wooten - Steve Smith - Scott Henderson,Vital Tech Tones,,
Entire_music/train/Jazz_22/220512.mp3,Jazz,train,06 - L 'agrimas,Bonus Track,Pink Martini - Hang On Little Tomato,Hang On Little Tomato,2004,
Entire_music/train/Jazz_22/220513.mp3,Jazz,train,06 - La Vie En Rose,La Vie En Rose,Louis Armstrong,Very Best of Louis Armstrong 1,2001,
Entire_music/train/Jazz_22/220514.mpc,Jazz,train,06 - Louis Armstrong & Duke Ellington - The Beautiful American,The Beautiful American,Louis Armstrong & Duke Ellington,,,
Entire_music/train/Jazz_22/220515.mp3,Jazz,train,06 - Mikado,Mikado,Jaga Jazzist,What We Must,2005,
Entire_music/train/Jazz_22/220516.mp3,Jazz,train,06 - Monk's mood,Monk's mood,Chick Corea,Expressions (Solo Piano),1994,
Entire_music/train/Jazz_22/220517.ogg,Jazz,train,06 - My Melancholy Baby (Alternate Take),My Melancholy Baby (alternate Take),Charlie Parker & Dizzy Gillespie,Bird And Diz,1950,
Entire_music/train/Jazz_22/220518.wav,Jazz,train,06 - No Place Like Home,No Place Like Home,,,,
Entire_music/train/Jazz_22/220519.mp3,Jazz,train,06 - Preparation 1,Preparation 1,,,,
Entire_music/train/Jazz_22/220520.mp3,Jazz,train,06 - Quartet 1,Quartet 1,Chick Corea,Akoustic Band,1989,
Entire_music/train/Jazz_22/220521.mp3,Jazz,train,06 - RARE EARTH - In Bed,In Bed,RARE EARTH,,,
Entire_music/train/Jazz_22/220522.mp3,Jazz,train,06 - Romantic Warrior - Duel Of The Jester And The Tyrant (Part I & Part II),Duel Of The Jester And The Tyrant (Part I & Part Ii),Return To Forever,Romantic Warrior,1976,
Entire_music/train/Jazz_22/220523.mp3,Jazz,train,06 - Silenzioso Slow,Silenzioso Slow,,,,
Entire_music/test/Jazz_22/220524.mp3,Jazz,test,06 - So Long Mickey Mouse,So Long Mickey Mouse,,,,
Entire_music/train/Jazz_22/220525.mp3,Jazz,train,06 - Space,Space,Chick Corea Elektric Band II,Paint The World,,
Entire_music/val/Jazz_22/220526.mp3,Jazz,val,06 - Star Of The County Down,Star Of The County Down,Béla Fleck & The Flecktones,Flight of the Cosmic Hippo,,
Entire_music/train/Jazz_22/220527.ape,Jazz,train,06 - Stella By Starlight,Stella By Starlight,,,,
Entire_music/train/Jazz_22/220528.mp3,Jazz,train,06 - Steps-What Was,Steps-What Was,Chick Corea,"Now He Sings, Now He Sobs",1968,
Entire_music/train/Jazz_22/220529.mp3,Jazz,train,"06 - Swing Low, Sweet Chariot","Swing Low, Sweet Chariot",Louis Armstrong,Very Best of Louis Armstrong,2001,
Entire_music/train/Jazz_22/220530.mp3,Jazz,train,06 - TENDERLY,TENDERLY,ELLA AND LOUIS,,,
Entire_music/train/Jazz_22/220531.mp3,Jazz,train,06 - The temple of Isfahan,The temple of Isfahan,Chick Corea,Septet,1984,
Entire_music/train/Jazz_22/220532.mpc,Jazz,train,06 - Theme From 'The Asphalt Jungle',Theme From 'The Asphalt Jungle',Duke Ellington,The Great Paris Concert,,
Entire_music/train/Jazz_22/220533.mp3,Jazz,train,06 - Tones For Elvin Jones,Tones For Elvin Jones,John McLaughlin,After The Rain (with Elvin Jon,1994,
Entire_music/train/Jazz_22/220534.mp3,Jazz,train,06 - Weather Bird Rag (02 44),Weather Bird Rag,King Oliver's Creole Jazz Band,Disc 1,1987,
Entire_music/train/Jazz_22/220535.mp3,Jazz,train,"06 - now he beats the drum, now he stops","Now He Beats The Drum, Now He Stops",Aebersold,Vol XXX: The Chick Corea Play-Along,,
Entire_music/test/Jazz_22/220536.mp3,Jazz,test,06 - reflections on gnossienne no. 2,Reflections on Gnossienne No. 2,Vienna Art Orchestra,The Minimalism Of Erik Satie,1989,
Entire_music/train/Jazz_22/220537.mp3,Jazz,train,06 - the hip joints - rock hopper,Rock Hopper,The Hip Joints,This is Acid Jazz Volume One,,
Entire_music/val/Jazz_22/220538.mp3,Jazz,val,06 - the james taylor quartet - Outta Sight,Outta Sight,James Taylor Quartet,A Bigger Picture,1983,
Entire_music/train/Jazz_22/220539.mp3,Jazz,train,06 Annabel Lee,Annabel Lee,,,,
Entire_music/train/Jazz_22/220540.mp3,Jazz,train,06 Cologne Christmas Song (Germany),Cologne Christmas Song (Germany),Leonid Chizhik,Sakura,2010,
Entire_music/test/Jazz_22/220541.mp3,Jazz,test,06 Czishyk Fantasy Variations On A Theme By Mozart - Theme,Czishyk: Fantasy Variations On A Theme By Mozart - Theme,Gidon Kremer: Kremerata Baltica,Kremerland,2004,
Entire_music/train/Jazz_22/220542.mp3,Jazz,train,06 Gary Burton Country Roads,Country Roads,Gary Burton,Like Minds,1998,
Entire_music/train/Jazz_22/220543.wma,Jazz,train,06 Spirits [Incomplete Take],Spirits [Incomplete Take],Albert Ayler Trio,Holy Ghost: Rare & Unissued Recordings (1962-70) Disc 1,,Albert Ayler
Entire_music/val/Jazz_22/220544.mp3,Jazz,val,06 Take your tommorow,Take your tommorow,,,,
Entire_music/test/Jazz_22/220545.m4a,Jazz,test,06 The Drowned City,The Drowned City,Thomas Strønen,Time Is A Blind Guide,2015,Thomas Strønen
Entire_music/train/Jazz_22/220546.mp3,Jazz,train,Chizhik - track 06,,Chizhik,Chizhik,,
Entire_music/train/Jazz_22/220547.wma,Jazz,train,06 Truth Is Marching In,Truth Is Marching In,Albert Ayler Quintet,Holy Ghost: Rare & Unissued Recordings (1962-70) Disc 5,,Albert Ayler
Entire_music/train/Jazz_22/220548.wma,Jazz,train,06 Venus-Upper and Lower Egypt,Venus/Upper and Lower Egypt,Pharoah Ensemble Sanders,Holy Ghost: Rare & Unissued Recordings (1962-70) Disc 6,,Pharoah Sanders
Entire_music/train/Jazz_22/220549.wma,Jazz,train,06 Vibrations,Vibrations,Albert Ayler Quartet,Holy Ghost: Rare & Unissued Recordings (1962-70) Disc 2,,Albert Ayler
Entire_music/test/Jazz_22/220550.mp3,Jazz,test,06 Weg Nach Osten (Ferner Osten),Weg Nach Osten (Ferner Osten),Leonid Chizhik,Days Of Wine And Roses,,
Entire_music/train/Jazz_22/220551.wma,Jazz,train,06 [Untitled Track] [F Minor-C Minor],[Untitled Track] [F Minor/C Minor],Albert Ayler Quartet,Holy Ghost: Rare & Unissued Recordings (1962-70) Disc 7,,Albert Ayler
Entire_music/train/Jazz_22/220552.wma,Jazz,train,06 [Untitled Track] [F# Tune],[Untitled Track] [F# Tune],Albert Ayler Quintet,Holy Ghost: Rare & Unissued Recordings (1962-70) Disc 4,,Albert Ayler
Entire_music/train/Jazz_22/220553.mp3,Jazz,train,"06 track Straight, No Chaser","Straight, No Chaser","Chick Corea, Bob Berg, Steve Gadd, Eddie Gomez",Chick Corea and Friends live in Munchner Klaviersommer -92,,
Entire_music/train/Jazz_22/220554.mp3,Jazz,train,06) Adderley,Adderley,,,,
Entire_music/test/Jazz_22/220555.mp3,Jazz,test,06- The Hilltoys,The Hilltoys,,,,
Entire_music/train/Jazz_22/220556.mp3,Jazz,train,Chick Corea - Children's Songs - track 06,,Chick Corea,Children's Songs,1984,
Entire_music/train/Jazz_22/220557.mp3,Jazz,train,06-Bagatelle #6,Bagatelle #6,"Chick Corea, Gary Burton",Native Sense: The New Duets,1997,
Entire_music/train/Jazz_22/220558.mp3,Jazz,train,06-Cascade - part I,Cascade - part I,Chick Corea,Eye of the Beholder,,
Entire_music/train/Jazz_22/220559.mp3,Jazz,train,06-Chick Corea _ Full Moon,Chick Corea / Full Moon,GRP,GRP Super Live Volume Two,1991,Chick Corea
Entire_music/train/Jazz_22/220560.mp3,Jazz,train,06-Chick Corea and Origin-Soul Mates(Live At The Blue Note-06),Soul Mates,Chick Corea and Origin,Live At The Blue Note,1997,
Entire_music/test/Jazz_22/220561.mp3,Jazz,test,06-Concerto for Piano and Orchestra No.20 in D Minor K.466 Prelude - III. Rondo (Allegro Assai),Concerto for Piano and Orchestra No.20 in D Minor K.466 Prelude - III. Rondo (Allegro Assai),"McFerrin, Bobby & Chick Corea",The Mozart Sessions,1996,
Entire_music/train/Jazz_22/220562.mp3,Jazz,train,06-Dave Grusin & Lee Ritenour _ Water From The Moon,Dave Grusin & Lee Ritenour / Water From The Moon,Various,GRP Super Live Volume One,1991,Dave Grusin/Lee Ritenour
Entire_music/train/Jazz_22/220563.mp3,Jazz,train,06-Earth Juice,Earth Juice,,,,
Entire_music/train/Jazz_22/220564.mp3,Jazz,train,06-George Shearing- What Is This Thing Called Love,What Is This Thing Called Love,George Shearing,Jazz. Piano and voices. Vol.2,,
Entire_music/train/Jazz_22/220565.mp3,Jazz,train,06-Granpa Blues,Granpa Blues,Chick Corea,Tap Step,1993,
Entire_music/train/Jazz_22/220566.mp3,Jazz,train,06-Hittin'It,Hittin'It,Chick Corea,"Trio Music, Live in Europe",1986,
Entire_music/train/Jazz_22/220567.mp3,Jazz,train,06-Johnny's Landing,Johnny's Landing,Chick Corea Elektric Band,To The Stars,2004,
Entire_music/train/Jazz_22/220568.mp3,Jazz,train,06-Kicker,Kicker,Chick Corea Elektric Band,Inside Out,,
Entire_music/test/Jazz_22/220569.mp3,Jazz,test,06-L.A. Scenes,L.A. Scenes,Chick Corea & Origin,Change,1999,
Entire_music/train/Jazz_22/220570.mp3,Jazz,train,06-Nefertiti,Nefertiti,Chick Corea,The Song of Singing,,
Entire_music/train/Jazz_22/220571.mp3,Jazz,train,06-Once Upon A Time,Once Upon A Time,Sonny Sharrock,Ask The Ages,1991,
Entire_music/test/Jazz_22/220572.mp3,Jazz,test,06-Reflections,Reflections,Chick Corea,Trio Music [CD2],1981,
Entire_music/train/Jazz_22/220573.mp3,Jazz,train,06-Sicily,Sicily,,,,
Entire_music/train/Jazz_22/220574.mp3,Jazz,train,06-Soft and Gentle-Chick Corea-The Leprechaun,Soft and Gentle,Chick Corea,The Leprechaun,1975,Gayle Moran
Entire_music/train/Jazz_22/220575.mp3,Jazz,train,06-Trio Improvisation 4,Trio Improvisation 4,Chick Corea - Miroslav Vitous - Roy Haynes,Trio Music [CD1],1981,
Entire_music/val/Jazz_22/220576.mp3,Jazz,val,"06-Up, Up and","Up, Up and...",Chick Corea,Live in Montreux,1981,
Entire_music/train/Jazz_22/220577.mp3,Jazz,train,06-Vulcan Worlds,Vulcan Worlds,Chick Corea,Compact Jazz,1987,
Entire_music/test/Jazz_22/220578.mp3,Jazz,test,06-What is it,What is it,Chick Corea & Electric Band,Live from Elario's,,
Entire_music/train/Jazz_22/220579.mp3,Jazz,train,06-Yesterdays,Yesterdays,,,,
Entire_music/train/Jazz_22/220580.mp3,Jazz,train,06. L'arca,L'arca,Stefano Bollani,Les Fleurs Bleues,2001,
Entire_music/test/Jazz_22/220581.mp3,Jazz,test,06.Moanin',Moanin',Art Blakey's Jazz Messengers,Live at Bubba's,,
Entire_music/train/Jazz_22/220582.mp3,Jazz,train,06.Soulful Mr.Timmons,Soulful Mr.Timmons,Art Blakey's Jazz Messengers,Live at Bubba's,,
Entire_music/train/Jazz_22/220583.mp3,Jazz,train,07 - Einbahnstrasse,Einbahnstrasse,"Corea, Hancock, Jarrett, Tyner","Chick Corea, Herbie Hancock, Keith Jarrett, McCoy Tyner",,
Entire_music/train/Jazz_22/220584.mp3,Jazz,train,07 - 500 miles high,500 Miles High,Aebersold,Vol XXX: The Chick Corea Play-Along,,
Entire_music/train/Jazz_22/220585.mp3,Jazz,train,07 - A FOGGY DAY,A FOGGY DAY,ELLA AND LOUIS,,,
Entire_music/train/Jazz_22/220586.mp3,Jazz,train,07 - Bessie's Blues,"07 - Chick Corea, Dave Weckl, John Patitucci , Bessie's Blues",Chick Corea,Rendezvous In New York - Cd1,2003,
Entire_music/train/Jazz_22/220587.mp3,Jazz,train,07 - C'est si bon,C'est si bon,Louis Armstrong,Very Best of Louis Armstrong 1,2001,
Entire_music/train/Jazz_22/220588.mp3,Jazz,train,07 - Charged Particles,Charged Particles,,,,
Entire_music/train/Jazz_22/220589.mpc,Jazz,train,07 - Concerto for Cootie,Concerto for Cootie,Duke Ellington,The Great Paris Concert,,
Entire_music/train/Jazz_22/220590.mpc,Jazz,train,07 - Creole Love Call,Creole Love Call,Duke Ellington,The Great Paris Concert - Disc 2,,
Entire_music/train/Jazz_22/220591.mp3,Jazz,train,07 - Crescent,Crescent,John McLaughlin,After The Rain (with Elvin Jon,1994,
Entire_music/test/Jazz_22/220592.mp3,Jazz,test,07 - Dipper Mouth Blues (02 29),Dipper Mouth Blues,King Oliver's Creole Jazz Band,Disc 1,1987,
Entire_music/train/Jazz_22/220593.wav,Jazz,train,07 - Direct Injection,Direct Injection,,,,
Entire_music/train/Jazz_22/220594.mpc,Jazz,train,07 - El Choclo,El Choclo,Stefano Bollani,Småt Småt,,
Entire_music/train/Jazz_22/220595.mp3,Jazz,train,07 - Falling In Love With You,Falling In Love With You,Louis Armstrong,Very Best of Louis Armstrong,2001,
Entire_music/train/Jazz_22/220596.mp3,Jazz,train,07 - Feelings And Things,Feelings And Things,Chick Corea & Gary Burton,Crystal Silence,1973,
Entire_music/train/Jazz_22/220597.mp3,Jazz,train,07 - Finale,Finale,,,,
Entire_music/train/Jazz_22/220598.mp3,Jazz,train,07 - Fragments,Fragments,Chick Corea,"Now He Sings, Now He Sobs",1968,
Entire_music/train/Jazz_22/220599.ape,Jazz,train,07 - Gnossienne No. 4,Gnossienne No. 4,,,,
Entire_music/train/Jazz_22/220600.mp3,Jazz,train,"07 - I Have A Ghost, Now What",I Have A Ghost Now What?,Jaga Jazzist,What We Must,2005,
Entire_music/train/Jazz_22/220601.mp3,Jazz,train,07 - Jekyll And Hyde (And Ted And Alice),Jekyll And Hyde (And Ted And Alice),Béla Fleck & The Flecktones,Flight of the Cosmic Hippo,,
Entire_music/test/Jazz_22/220602.mp3,Jazz,test,07 - Jelly Roll Morton - Kansas City Stomp,Kansas City Stomp,Jelly Roll Morton,New Orleans,,
Entire_music/train/Jazz_22/220603.mpc,Jazz,train,07 - Louis Armstrong & Duke Ellington - Black And Tan Fantasy,Black And Tan Fantasy,Louis Armstrong & Duke Ellington,,,
Entire_music/train/Jazz_22/220604.mp3,Jazz,train,07 - Lucky 7,Lucky 7,Howe Wooten Chambers,Extraction,2003,
Entire_music/train/Jazz_22/220605.mp3,Jazz,train,07 - Mille Lire Al Mese,Mille lire al mese,Various Artists,Abbassa la tua radio,,
Entire_music/train/Jazz_22/220606.mp3,Jazz,train,07 - Musicmagic,Musicmagic,,,,
Entire_music/train/Jazz_22/220607.ogg,Jazz,train,07 - My Melancholy Baby (Master Take),My Melancholy Baby (master Take),Charlie Parker & Dizzy Gillespie,Bird And Diz,1950,
Entire_music/val/Jazz_22/220608.mp3,Jazz,val,07 - Oblivion,Oblivion,Chick Corea,Expressions (Solo Piano),1994,
Entire_music/train/Jazz_22/220609.mp3,Jazz,train,07 - On Green Dolphin Street,On Green Dolphin Street,Return To Forever,Live - Disc 2,1977,
Entire_music/train/Jazz_22/220610.mp3,Jazz,train,07 - Preparation 2,Preparation 2,,,,
Entire_music/train/Jazz_22/220611.mp3,Jazz,train,07 - Quartet 3,Quartet 3,Chick Corea,Akoustic Band,1989,
Entire_music/train/Jazz_22/220612.mp3,Jazz,train,07 - RARE EARTH - (I Know) I'm Losing You,(I Know) I'm Losing You,RARE EARTH,,,
Entire_music/train/Jazz_22/220613.mp3,Jazz,train,07 - Slippery When Wet,Slippery When Wet,,,,
Entire_music/train/Jazz_22/220614.ape,Jazz,train,07 - St. Tomas,St. Tomas,,,,
Entire_music/train/Jazz_22/220615.mp3,Jazz,train,07 - Surprise - Pal Joey's New Breed,Surprise - Pal Joey's New Breed,Various Artists,"This Is Acid Jazz, Disc 1",,
Entire_music/train/Jazz_22/220616.mp3,Jazz,train,07 - The Ant & The Elephant,The Ant & The Elephant,Chick Corea Elektric Band II,Paint The World,,
Entire_music/train/Jazz_22/220617.mp3,Jazz,train,07 - The Captors,The Captors,Victor Wooten - Steve Smith - Scott Henderson,Vital Tech Tones,,
Entire_music/train/Jazz_22/220618.mp3,Jazz,train,07 - Tweedle Dum,Tweedle Dum,,,,
Entire_music/train/Jazz_22/220619.mp3,Jazz,train,07 - Véronique,Véronique,Pink Martini - Hang On Little Tomato,Hang On Little Tomato,2004,
Entire_music/train/Jazz_22/220620.mp3,Jazz,train,07 - Where Are You Now - Picture 2,Where Are You Now - Picture 2,,,,
Entire_music/val/Jazz_22/220621.mp3,Jazz,val,07 - reflections on gnossienne no. 1,Reflections on Gnossienne No. 1,Vienna Art Orchestra,The Minimalism Of Erik Satie,1989,
Entire_music/train/Jazz_22/220622.mp3,Jazz,train,07 - sambada - Rush Hour,Rush Hour,Sambada,Tropicale,1998,
Entire_music/train/Jazz_22/220623.wma,Jazz,train,07 Bells,Bells,Albert Ayler Quintet,Holy Ghost: Rare & Unissued Recordings (1962-70) Disc 5,,Albert Ayler
Entire_music/train/Jazz_22/220624.mp3,Jazz,train,07 Czishyk Fantasy Variations On A Theme By Mozart - Var. 1,Czishyk: Fantasy Variations On A Theme By Mozart - Var. 1,Gidon Kremer: Kremerata Baltica,Kremerland,2004,
Entire_music/train/Jazz_22/220625.mp3,Jazz,train,07 Gary Burton Tears of Rain,Tears of Rain,Gary Burton,Like Minds,1998,
Entire_music/val/Jazz_22/220626.mp3,Jazz,val,07 Goose Pimples,Goose Pimples,,,,
Entire_music/train/Jazz_22/220627.mp3,Jazz,train,07 La misteriosa,La misteriosa,,,,
Entire_music/train/Jazz_22/220628.m4a,Jazz,train,07 Lost Souls,Lost Souls,Thomas Strønen,Time Is A Blind Guide,2015,Thomas Strønen
Entire_music/train/Jazz_22/220629.mp3,Jazz,train,07 Nostalgische Elegie,Nostalgische Elegie,Leonid Chizhik,Days Of Wine And Roses,,
Entire_music/val/Jazz_22/220630.m4a,Jazz,val,07 OAM's Blues,OAM's Blues,Aaron Goldberg,Worlds,2006,Aaron Goldberg
Entire_music/train/Jazz_22/220631.wma,Jazz,train,07 Saints,Saints,Albert Ayler Trio,Holy Ghost: Rare & Unissued Recordings (1962-70) Disc 1,,Albert Ayler
Entire_music/train/Jazz_22/220632.mp3,Jazz,train,Chizhik - track 07,,Chizhik,Chizhik,,
Entire_music/train/Jazz_22/220633.wma,Jazz,train,07 Tune Q,Tune Q,Albert Ayler Quartet,Holy Ghost: Rare & Unissued Recordings (1962-70) Disc 2,,Albert Ayler
Entire_music/train/Jazz_22/220634.wma,Jazz,train,07 [Untitled Track] (Blues),[Untitled Track] (Blues),Albert Ayler,Holy Ghost: Rare & Unissued Recordings (1962-70) Disc 6,,Albert Ayler
Entire_music/train/Jazz_22/220635.wma,Jazz,train,07 [Untitled Track] [F# Tune],[Untitled Track] [F# Tune],Albert Ayler Quintet,Holy Ghost: Rare & Unissued Recordings (1962-70) Disc 3,,Albert Ayler
Entire_music/train/Jazz_22/220636.mp3,Jazz,train,07) Hall,Hall,,,,
Entire_music/train/Jazz_22/220637.mp3,Jazz,train,Chick Corea - Children's Songs - track 07,,Chick Corea,Children's Songs,1984,
Entire_music/train/Jazz_22/220638.mp3,Jazz,train,07-Blues Connotation,Blues Connotation,Chick Corea,The Song of Singing,,
Entire_music/train/Jazz_22/220639.mp3,Jazz,train,07-Cascade - part II,Cascade - part II,Chick Corea,Eye of the Beholder,,
Entire_music/train/Jazz_22/220640.mp3,Jazz,train,07-Chick Corea _ Light Years,Chick Corea / Light Years,GRP,GRP Super Live Volume Two,1991,Chick Corea/Dave Weckl/John Patitucci
Entire_music/train/Jazz_22/220641.mp3,Jazz,train,07-Child's Play,Child's Play,Chick Corea Elektric Band,Inside Out,,
Entire_music/train/Jazz_22/220642.mp3,Jazz,train,07-Children's song #15,Children's song #15,,,,
Entire_music/train/Jazz_22/220643.mp3,Jazz,train,07-Dusk In Sandi,Dusk In Sandi,,,,
Entire_music/train/Jazz_22/220644.mp3,Jazz,train,07-Flamenco,Flamenco,Chick Corea,Tap Step,1993,
Entire_music/train/Jazz_22/220645.mp3,Jazz,train,07-Hackensack,Hackensack,Chick Corea,Trio Music [CD2],1981,
Entire_music/test/Jazz_22/220646.mp3,Jazz,test,07-Home,Home,Chick Corea & Origin,Change,1999,
Entire_music/train/Jazz_22/220647.mp3,Jazz,train,07-Malaguena,Malaguena,Chick Corea & Electric Band,Live from Elario's,,
Entire_music/train/Jazz_22/220648.mp3,Jazz,train,07-Mirovisions,Mirovisions,Chick Corea,"Trio Music, Live in Europe",1986,
Entire_music/train/Jazz_22/220649.mp3,Jazz,train,07-No Mystery,No Mystery,Chick Corea,Compact Jazz,1987,
Entire_music/train/Jazz_22/220650.mp3,Jazz,train,07-Oscar Peterson-You Look Good to Me,You Look Good to Me,Oscar Peterson,Jazz. Piano and voices. Vol.2,,
Entire_music/train/Jazz_22/220651.mp3,Jazz,train,07-Pixiland Rag-Chick Corea-The Leprechaun,Pixiland Rag,Chick Corea,The Leprechaun,1975,Chick Corea
Entire_music/train/Jazz_22/220652.mp3,Jazz,train,07-Port View 3,Port View 3,Chick Corea Elektric Band,To The Stars,2004,
Entire_music/train/Jazz_22/220653.mp3,Jazz,train,07-Post Script,Post Script,"Chick Corea, Gary Burton",Native Sense: The New Duets,1997,
Entire_music/test/Jazz_22/220654.mp3,Jazz,test,07-Song for Amadeus (Improvisation of Sonata No.2 in F Major K.280_189e - II. Adagio),Song for Amadeus (Improvisation of Sonata No.2 in F Major K.280/189e - II. Adagio),"McFerrin, Bobby & Chick Corea",The Mozart Sessions,1996,
Entire_music/train/Jazz_22/220655.mp3,Jazz,train,07-The sky,The sky,,,,
Entire_music/val/Jazz_22/220656.mp3,Jazz,val,"07-Tom Scott, Dave Grusin & Lee Ritenour _ Target","Tom Scott, Dave Grusin & Lee Ritenour  / Target",Various,GRP Super Live Volume One,1991,Tom Scott
Entire_music/test/Jazz_22/220657.mp3,Jazz,test,"07-Trinkle, Tinkle","Trinkle, Tinkle",Chick Corea,Live in Montreux,1981,
Entire_music/train/Jazz_22/220658.mp3,Jazz,train,07-Trio Improvisation 5,Trio Improvisation 5,Chick Corea - Miroslav Vitous - Roy Haynes,Trio Music [CD1],1981,
Entire_music/train/Jazz_22/220659.mp3,Jazz,train,07-Where Have I Loved You Before,Where Have I Loved You Before,,,,
Entire_music/train/Jazz_22/220660.mp3,Jazz,train,07. Bar Biturico,Bar Biturico,Stefano Bollani,Les Fleurs Bleues,2001,
Entire_music/train/Jazz_22/220661.mp3,Jazz,train,07.Free for all,Free For All,Art Blakey's Jazz Messengers,Live at Bubba's,,
Entire_music/val/Jazz_22/220662.mp3,Jazz,val,07.My ideal,My Ideal,Art Blakey's Jazz Messengers,Live at Bubba's,,
Entire_music/test/Jazz_22/220663.mp3,Jazz,test,"07B - pal joey's new breed - New York, New York","New York, New York",Pal Joey's New Breed,This Is Acid Jazz : After Hour,1994,
Entire_music/train/Jazz_22/220664.mp3,Jazz,train,07Chick Corea and Origin-It Could Happen To You(Live At The Blue Note-07),It Could Happen To You,Chick Corea and Origin,Live At The Blue Note,1997,
Entire_music/test/Jazz_22/220665.mp3,Jazz,test,08 - Afro Blue,Afro Blue,John McLaughlin,After The Rain (with Elvin Jon,1994,
Entire_music/train/Jazz_22/220666.mp3,Jazz,train,"08 - Celebration Suite, Pt. 1","Celebration Suite, Pt. 1",Return To Forever,Chick Corea & Return To Forever - No Mystery,,
Entire_music/train/Jazz_22/220667.mp3,Jazz,train,08 - Confirmation,Confirmation,,,,
Entire_music/train/Jazz_22/220668.mpc,Jazz,train,08 - Danza del gaucho matrero,Danza del gaucho matrero,Stefano Bollani,Småt Småt,,
Entire_music/train/Jazz_22/220669.mp3,Jazz,train,08 - Dear Alice,Dear Alice,,,,
Entire_music/train/Jazz_22/220670.mp3,Jazz,train,08 - Departure From Planet Earth,Departure From Planet Earth,,,,
Entire_music/val/Jazz_22/220671.mp3,Jazz,val,08 - Doom,Doom,"Corea, Hancock, Jarrett, Tyner","Chick Corea, Herbie Hancock, Keith Jarrett, McCoy Tyner",,
Entire_music/train/Jazz_22/220672.mp3,Jazz,train,08 - Dove Sta Zazà,Dove sta Zazà,Stefano Bollani,Abbassa la tua radio,,
Entire_music/test/Jazz_22/220673.mp3,Jazz,test,08 - Ease Up,Ease Up,Howe Wooten Chambers,Extraction,2003,
Entire_music/train/Jazz_22/220674.mp3,Jazz,train,08 - Free Step,Free Step,,,,
Entire_music/train/Jazz_22/220675.mp3,Jazz,train,08 - Froggie Moore (03 04),Froggie Moore,King Oliver's Creole Jazz Band,Disc 1,1987,
Entire_music/train/Jazz_22/220676.mp3,Jazz,train,08 - Giant Steps,Giant Steps,Victor Wooten - Steve Smith - Scott Henderson,Vital Tech Tones,,
Entire_music/train/Jazz_22/220677.ape,Jazz,train,08 - Gnossienne No. 5,Gnossienne No. 5,,,,
Entire_music/train/Jazz_22/220678.mp3,Jazz,train,08 - Hello Dolly,Hello Dolly,Louis Armstrong,Very Best of Louis Armstrong 1,2001,
Entire_music/test/Jazz_22/220679.mp3,Jazz,test,08 - La Cucaracha,La Cucaracha,Louis Armstrong,Very Best of Louis Armstrong,2001,
Entire_music/train/Jazz_22/220680.ogg,Jazz,train,08 - Leap Frog (Alternate Take),Leap Frog (alternate Take),Charlie Parker & Dizzy Gillespie,Bird And Diz,1950,
Entire_music/train/Jazz_22/220681.mpc,Jazz,train,08 - Louis Armstrong & Duke Ellington - Drop Me Off At Harlem,Drop Me Off At Harlem,Louis Armstrong & Duke Ellington,,,
Entire_music/test/Jazz_22/220682.mp3,Jazz,test,08 - Make Your Move Swing - CFM Band,"Make Your Move ""Swing""",CFM Band,CFM Band,,
Entire_music/train/Jazz_22/220683.mp3,Jazz,train,08 - Michelle,Michelle,Béla Fleck & The Flecktones,Flight of the Cosmic Hippo,,
Entire_music/train/Jazz_22/220684.ape,Jazz,train,08 - Naima,Naima,,,,
Entire_music/train/Jazz_22/220685.mp3,Jazz,train,08 - Pannonica,Pannonica,Chick Corea,Expressions (Solo Piano),1994,
Entire_music/train/Jazz_22/220686.wav,Jazz,train,08 - Pay As You Go,Pay As You Go,,,,
Entire_music/train/Jazz_22/220687.mp3,Jazz,train,08 - Quartet 2,Quartet 2,Chick Corea,Akoustic Band,1989,
Entire_music/train/Jazz_22/220688.mp3,Jazz,train,08 - RARE EARTH - Long TIme Leavin',Long TIme Leavin',RARE EARTH,,,
Entire_music/train/Jazz_22/220689.mpc,Jazz,train,08 - The Mooche,The Mooche,Duke Ellington,The Great Paris Concert - Disc 2,,
Entire_music/train/Jazz_22/220690.mp3,Jazz,train,08 - The New Orleans Wanderers - Gatemouth,Gatemouth,The New Orleans Wanderers,New Orleans,,
Entire_music/train/Jazz_22/220691.mp3,Jazz,train,08 - Tumba Island,Tumba Island,Chick Corea Elektric Band II,Paint The World,,
Entire_music/train/Jazz_22/220692.mpc,Jazz,train,08 - Tutti for Cootie,Tutti for Cootie,Duke Ellington,The Great Paris Concert,,
Entire_music/train/Jazz_22/220693.mp3,Jazz,train,08 - Una Notte A Napoli,Una Notte A Napoli,Pink Martini - Hang On Little Tomato,Hang On Little Tomato,2004,
Entire_music/train/Jazz_22/220694.mp3,Jazz,train,08 - Where Are You Now - Picture 3,Where Are You Now - Picture 3,,,,
Entire_music/train/Jazz_22/220695.mp3,Jazz,train,08 - Windows,Windows,Chick Corea,"Now He Sings, Now He Sobs",1968,
Entire_music/train/Jazz_22/220696.mp3,Jazz,train,08 - captain marvel,Captain Marvel,Aebersold,Vol XXX: The Chick Corea Play-Along,,
Entire_music/train/Jazz_22/220697.mp3,Jazz,train,08 - satie ist mir traum 3x nicht erschienen,Satie Ist Mir Traum 3x Nicht Erschienen,Vienna Art Orchestra,The Minimalism Of Erik Satie,1989,
Entire_music/train/Jazz_22/220698.mp3,Jazz,train,08 - united future organization - Somewhere,Somewhere,United Future Organization,The Very Best of This Is Acid Jazz: A 10 Year Celebration,,
Entire_music/train/Jazz_22/220699.mp3,Jazz,train,08 Czishyk Fantasy Variations On A Theme By Mozart - Var. 2,Czishyk: Fantasy Variations On A Theme By Mozart - Var. 2,Gidon Kremer: Kremerata Baltica,Kremerland,2004,
Entire_music/train/Jazz_22/220700.mp3,Jazz,train,08 El carro,El carro,,,,
Entire_music/test/Jazz_22/220701.m4a,Jazz,test,08 Everything Disappears [Pt. 2 (Ode,Everything Disappears [Pt. 2 (Ode To JT)],Thomas Strønen,Time Is A Blind Guide,2015,Thomas Strønen
Entire_music/train/Jazz_22/220702.mp3,Jazz,train,08 Gary Burton Soon,Soon,Gary Burton,Like Minds,1998,
Entire_music/train/Jazz_22/220703.wma,Jazz,train,08 Ghosts [Incomplete Take],Ghosts [Incomplete Take],Albert Ayler Trio,Holy Ghost: Rare & Unissued Recordings (1962-70) Disc 1,,Albert Ayler
Entire_music/val/Jazz_22/220704.wma,Jazz,val,08 Ghosts,Ghosts,Albert Ayler Quintet,Holy Ghost: Rare & Unissued Recordings (1962-70) Disc 3,,Albert Ayler
Entire_music/train/Jazz_22/220705.mp3,Jazz,train,08 Love Is Here To Stay,Love Is Here To Stay,Leonid Chizhik,Days Of Wine And Roses,,
Entire_music/val/Jazz_22/220706.wma,Jazz,val,08 Mothers,Mothers,Albert Ayler Quartet,Holy Ghost: Rare & Unissued Recordings (1962-70) Disc 2,,Albert Ayler
Entire_music/train/Jazz_22/220707.mp3,Jazz,train,08 Psalmem,Psalmem,Mozdzer Danielsson Fresco,between us and the light,2006,Lars Danielsson
Entire_music/train/Jazz_22/220708.wma,Jazz,train,08 Spirits Rejoice,Spirits Rejoice,Albert Ayler Quintet,Holy Ghost: Rare & Unissued Recordings (1962-70) Disc 5,,Albert Ayler
Entire_music/val/Jazz_22/220709.wma,Jazz,val,08 Thank God for Women,Thank God for Women,Albert Ayler,Holy Ghost: Rare & Unissued Recordings (1962-70) Disc 6,,Mary Parks
Entire_music/train/Jazz_22/220710.mp3,Jazz,train,Chizhik - track 08,,Chizhik,Chizhik,,
Entire_music/train/Jazz_22/220711.mp3,Jazz,train,08 Wa-Da-Da,Wa-Da-Da,,,,
Entire_music/train/Jazz_22/220712.mp3,Jazz,train,08) Song for Flavia,Song for Flavia,,,,
Entire_music/train/Jazz_22/220713.mp3,Jazz,train,Chick Corea - Children's Songs - track 08,,Chick Corea,Children's Songs,1984,
Entire_music/train/Jazz_22/220714.mp3,Jazz,train,08-Alan Corday,Alan Corday,Chick Corea Elektric Band,To The Stars,2004,
Entire_music/test/Jazz_22/220715.mp3,Jazz,test,08-Bagatelle #2,Bagatelle #2,"Chick Corea, Gary Burton",Native Sense: The New Duets,1997,
Entire_music/train/Jazz_22/220716.mp3,Jazz,train,08-Ballad II,Ballad II,Chick Corea,The Song of Singing,,
Entire_music/train/Jazz_22/220717.mp3,Jazz,train,08-Cappucino,Cappucino,,,,
Entire_music/train/Jazz_22/220718.mp3,Jazz,train,08-Carol Sloane-Memories Of You,Memories Of You,Carol Sloane,Jazz. Piano and voices. Vol.2,,
Entire_music/train/Jazz_22/220719.mp3,Jazz,train,08-Fusion blues,Fusion blues,Chick Corea & Electric Band,Live from Elario's,,
Entire_music/train/Jazz_22/220720.mp3,Jazz,train,08-It Could Happen To You,It Could Happen To You,,,,
Entire_music/train/Jazz_22/220721.mp3,Jazz,train,"08-Leprechaun's Dream, Pt. (1,2)--Chick Corea-The Leprechaun","Leprechaun's Dream, Pt. (1,2)?",Chick Corea,The Leprechaun,1975,Chick Corea
Entire_music/train/Jazz_22/220722.mp3,Jazz,train,08-So in Love,So in Love,Chick Corea,Live in Montreux,1981,
Entire_music/train/Jazz_22/220723.mp3,Jazz,train,08-Song to the Pharoah Kings,Song to the Pharoah Kings,,,,
Entire_music/train/Jazz_22/220724.mp3,Jazz,train,08-Spain,Spain,Chick Corea,Compact Jazz,1987,
Entire_music/train/Jazz_22/220725.mp3,Jazz,train,08-Tale Of Daring - Chapter 1,Tale Of Daring - Chapter 1,Chick Corea Elektric Band,Inside Out,,
Entire_music/val/Jazz_22/220726.mp3,Jazz,val,08-The Spinner,The Spinner,Chick Corea & Origin,Change,1999,
Entire_music/train/Jazz_22/220727.mp3,Jazz,train,"08-Tom Scott, Dave Grusin & Lee Ritenour _ Goodbye For Kathy","Tom Scott, Dave Grusin & Lee Ritenour / Goodbye For Kathy",Various,GRP Super Live Volume One,1991,Dave Grusin
Entire_music/test/Jazz_22/220728.mp3,Jazz,test,08-Trance dance,Trance dance,Chick Corea,Eye of the Beholder,,
Entire_music/train/Jazz_22/220729.mp3,Jazz,train,08-Wind danse,Wind danse,,,,
Entire_music/train/Jazz_22/220730.mp3,Jazz,train,08. Chippie,Chippie,Stefano Bollani,Les Fleurs Bleues,2001,
Entire_music/train/Jazz_22/220731.mp3,Jazz,train,08.Blakey's theme,Blakey's Theme,Art Blakey's Jazz Messengers,Live at Bubba's,,
Entire_music/train/Jazz_22/220732.mp3,Jazz,train,09 - 99 Flavors,99 Flavors,,,,
Entire_music/train/Jazz_22/220733.mp3,Jazz,train,09 - A New Place - Arrival - Scenery - Imps Walk - Rest,A New Place - Arrival - Scenery - Imps Walk - Rest,,,,
Entire_music/train/Jazz_22/220734.mp3,Jazz,train,09 - After The Rain,After The Rain,John McLaughlin,After The Rain (with Elvin Jon,1994,
Entire_music/train/Jazz_22/220735.ape,Jazz,train,09 - Autumn Leaves,Autumn Leaves,,,,
Entire_music/train/Jazz_22/220736.mp3,Jazz,train,09 - Bird's Eye View,Bird's Eye View,Howe Wooten Chambers,Extraction,2003,
Entire_music/train/Jazz_22/220737.mp3,Jazz,train,09 - Bluberry Hill,Bluberry Hill,Louis Armstrong,Very Best of Louis Armstrong,2001,
Entire_music/train/Jazz_22/220738.mp3,Jazz,train,09 - Brazil,Brazil,Pink Martini,Sympathique,1999,
Entire_music/train/Jazz_22/220739.mp3,Jazz,train,09 - C'è Una Casetta Piccina (Sposi),C'è una casetta piccina (Sposi),Various Artists,Abbassa la tua radio,,
Entire_music/train/Jazz_22/220740.mp3,Jazz,train,"09 - Celebration Suite, Pt. 2","Celebration Suite, Pt. 2",Return To Forever,Chick Corea & Return To Forever - No Mystery,,
Entire_music/train/Jazz_22/220741.mpc,Jazz,train,09 - Danza de la moza donosa,Danza de la moza donosa,Stefano Bollani,Småt Småt,,
Entire_music/train/Jazz_22/220742.ape,Jazz,train,09 - Gymnopedie No. 1 Var. 4,Gymnopedie No. 1 Var. 4,,,,
Entire_music/test/Jazz_22/220743.mp3,Jazz,test,09 - Hole In The Wall,Hole In The Wall,Béla Fleck & The Flecktones,Flight of the Cosmic Hippo,,
Entire_music/train/Jazz_22/220744.mp3,Jazz,train,09 - Johnny Dodds - Bull Fiddle Blues,Bull Fiddle Blues,Johnny Dodds,New Orleans,,
Entire_music/train/Jazz_22/220745.mp3,Jazz,train,09 - Kiss Of Fire,Kiss Of Fire,Louis Armstrong,Very Best of Louis Armstrong 1,2001,
Entire_music/train/Jazz_22/220746.ogg,Jazz,train,09 - Leap Frog (Alternate Take),Leap Frog (alternate Take),Charlie Parker & Dizzy Gillespie,Bird And Diz,1950,
Entire_music/train/Jazz_22/220747.mp3,Jazz,train,09 - Lie Detector,Lie Detector,Victor Wooten - Steve Smith - Scott Henderson,Vital Tech Tones,,
Entire_music/test/Jazz_22/220748.mpc,Jazz,test,09 - Louis Armstrong & Duke Ellington - The Mooche,The Mooche,Louis Armstrong & Duke Ellington,,,
Entire_music/train/Jazz_22/220749.mp3,Jazz,train,09 - Pannonica,Pannonica,Chick Corea,"Now He Sings, Now He Sobs",1968,
Entire_music/train/Jazz_22/220750.mp3,Jazz,train,09 - RARE EARTH - Born To Wander,Born To Wander,RARE EARTH,,,
Entire_music/train/Jazz_22/220751.mp3,Jazz,train,09 - Ritual,Ritual,Chick Corea Elektric Band II,Paint The World,,
Entire_music/train/Jazz_22/220752.mp3,Jazz,train,09 - Snake Rag (03 00),Snake Rag,King Oliver's Creole Jazz Band,Disc 1,1987,
Entire_music/train/Jazz_22/220753.mp3,Jazz,train,09 - Someone to watch over me,Someone to watch over me,Chick Corea,Expressions (Solo Piano),1994,
Entire_music/train/Jazz_22/220754.mpc,Jazz,train,09 - Suite Thursday- Misfit Blues,Suite Thursday: Misfit Blues,Duke Ellington,The Great Paris Concert,,
Entire_music/train/Jazz_22/220755.mp3,Jazz,train,09 - The Mad Hatter Rhapsody,The Mad Hatter Rhapsody,,,,
Entire_music/train/Jazz_22/220756.mpc,Jazz,train,09 - Things Ain't What They Used to Be,Things Ain't What They Used to Be,Duke Ellington,The Great Paris Concert - Disc 2,,
Entire_music/train/Jazz_22/220757.mp3,Jazz,train,09 - What Game Shall We Play Today,What Game Shall We Play Today,Chick Corea & Gary Burton,Crystal Silence,1973,
Entire_music/train/Jazz_22/220758.mp3,Jazz,train,09 - Where Are You Now - Picture 4,Where Are You Now - Picture 4,,,,
Entire_music/test/Jazz_22/220759.mp3,Jazz,test,09 - Windows,Windows,Aebersold,Vol XXX: The Chick Corea Play-Along,,
Entire_music/train/Jazz_22/220760.mp3,Jazz,train,09 - Yada Yada - floot juice,Floot Juice,Yada Yada,Fingalikin' Good,1999,
Entire_music/train/Jazz_22/220761.mp3,Jazz,train,09 - reminiscence quartet - Un premier jour sans toi,Un Premier Jour Sans Toi,reminiscence quartet,Psycodelico,,
Entire_music/train/Jazz_22/220762.mp3,Jazz,train,09 - vexations 1801,Vexations 1801,Vienna Art Orchestra,The Minimalism Of Erik Satie,1989,
Entire_music/train/Jazz_22/220763.wma,Jazz,train,09 Children,Children,Albert Ayler Quartet,Holy Ghost: Rare & Unissued Recordings (1962-70) Disc 2,,Albert Ayler
Entire_music/train/Jazz_22/220764.mp3,Jazz,train,09 Czishyk Fantasy Variations On A Theme By Mozart - Var. 3,Czishyk: Fantasy Variations On A Theme By Mozart - Var. 3,Gidon Kremer: Kremerata Baltica,Kremerland,2004,
Entire_music/train/Jazz_22/220765.mp3,Jazz,train,09 El tonto Simón,El tonto Simón,,,,
Entire_music/val/Jazz_22/220766.wma,Jazz,val,"09 Free Spiritual Music, Pt. 4","Free Spiritual Music, Pt. 4",Albert Ayler Quintet,Holy Ghost: Rare & Unissued Recordings (1962-70) Disc 5,,Albert Ayler
Entire_music/train/Jazz_22/220767.mp3,Jazz,train,09 Gary Burton For a Thousand Years,For a Thousand Years,Gary Burton,Like Minds,1998,
Entire_music/train/Jazz_22/220768.wma,Jazz,train,09 New Ghosts [Demo Fragments],New Ghosts [Demo Fragments],Albert Ayler,Holy Ghost: Rare & Unissued Recordings (1962-70) Disc 6,,Mary Parks
Entire_music/train/Jazz_22/220769.mp3,Jazz,train,09 Ryhtm King,Ryhtm King,,,,
Entire_music/train/Jazz_22/220770.wma,Jazz,train,09 Spirits Rejoice,Spirits Rejoice,Albert Ayler Quintet,Holy Ghost: Rare & Unissued Recordings (1962-70) Disc 3,,Albert Ayler
Entire_music/train/Jazz_22/220771.m4a,Jazz,train,09 Time Is A Blind Guide,Time Is A Blind Guide,Thomas Strønen,Time Is A Blind Guide,2015,Thomas Strønen
Entire_music/train/Jazz_22/220772.mp3,Jazz,train,Chizhik - track 09,,Chizhik,Chizhik,,
Entire_music/train/Jazz_22/220773.mp3,Jazz,train,09) Time for a solo,Time for a solo,,,,
Entire_music/val/Jazz_22/220774.mp3,Jazz,val,09- Michel Petrucciani - Memories Of Paris,Memories of Paris,Michel Petrucciani,Jazz. Piano and voices. Vol.2,,
Entire_music/train/Jazz_22/220775.mp3,Jazz,train,Chick Corea - Children's Songs - track 09,,Chick Corea,Children's Songs,1984,
Entire_music/val/Jazz_22/220776.mp3,Jazz,val,09-Compassion (Ballad),Compassion (Ballad),Chick Corea & Origin,Change,1999,
Entire_music/val/Jazz_22/220777.mp3,Jazz,val,09-Drone,Drone,Chick Corea,The Song of Singing,,
Entire_music/test/Jazz_22/220778.mp3,Jazz,test,09-Drum Interlude,Drum Interlude,Chick Corea,Live in Montreux,1981,
Entire_music/val/Jazz_22/220779.mp3,Jazz,val,09-Eye of the beholder,Eye of the beholder,Chick Corea,Eye of the Beholder,,
Entire_music/train/Jazz_22/220780.mp3,Jazz,train,09-Port View 4,Port View 4,Chick Corea Elektric Band,To The Stars,2004,
Entire_music/train/Jazz_22/220781.mp3,Jazz,train,09-Round Midnight,Round Midnight,,,,
Entire_music/val/Jazz_22/220782.mp3,Jazz,val,09-Tale Of Daring - Chapter 2,Tale Of Daring - Chapter 2,Chick Corea Elektric Band,Inside Out,,
Entire_music/train/Jazz_22/220783.mp3,Jazz,train,09-Tango '92,Tango '92,"Chick Corea, Gary Burton",Native Sense: The New Duets,1997,
Entire_music/train/Jazz_22/220784.mp3,Jazz,train,"09-Tom Scott, Dave Grusin & Lee Ritenour _ An Actor's Life","Tom Scott, Dave Grusin & Lee Ritenour / An Actor's Life",Various,GRP Super Live Volume One,1991,Dave Grusin
Entire_music/train/Jazz_22/220785.mp3,Jazz,train,09. Si tu t'imagines,Si tu t'imagines,Stefano Bollani,Les Fleurs Bleues,2001,
Entire_music/val/Jazz_22/220786.mp3,Jazz,val,1. The cannonball Adderley quintet - Walk tall,Walk tall,The cannonball Adderley quintet,,,
Entire_music/train/Jazz_22/220787.mp3,Jazz,train,1.Herbie Hancock - Cantaloupe Island,Cantaloupe Island,Herbie Hancock,,,
Entire_music/train/Jazz_22/220788.mp3,Jazz,train,1.John Coltrane - Lazy bird,Lazy bird,John Coltrane,,,
Entire_music/val/Jazz_22/220789.mp3,Jazz,val,10 - Acid Blues Quartet - Dig This,Dig This,Mitch Moses' Acid Blues Projec,The Very Best of This Is Acid Jazz: A 10 Year Celebration,,
Entire_music/train/Jazz_22/220790.mp3,Jazz,train,10 - Anna (El Negro Zunbon),Anna (El Negro Zunbon),Pink Martini - Hang On Little Tomato,Hang On Little Tomato,2004,
Entire_music/train/Jazz_22/220791.mp3,Jazz,train,10 - Anthea - Away 2 Always,Always 2 Always,Anthea,The Very Best of This Is Acid Jazz: A 10 Year Celebration,,
Entire_music/train/Jazz_22/220792.mp3,Jazz,train,10 - Armando's rhumba,Armando's rhumba,Chick Corea,Expressions (Solo Piano),1994,
Entire_music/train/Jazz_22/220793.mp3,Jazz,train,10 - Bud Powell,Bud Powell,Chick Corea,Minus One,,
Entire_music/train/Jazz_22/220794.mp3,Jazz,train,10 - Flight Of The Cosmic Hippo (Reprise),Flight Of The Cosmic Hippo (Reprise),Béla Fleck & The Flecktones,Flight of the Cosmic Hippo,,
Entire_music/train/Jazz_22/220795.mpc,Jazz,train,10 - Giroconlon,Giroconlon,Stefano Bollani,Småt Småt,,
Entire_music/train/Jazz_22/220796.ape,Jazz,train,10 - Gnossienne No. 1,Gnossienne No. 1,,,,
Entire_music/train/Jazz_22/220797.mp3,Jazz,train,10 - Illusions,Illusions,,,,
Entire_music/train/Jazz_22/220798.mp3,Jazz,train,10 - Ished,Ished,Chick Corea Elektric Band II,Paint The World,,
Entire_music/test/Jazz_22/220799.ogg,Jazz,test,10 - Leap Frog (Alternate Take),Leap Frog (alternate Take),Charlie Parker & Dizzy Gillespie,Bird And Diz,1950,
Entire_music/train/Jazz_22/220800.mp3,Jazz,train,10 - Let's Fall In Love,Let's Fall In Love,Louis Armstrong,Very Best of Louis Armstrong 1,2001,
Entire_music/train/Jazz_22/220801.mpc,Jazz,train,10 - Louis Armstrong & Duke Ellington - In A Mellow Tone,In A Mellow Tone,Louis Armstrong & Duke Ellington,,,
Entire_music/train/Jazz_22/220802.mp3,Jazz,train,10 - Luis Russel - Panama,Panama,Luis Russel,New Orleans,,
Entire_music/train/Jazz_22/220803.mp3,Jazz,train,10 - Ma l' Amore No,Ma l'amore no,Various Artists,Abbassa la tua radio,,
Entire_music/train/Jazz_22/220804.mpc,Jazz,train,10 - Pyramid,Pyramid,Duke Ellington,The Great Paris Concert - Disc 2,,
Entire_music/val/Jazz_22/220805.mp3,Jazz,val,10 - RARE EARTH - What'd I Say,What'd I Say,RARE EARTH,,,
Entire_music/train/Jazz_22/220806.mp3,Jazz,train,10 - Samba Yantra,Samba Yantra,Chick Corea,"Now He Sings, Now He Sobs",1968,
Entire_music/train/Jazz_22/220807.mp3,Jazz,train,10 - Snake Rag (03 14),Snake Rag,King Oliver's Creole Jazz Band,Disc 1,1987,
Entire_music/train/Jazz_22/220808.mpc,Jazz,train,10 - Suite Thursday- Schwiphti,Suite Thursday: Schwiphti,Duke Ellington,The Great Paris Concert,,
Entire_music/train/Jazz_22/220809.mp3,Jazz,train,10 - THE NEARNESS OF YOU,THE NEARNESS OF YOU,ELLA AND LOUIS,,,
Entire_music/train/Jazz_22/220810.ape,Jazz,train,10 - Take The A Train,Take The A Train,,,,
Entire_music/val/Jazz_22/220811.mp3,Jazz,val,10 - That Old Feeling,That Old Feeling,Louis Armstrong,Very Best of Louis Armstrong,2001,
Entire_music/test/Jazz_22/220812.mp3,Jazz,test,10 - Where Are You Now - Picture 5,Where Are You Now - Picture 5,,,,
Entire_music/train/Jazz_22/220813.mp3,Jazz,train,10 - vexations 1611,Vexations 1611,Vienna Art Orchestra,The Minimalism Of Erik Satie,1989,
Entire_music/train/Jazz_22/220814.mp3,Jazz,train,10 -Cassandra Wilson I've Grown Accustomed to His Face,I've Grown Accustomed to His Face,Cassandra Wilson,Jazz. Piano and voices. Vol.2,2002,
Entire_music/train/Jazz_22/220815.m4a,Jazz,train,10 As We Wait For Time,As We Wait For Time,Thomas Strønen,Time Is A Blind Guide,2015,Thomas Strønen
Entire_music/train/Jazz_22/220816.mp3,Jazz,train,10 Czishyk Fantasy Variations On A Theme By Mozart - Var. 4,Czishyk: Fantasy Variations On A Theme By Mozart - Var. 4,Gidon Kremer: Kremerata Baltica,Kremerland,2004,
Entire_music/train/Jazz_22/220817.mp3,Jazz,train,10 Gary Burton Straight up and Down,Straight up and Down,Gary Burton,Like Minds,1998,
Entire_music/train/Jazz_22/220818.wma,Jazz,train,10 Prophet-Ghosts-Spiritual Bells,Prophet/Ghosts/Spiritual Bells,Albert Ayler Quintet,Holy Ghost: Rare & Unissued Recordings (1962-70) Disc 3,,Albert Ayler
Entire_music/train/Jazz_22/220819.mp3,Jazz,train,10 Semilla negra,Semilla negra,,,,
Entire_music/train/Jazz_22/220820.mp3,Jazz,train,10 Since my Best Girl Turned me down,Since my Best Girl Turned me down,,,,
Entire_music/train/Jazz_22/220821.wma,Jazz,train,10 Spirits (Theme),Spirits (Theme),Albert Ayler Quartet,Holy Ghost: Rare & Unissued Recordings (1962-70) Disc 2,,Albert Ayler
Entire_music/train/Jazz_22/220822.wma,Jazz,train,10 Spoken Introduction by Peter DeWit,Spoken Introduction by Peter DeWit,Albert Ayler,Holy Ghost: Rare & Unissued Recordings (1962-70) Disc 5,,
Entire_music/train/Jazz_22/220823.mp3,Jazz,train,Chizhik - track 10,,Chizhik,Chizhik,,
Entire_music/train/Jazz_22/220824.mp3,Jazz,train,10) Anastasia,Anastasia,,,,
Entire_music/train/Jazz_22/220825.mp3,Jazz,train,Chick Corea - Children's Songs - track 10,,Chick Corea,Children's Songs,1984,
Entire_music/train/Jazz_22/220826.mp3,Jazz,train,10-Ezinda,Ezinda,Chick Corea,Eye of the Beholder,,
Entire_music/test/Jazz_22/220827.mp3,Jazz,test,10-Hound Of Heaven,Hound Of Heaven,Chick Corea Elektric Band,To The Stars,2004,
Entire_music/val/Jazz_22/220828.mp3,Jazz,val,10-Night (Lylah),Night (Lylah),Chick Corea & Origin,Change,1999,
Entire_music/train/Jazz_22/220829.mp3,Jazz,train,10-Prelude to El Bozo,Prelude to El Bozo,,,,
Entire_music/train/Jazz_22/220830.mp3,Jazz,train,10-Rhumbata,Rhumbata,"Chick Corea, Gary Burton",Native Sense: The New Duets,1997,
Entire_music/train/Jazz_22/220831.mp3,Jazz,train,10-Slippery When Wet_Intro of Band,Slippery When Wet/Intro of Band,Chick Corea,Live in Montreux,1981,
Entire_music/test/Jazz_22/220832.mp3,Jazz,test,10-So In Love,So In Love,,,,
Entire_music/train/Jazz_22/220833.mp3,Jazz,train,10-Tale Of Daring - Chapter 3,Tale Of Daring - Chapter 3,Chick Corea Elektric Band,Inside Out,,
Entire_music/test/Jazz_22/220834.mp3,Jazz,test,10. Chet Baker - I get along without you very well (except sometimes),I get along without you very well (except sometimes),Chet Baker,,,
Entire_music/train/Jazz_22/220835.mp3,Jazz,train,10. Dans mon ile,Dan mon ile,Stefano Bollani,Les Fleurs Bleues,2001,
Entire_music/train/Jazz_22/220836.mp3,Jazz,train,10. Stan Kenton & his orchesta - Fascinating Rhythm (Lady be good),Fascinating Rhythm (Lady be good),Stan Kenton & his orchesta,,,
Entire_music/train/Jazz_22/220837.mp3,Jazz,train,10.Joe Henderson - Blue Bossa,Blue Bossa,Joe Henderson,,,
Entire_music/test/Jazz_22/220838.mp3,Jazz,test,11 - (i can recall) spain,(I Can Recall) Spain,Aebersold,Vol XXX: The Chick Corea Play-Along,,
Entire_music/train/Jazz_22/220839.mp3,Jazz,train,11 - Blues for Art,Blues for Art,Chick Corea,Expressions (Solo Piano),1994,
Entire_music/train/Jazz_22/220840.mp3,Jazz,train,11 - Dream a Little Dream,Dream a Little Dream,Louis Armstrong,Very Best of Louis Armstrong 1,2001,
Entire_music/train/Jazz_22/220841.mp3,Jazz,train,11 - I Don't Know,I Don't Know,Chick Corea,"Now He Sings, Now He Sobs",1968,
Entire_music/train/Jazz_22/220842.ogg,Jazz,train,11 - Leap Frog (Master Take),Leap Frog (master Take),Charlie Parker & Dizzy Gillespie,Bird And Diz,1950,
Entire_music/train/Jazz_22/220843.mp3,Jazz,train,11 - Let's Never Stop Falling In Love,Let's Never Stop Falling In Love,Pink Martini - Hang On Little Tomato,Hang On Little Tomato,2004,
Entire_music/train/Jazz_22/220844.mpc,Jazz,train,11 - Louis Armstrong & Duke Ellington - It Don't Mean A Thing,It Don't Mean A Thing,Louis Armstrong & Duke Ellington,,,
Entire_music/train/Jazz_22/220845.mp3,Jazz,train,11 - New Orleans Feetwarmers - Maple Leaf Rag,Maple Leaf Rag,New Orleans Feetwarmers,New Orleans,,
Entire_music/train/Jazz_22/220846.ape,Jazz,train,11 - Pas a pas,Pas a pas,,,,
Entire_music/train/Jazz_22/220847.mp3,Jazz,train,11 - Quell' Uccellin Che Vien Dal Mare,Quell'uccellin che vien dal mare,Various Artists,Abbassa la tua radio,,
Entire_music/train/Jazz_22/220848.mp3,Jazz,train,11 - RARE EARTH - I Just Want To Celebrate,I Just Want To Celebrate,RARE EARTH,,,
Entire_music/test/Jazz_22/220849.mpc,Jazz,test,11 - Social Smoker,Social Smoker,Stefano Bollani,Småt Småt,,
Entire_music/train/Jazz_22/220850.mp3,Jazz,train,11 - Spanish Sketch,Spanish Sketch,Chick Corea Elektric Band II,Paint The World,,
Entire_music/train/Jazz_22/220851.mp3,Jazz,train,11 - Stars Fell On Alabama,Stars Fell On Alabama,Louis Armstrong,Very Best of Louis Armstrong,2001,
Entire_music/train/Jazz_22/220852.mpc,Jazz,train,11 - Suite Thursday- Zweet Zurzday,Suite Thursday: Zweet Zurzday,Duke Ellington,The Great Paris Concert,,
Entire_music/val/Jazz_22/220853.mp3,Jazz,val,11 - Sweet Lovin' Man (02 44),Sweet Lovin' Man,King Oliver's Creole Jazz Band,Disc 1,1987,
Entire_music/val/Jazz_22/220854.mpc,Jazz,val,"11 - The Blues (from Black, Brown and Beige)","The Blues (from Black, Brown and Beige)",Duke Ellington,The Great Paris Concert - Disc 2,,
Entire_music/train/Jazz_22/220855.mp3,Jazz,train,11 - Where Are You Now - Picture 6,Where Are You Now - Picture 6,,,,
Entire_music/train/Jazz_22/220856.mp3,Jazz,train,11 - mr. electric triangle - Total Float,Total Float,Mr. Electric Triangle,Trip Hop and Jazz - Global Grooves,1999,
Entire_music/train/Jazz_22/220857.mp3,Jazz,train,11 - vexations 2105,Vexations 2105,Vienna Art Orchestra,The Minimalism Of Erik Satie,1989,
Entire_music/train/Jazz_22/220858.mp3,Jazz,train,11 Czishyk Fantasy Variations On A Theme By Mozart - Var. 5,Czishyk: Fantasy Variations On A Theme By Mozart - Var. 5,Gidon Kremer: Kremerata Baltica,Kremerland,2004,
Entire_music/train/Jazz_22/220859.m4a,Jazz,train,11 Despertar,Despertar,Aisha Duo,Quiet Songs,2005,Andrea Dulbecco
Entire_music/train/Jazz_22/220860.mp3,Jazz,train,11 La negra flor,La negra flor,,,,
Entire_music/train/Jazz_22/220861.wma,Jazz,train,11 Our Prayer-Spirits Rejoice,Our Prayer/Spirits Rejoice,Albert Ayler Quintet,Holy Ghost: Rare & Unissued Recordings (1962-70) Disc 3,,Donald Ayler
Entire_music/val/Jazz_22/220862.m4a,Jazz,val,11 Simples,Simples,Thomas Strønen,Time Is A Blind Guide,2015,Thomas Strønen
Entire_music/train/Jazz_22/220863.mp3,Jazz,train,11 There'll come a time,There'll come a time,,,,
Entire_music/train/Jazz_22/220864.mp3,Jazz,train,Chizhik - track 11,,Chizhik,Chizhik,,
Entire_music/train/Jazz_22/220865.wma,Jazz,train,Burton Quintet Greene - Holy Ghost: Rare & Unissued Recordings (1962-70) Disc 2 - [Untitled Track],[Untitled Track],Burton Quintet Greene,Holy Ghost: Rare & Unissued Recordings (1962-70) Disc 2,,Albert Ayler
Entire_music/train/Jazz_22/220866.mp3,Jazz,train,11) Chicago 1987,Chicago 1987,,,,
Entire_music/train/Jazz_22/220867.mp3,Jazz,train,Chick Corea - Children's Songs - track 11,,Chick Corea,Children's Songs,1984,
Entire_music/train/Jazz_22/220868.mp3,Jazz,train,11-Amnesia,Amnesia,Chick Corea,Eye of the Beholder,,
Entire_music/val/Jazz_22/220869.mp3,Jazz,val,11-Awakening,Awakening,Chick Corea & Origin,Change,1999,
Entire_music/train/Jazz_22/220870.mp3,Jazz,train,Various Artists - The Very Best of This is Acid Jazz- A 10 Year Celebration - O.M.U.- Jazz Addiction,O.M.U.- Jazz Addiction,Various Artists,The Very Best of This is Acid Jazz- A 10 Year Celebration,,
Entire_music/train/Jazz_22/220871.mp3,Jazz,train,11-El Bozo - Part I,El Bozo - Part I,,,,
Entire_music/train/Jazz_22/220872.mp3,Jazz,train,11-Four in One,Four in One,"Chick Corea, Gary Burton",Native Sense: The New Duets,1997,
Entire_music/train/Jazz_22/220873.mp3,Jazz,train,11-How Deep Is The Ocean,How Deep Is The Ocean,,,,
Entire_music/train/Jazz_22/220874.mp3,Jazz,train,11-June Christy-Every Time We Say Goodbye,Ev'ry Time We Say Goodbye,June Christy,Jazz. Piano and voices. Vol.2,1955,
Entire_music/train/Jazz_22/220875.mp3,Jazz,train,11-Port View 5,Port View 5,Chick Corea Elektric Band,To The Stars,2004,
Entire_music/train/Jazz_22/220876.mp3,Jazz,train,11-Tale Of Daring - Chapter 4,Tale Of Daring - Chapter 4,Chick Corea Elektric Band,Inside Out,,
Entire_music/train/Jazz_22/220877.mp3,Jazz,train,11. Dexter Gordon - (It will have to do) Until the real thing comes along,(It will have to do) Until the real thing comes along,Dexter Gordon,,,
Entire_music/train/Jazz_22/220878.mp3,Jazz,train,11. Humphrey Lyttelton - Bad penny blues,Bad penny blues,Humphrey Lyttelton,,,
Entire_music/train/Jazz_22/220879.mp3,Jazz,train,11. It could happen to Queneau,It could happen to Queneau,Stefano Bollani,Les Fleurs Bleues,2001,
Entire_music/train/Jazz_22/220880.mp3,Jazz,train,11.Art Pepper - Mambo de la pinta,Mambo de la pinta,Art Pepper,,,
Entire_music/train/Jazz_22/220881.mp3,Jazz,train,12 - Can't we Be Friends,Can't we Be Friends,Louis Armstrong,Very Best of Louis Armstrong 1,2001,
Entire_music/val/Jazz_22/220882.mp3,Jazz,val,12 - Clémentime,Clémentime,Pink Martini - Hang On Little Tomato,Hang On Little Tomato,2004,
Entire_music/train/Jazz_22/220883.mp3,Jazz,train,12 - DON'T BE THAT WAY,DON'T BE THAT WAY,ELLA AND LOUIS,,,
Entire_music/train/Jazz_22/220884.mpc,Jazz,train,12 - Echoes of Harlem,Echoes of Harlem,Duke Ellington,The Great Paris Concert - Disc 2,,
Entire_music/train/Jazz_22/220885.mp3,Jazz,train,12 - Final Frontier,Final Frontier,Chick Corea Elektric Band II,Paint The World,,
Entire_music/train/Jazz_22/220886.mp3,Jazz,train,12 - High Society Rag (02 53),High Society Rag,King Oliver's Creole Jazz Band,Disc 1,1987,
Entire_music/train/Jazz_22/220887.mp3,Jazz,train,12 - Jimmie Noone - Way Down Yonder In New Orleans,Way Down Yonder In New Orleans,Jimmie Noone,New Orleans,,
Entire_music/test/Jazz_22/220888.mpc,Jazz,test,12 - La vita operosa,La vita operosa,Stefano Bollani,Småt Småt,,
Entire_music/train/Jazz_22/220889.mpc,Jazz,train,12 - Louis Armstrong & Duke Ellington - Solitude,Solitude,Louis Armstrong & Duke Ellington,,,
Entire_music/train/Jazz_22/220890.mp3,Jazz,train,12 - Non Sei Più La Mia Bambina,Non Sei Più La Mia Bambina,,,,
Entire_music/train/Jazz_22/220891.mp3,Jazz,train,12 - RARE EARTH - If I Die,If I Die,RARE EARTH,,,
Entire_music/train/Jazz_22/220892.ogg,Jazz,train,12 - Relaxin' With Lee (Alternate Take),Relaxin' With Lee (alternate Take),Charlie Parker & Dizzy Gillespie,Bird And Diz,1950,
Entire_music/train/Jazz_22/220893.mp3,Jazz,train,12 - Stella by starlight,Stella by starlight,Chick Corea,Expressions (Solo Piano),1994,
Entire_music/train/Jazz_22/220894.mp3,Jazz,train,12 - Stormy Weather,Stormy Weather,Louis Armstrong,Very Best of Louis Armstrong,2001,
Entire_music/train/Jazz_22/220895.mpc,Jazz,train,12 - Suite Thursday- Lay-By,Suite Thursday: Lay-By,Duke Ellington,The Great Paris Concert,,
Entire_music/train/Jazz_22/220896.mp3,Jazz,train,12 - The Law Of Falling And Catching Up,The Law Of Falling And Catching Up,Chick Corea,"Now He Sings, Now He Sobs",1968,
Entire_music/train/Jazz_22/220897.mp3,Jazz,train,12 - Where Are You Now - Picture 7,Where Are You Now - Picture 7,,,,
Entire_music/train/Jazz_22/220898.mp3,Jazz,train,12 - disjam - When it's cold,When it's cold,Disjam,,,
Entire_music/train/Jazz_22/220899.mp3,Jazz,train,12 - jimpster - Topics in Groove,Topics In Groove,Jimpster,The Very Best of This Is Acid Jazz: A 10 Year Celebration,,
Entire_music/train/Jazz_22/220900.mp3,Jazz,train,12 Barnaclebill the sailor,Barnaclebill the sailor,,,,
Entire_music/train/Jazz_22/220901.mp3,Jazz,train,12 Czishyk Fantasy Variations On A Theme By Mozart - Var. 6,Czishyk: Fantasy Variations On A Theme By Mozart - Var. 6,Gidon Kremer: Kremerata Baltica,Kremerland,2004,
Entire_music/test/Jazz_22/220902.mp3,Jazz,test,Chizhik - track 12,,Chizhik,Chizhik,,
Entire_music/val/Jazz_22/220903.mp3,Jazz,val,Chick Corea - Children's Songs - track 12,,Chick Corea,Children's Songs,1984,
Entire_music/train/Jazz_22/220904.mp3,Jazz,train,12-El Bozo - Part II,El Bozo - Part II,,,,
Entire_music/test/Jazz_22/220905.mp3,Jazz,test,12-Oblivious,Oblivious,,,,
Entire_music/val/Jazz_22/220906.mp3,Jazz,val,12-Red Garland-It's impossible,It's impossible,Red Garland,Jazz. Piano and voices. Vol.2,1977,
Entire_music/train/Jazz_22/220907.mp3,Jazz,train,12-The Long Passage,The Long Passage,Chick Corea Elektric Band,To The Stars,2004,
Entire_music/test/Jazz_22/220908.mp3,Jazz,test,12. Harry Roy & his band - Bugle call rag,Bugle call rag,Harry Roy & his band,,,
Entire_music/train/Jazz_22/220909.mp3,Jazz,train,12. Un giorno dopo l'altro,Un giorno dopo l'altro,Stefano Bollani,Les Fleurs Bleues,2001,
Entire_music/train/Jazz_22/220910.mp3,Jazz,train,12. Wes Montgomery - Stranger in paradise,Stranger in paradise,Wes Montgomery,,,
Entire_music/val/Jazz_22/220911.mp3,Jazz,val,12.Richard 'Groove' Holmes - This here,This here,Richard 'Groove' Holmes,,,
Entire_music/test/Jazz_22/220912.mp3,Jazz,test,13 - Anna,Anna,Chick Corea,Expressions (Solo Piano),1994,
Entire_music/train/Jazz_22/220913.mp3,Jazz,train,13 - Conosci Mia Cugina,Conosci mia cugina,Various Artists,Abbassa la tua radio,,
Entire_music/train/Jazz_22/220914.mp3,Jazz,train,13 - Gemini,Gemini,Chick Corea,"Now He Sings, Now He Sobs",1968,
Entire_music/train/Jazz_22/220915.mp3,Jazz,train,13 - I Was Doing All Right,I Was Doing All Right,Louis Armstrong,Very Best of Louis Armstrong,2001,
Entire_music/val/Jazz_22/220916.mpc,Jazz,val,13 - Let's move to Cleveland,Let's move to Cleveland,Stefano Bollani,Småt Småt,,
Entire_music/train/Jazz_22/220917.mpc,Jazz,train,13 - Louis Armstrong & Duke Ellington - Don't Get Around Much Anymore,Don't Get Around Much Anymore,Louis Armstrong & Duke Ellington,Louis Armstrong & Duke Ellington Complete Sessions,,
Entire_music/val/Jazz_22/220918.mp3,Jazz,val,13 - MAKIN' WHOOPEE,MAKIN' WHOOPEE,ELLA AND LOUIS,,,
Entire_music/train/Jazz_22/220919.mp3,Jazz,train,13 - New Orleans Feetwarmers - Weary Blues,Weary Blues,New Orleans Feetwarmers,New Orleans,,
Entire_music/train/Jazz_22/220920.mp3,Jazz,train,13 - No Hay Problema,No Hay Problema,Pink Martini,Sympathique,1999,
Entire_music/train/Jazz_22/220921.mpc,Jazz,train,13 - Perdido,Perdido,Duke Ellington,The Great Paris Concert,,
Entire_music/train/Jazz_22/220922.mp3,Jazz,train,13 - RARE EARTH - Hey Big Brother,Hey Big Brother,RARE EARTH,,,
Entire_music/train/Jazz_22/220923.ogg,Jazz,train,13 - Relaxin' With Lee (Master Take),Relaxin' With Lee (master Take),Charlie Parker & Dizzy Gillespie,Bird And Diz,1950,
Entire_music/train/Jazz_22/220924.mp3,Jazz,train,13 - Reprise,Reprise,Chick Corea Elektric Band II,Paint The World,,
Entire_music/train/Jazz_22/220925.mpc,Jazz,train,13 - Satin Doll,Satin Doll,Duke Ellington,The Great Paris Concert - Disc 2,,
Entire_music/train/Jazz_22/220926.mp3,Jazz,train,13 - Sobbin' Blues (03 11),Sobbin' Blues,King Oliver's Creole Jazz Band,Disc 1,1987,
Entire_music/train/Jazz_22/220927.mp3,Jazz,train,13 - Summertime,Summertime,Louis Armstrong,Very Best of Louis Armstrong 1,2001,
Entire_music/train/Jazz_22/220928.mp3,Jazz,train,13 - Where Are You Now - Picture 8,Where Are You Now - Picture 8,,,,
Entire_music/train/Jazz_22/220929.mp3,Jazz,train,13 Czishyk Fantasy Variations On A Theme By Mozart - Var. 7,Czishyk: Fantasy Variations On A Theme By Mozart - Var. 7,Gidon Kremer: Kremerata Baltica,Kremerland,2004,
Entire_music/train/Jazz_22/220930.mp3,Jazz,train,13 Deep Harlem,Deep Harlem,,,,
Entire_music/train/Jazz_22/220931.mp3,Jazz,train,Chizhik - track 13,,Chizhik,Chizhik,,
Entire_music/val/Jazz_22/220932.mp3,Jazz,val,Chick Corea - Children's Songs - track 13,,Chick Corea,Children's Songs,1984,
Entire_music/train/Jazz_22/220933.mp3,Jazz,train,13-Brazil,Brazil,,,,
Entire_music/train/Jazz_22/220934.mp3,Jazz,train,13-El Bozo - Part III,El Bozo - Part III,,,,
Entire_music/val/Jazz_22/220935.mp3,Jazz,val,13-LaVerne Butler-Isn't It a Pity,Isn't It a Pity,LaVerne Butler,Jazz. Piano and voices. Vol.2,,
Entire_music/train/Jazz_22/220936.mp3,Jazz,train,13-Port View 6,Port View 6,Chick Corea Elektric Band,To The Stars,2004,
Entire_music/train/Jazz_22/220937.mp3,Jazz,train,13. Benny Goodman - King porter stomp,King porter stomp,Benny Goodman,,,
Entire_music/train/Jazz_22/220938.mp3,Jazz,train,13. Sonny Rollins - The old devil moon,The old devil moon,Sonny Rollins,,,
Entire_music/train/Jazz_22/220939.mp3,Jazz,train,13.Grant Green - The final comedown,The final comedown,Grant Green,,,
Entire_music/train/Jazz_22/220940.mp3,Jazz,train,14 - Body and Soul,Body and Soul,Louis Armstrong,Very Best of Louis Armstrong,2001,
Entire_music/train/Jazz_22/220941.mp3,Jazz,train,14 - I Love Jazz,I Love Jazz,Louis Armstrong,Very Best of Louis Armstrong 1,2001,
Entire_music/train/Jazz_22/220942.mp3,Jazz,train,14 - I want to be happy,I want to be happy,Chick Corea,Expressions (Solo Piano),1994,
Entire_music/train/Jazz_22/220943.mp3,Jazz,train,14 - In Cerca Di Te (Perduto Amor),In cerca di te (Perduto amor),Various Artists,Abbassa la tua radio,,
Entire_music/val/Jazz_22/220944.mp3,Jazz,val,14 - Je Ne Veux Pas Travailler,Je ne veux pas travailler,Pink Martini,Sympathique,,
Entire_music/train/Jazz_22/220945.mpc,Jazz,train,14 - Louis Armstrong & Duke Ellington - I'm Beginning To See The Light,I'm Beginning To See The Light,Louis Armstrong & Duke Ellington,,,
Entire_music/train/Jazz_22/220946.mp3,Jazz,train,14 - Louis Armstrong - Perdido Street Blues,Perdido Street Blues,Louis Armstrong,New Orleans,,
Entire_music/train/Jazz_22/220947.mp3,Jazz,train,14 - RARE EARTH - Good Time Sally,Good Time Sally,RARE EARTH,,,
Entire_music/train/Jazz_22/220948.mp3,Jazz,train,14 - THEY ALL LAUGHED,THEY ALL LAUGHED,ELLA AND LOUIS,,,
Entire_music/train/Jazz_22/220949.mpc,Jazz,train,14 - The Eighth Veil,The Eighth Veil,Duke Ellington,The Great Paris Concert,,
Entire_music/train/Jazz_22/220950.mpc,Jazz,train,"14 - Trem das onze , Figlio unico",Trem das onze / Figlio unico,Stefano Bollani,Småt Småt,,
Entire_music/train/Jazz_22/220951.mp3,Jazz,train,14 - Where Did You Stay Last Night (02 30),Where Did You Stay Last Night,King Oliver's Creole Jazz Band,Disc 1,1987,
Entire_music/train/Jazz_22/220952.mp3,Jazz,train,14 Czishyk Fantasy Variations On A Theme By Mozart - Var. 8,Czishyk: Fantasy Variations On A Theme By Mozart - Var. 8,Gidon Kremer: Kremerata Baltica,Kremerland,2004,
Entire_music/train/Jazz_22/220953.mp3,Jazz,train,14 Rockin' Chair,Rockin' Chair,,,,
Entire_music/train/Jazz_22/220954.mp3,Jazz,train,Chizhik - track 14,,Chizhik,Chizhik,,
Entire_music/train/Jazz_22/220955.mp3,Jazz,train,Chick Corea - Children's Songs - track 14,,Chick Corea,Children's Songs,1984,
Entire_music/train/Jazz_22/220956.mp3,Jazz,train,14-Jocelyn-The Commander,Jocelyn-The Commander,Chick Corea Elektric Band,To The Stars,2004,
Entire_music/train/Jazz_22/220957.mp3,Jazz,train,14-Mccoy Turner You Taught My Heart To Sing,Mccoy Turner / You Taught My Heart To Sing,Mccoy Turner,Jazz. Piano and voices. Vol.2,1991,
Entire_music/train/Jazz_22/220958.mp3,Jazz,train,14-Spanish Fantasy - Part I,Spanish Fantasy - Part I,,,,
Entire_music/train/Jazz_22/220959.mp3,Jazz,train,14-Trinkle Tinkle,Trinkle Tinkle,,,,
Entire_music/train/Jazz_22/220960.mp3,Jazz,train,14. Freddie Hubbard - You're my everything,You're my everything,Freddie Hubbard,,,
Entire_music/train/Jazz_22/220961.mp3,Jazz,train,14. Sidney Bechet's blue note jazzmen - St Louis blues,St Louis blues,Sidney Bechet's blue note jazzmen,,,
Entire_music/val/Jazz_22/220962.mp3,Jazz,val,14.Donald Byrd - Street lady,Street lady,Donald Byrd,,,
Entire_music/train/Jazz_22/220963.mp3,Jazz,train,15 - Baciami Piccina,Baciami piccina,Various Artists,Abbassa la tua radio,,
Entire_music/train/Jazz_22/220964.mp3,Jazz,train,15 - Bolero,Bolero,Pink Martini,Sympathique,,
Entire_music/train/Jazz_22/220965.mp3,Jazz,train,15 - Bunk Johnson - Down By The Riversida,Down By The Riversida,Bunk Johnson,New Orleans,,
Entire_music/train/Jazz_22/220966.mp3,Jazz,train,15 - COMES LOVE,COMES LOVE,ELLA AND LOUIS,,,
Entire_music/train/Jazz_22/220967.mp3,Jazz,train,15 - Dipper Mouth Blues (02 13),Dipper Mouth Blues,King Oliver's Creole Jazz Band,Disc 1,1987,
Entire_music/train/Jazz_22/220968.mpc,Jazz,train,15 - Louis Armstrong & Duke Ellington - Just Squeeze Me,Just Squeeze Me,Louis Armstrong & Duke Ellington,,,
Entire_music/val/Jazz_22/220969.mp3,Jazz,val,15 - Love Is Here To Stay,Love Is Here To Stay,Louis Armstrong,Very Best of Louis Armstrong,2001,
Entire_music/train/Jazz_22/220970.mp3,Jazz,train,15 - RARE EARTH - Think Of The Children,Think Of The Children,RARE EARTH,,,
Entire_music/train/Jazz_22/220971.mpc,Jazz,train,15 - Rose of the Rio Grande,Rose of the Rio Grande,Duke Ellington,The Great Paris Concert,,
Entire_music/train/Jazz_22/220972.mp3,Jazz,train,15 - Smile,Smile,Chick Corea,Expressions (Solo Piano),1994,
Entire_music/train/Jazz_22/220973.mp3,Jazz,train,15 - When The Saints Go Marchi,When The Saints Go Marching in,Louis Armstrong,Very Best of Louis Armstrong 1,2001,
Entire_music/train/Jazz_22/220974.mp3,Jazz,train,15 Czishyk Fantasy Variations On A Theme By Mozart - Cadenza (Part 1),Czishyk: Fantasy Variations On A Theme By Mozart - Cadenza (Part 1),Gidon Kremer: Kremerata Baltica,Kremerland,2004,
Entire_music/val/Jazz_22/220975.mp3,Jazz,val,15 I like That,I like That,,,,
Entire_music/val/Jazz_22/220976.mp3,Jazz,val,Chizhik - track 15,,Chizhik,Chizhik,,
Entire_music/train/Jazz_22/220977.mp3,Jazz,train,Chick Corea - Children's Songs - track 15,,Chick Corea,Children's Songs,1984,
Entire_music/train/Jazz_22/220978.mp3,Jazz,train,15-Nina Ssimone-a_good_bait,A good bait,Nina Simone,Jazz. Piano and voices. Vol.2,,
Entire_music/val/Jazz_22/220979.mp3,Jazz,val,15-Port View 7,Port View 7,Chick Corea Elektric Band,To The Stars,2004,
Entire_music/val/Jazz_22/220980.mp3,Jazz,val,15-Spanish Fantasy - Part II,Spanish Fantasy - Part II,,,,
Entire_music/test/Jazz_22/220981.mp3,Jazz,test,16 - AUTUMN IN NEW YORK,AUTUMN IN NEW YORK,ELLA AND LOUIS,,,
Entire_music/train/Jazz_22/220982.mp3,Jazz,train,16 - Carmen McRae _ Body and Soul,Body and soul,Carmen McRae,Jazz. Piano and voices. Vol.2,,
Entire_music/test/Jazz_22/220983.mpc,Jazz,test,16 - Cop Out,Cop Out,Duke Ellington,The Great Paris Concert,,
Entire_music/train/Jazz_22/220984.mp3,Jazz,train,16 - Il Pinguino Innamorato,Il pinguino innamorato,Various Artists,Abbassa la tua radio,,
Entire_music/train/Jazz_22/220985.mp3,Jazz,train,16 - Jazzin Baby Blues (03 00),Jazzin Baby Blues,King Oliver's Creole Jazz Band,Disc 1,1987,
Entire_music/train/Jazz_22/220986.mpc,Jazz,train,16 - Louis Armstrong & Duke Ellington - I Got It Bad And That Ain't Good,I Got It Bad And That Ain't Good,Louis Armstrong & Duke Ellington,,,
Entire_music/train/Jazz_22/220987.mp3,Jazz,train,16 - Louis Armstrong - Do You Know What Iy Means,Do You Know What Iy Means,Louis Armstrong,New Orleans,,
Entire_music/train/Jazz_22/220988.mp3,Jazz,train,16 - RARE EARTH - We're Gonna Have A Good TIme,We're Gonna Have A Good TIme,RARE EARTH,,,
Entire_music/train/Jazz_22/220989.mp3,Jazz,train,16 Czishyk Fantasy Variations On A Theme By Mozart - Cadenza (Part 2),Czishyk: Fantasy Variations On A Theme By Mozart - Cadenza (Part 2),Gidon Kremer: Kremerata Baltica,Kremerland,2004,
Entire_music/val/Jazz_22/220990.mp3,Jazz,val,16 Jazz me Blues,Jazz me Blues,,,,
Entire_music/train/Jazz_22/220991.mp3,Jazz,train,Chizhik - track 16,,Chizhik,Chizhik,,
Entire_music/train/Jazz_22/220992.mp3,Jazz,train,Chick Corea - Children's Songs - track 16,,Chick Corea,Children's Songs,1984,
Entire_music/train/Jazz_22/220993.mp3,Jazz,train,16-Captain Jocelyn-A Tribute By His Crew,Captain Jocelyn-A Tribute By His Crew,Chick Corea Elektric Band,To The Stars,2004,
Entire_music/train/Jazz_22/220994.mp3,Jazz,train,16-Spanish Fantasy - Part III,Spanish Fantasy - Part III,,,,
Entire_music/train/Jazz_22/220995.mp3,Jazz,train,17 - Alligator Hop (02 24),Alligator Hop,King Oliver's Creole Jazz Band,Disc 1,1987,
Entire_music/train/Jazz_22/220996.mpc,Jazz,train,17 - Bula,Bula,Duke Ellington,The Great Paris Concert,,
Entire_music/train/Jazz_22/220997.mp3,Jazz,train,17 - Kid Ory - Tiger Rag,Tiger Rag,Kid Ory,New Orleans,,
Entire_music/train/Jazz_22/220998.mp3,Jazz,train,17 - LET'S DO IT,LET'S DO IT,ELLA AND LOUIS,,,
Entire_music/train/Jazz_22/220999.mpc,Jazz,train,17 - Louis Armstrong & Duke Ellington - Azalea,Azalea,Louis Armstrong & Duke Ellington,Louis Armstrong & Duke Ellington Complete Sessions,,
Entire_music/val/Jazz_22/221000.mp3,Jazz,val,17 - RARE EARTH - Nice To Be With You,Nice To Be With You,RARE EARTH,,,
Entire_music/train/Jazz_22/221001.m4a,Jazz,train,17 Amanda,Amanda,Aisha Duo,Quiet Songs,2005,Luca Gusella
Entire_music/test/Jazz_22/221002.mp3,Jazz,test,17 Czishyk Fantasy Variations On A Theme By Mozart - Var. 9,Czishyk: Fantasy Variations On A Theme By Mozart - Var. 9,Gidon Kremer: Kremerata Baltica,Kremerland,2004,
Entire_music/train/Jazz_22/221003.mp3,Jazz,train,Chizhik - track 17,,Chizhik,Chizhik,,
Entire_music/train/Jazz_22/221004.mp3,Jazz,train,Chick Corea - Children's Songs - track 17,,Chick Corea,Children's Songs,1984,
Entire_music/train/Jazz_22/221005.mp3,Jazz,train,17-Captain Jocelyn-The Pianist,Captain Jocelyn-The Pianist,Chick Corea Elektric Band,To The Stars,2004,
Entire_music/train/Jazz_22/221006.mp3,Jazz,train,17-Spanish Fantasy - Part IV,Spanish Fantasy - Part IV,,,,
Entire_music/train/Jazz_22/221007.mp3,Jazz,train,17-Stacey Kent-Isnt this a lovely day,Isn't this a lovely day,Stacey Kent,Jazz. Piano and voices. Vol.2,,
Entire_music/train/Jazz_22/221008.mp3,Jazz,train,18 - RARE EARTH - Ma,Ma,RARE EARTH,,,
Entire_music/train/Jazz_22/221009.mp3,Jazz,train,18 - STOMPIN' AT THE SAVOY,STOMPIN' AT THE SAVOY,ELLA AND LOUIS,,,
Entire_music/train/Jazz_22/221010.mp3,Jazz,train,18 - Sidney Bechet - Royal Garden Blues,Royal Garden Blues,Sidney Bechet,New Orleans,,
Entire_music/train/Jazz_22/221011.mp3,Jazz,train,18 - Zulu's Blues (02 31),Zulu's Blues,King Oliver's Creole Jazz Band,Disc 1,1987,
Entire_music/train/Jazz_22/221012.mp3,Jazz,train,18 Vustin Tango Hommage À Gidon,Vustin: Tango Hommage À Gidon,Gidon Kremer: Kremerata Baltica,Kremerland,2004,
Entire_music/train/Jazz_22/221013.mp3,Jazz,train,Chick Corea - Children's Songs - track 18,,Chick Corea,Children's Songs,1984,
Entire_music/val/Jazz_22/221014.mp3,Jazz,val,18. The Clouds,The Clouds,Chick Corea,My Spanish Heart,,
Entire_music/train/Jazz_22/221015.mp3,Jazz,train,19 - I WON'T DANCE,I WON'T DANCE,ELLA AND LOUIS,,,
Entire_music/train/Jazz_22/221016.mp3,Jazz,train,19 - RARE EARTH - Big John Is My Name,Big John Is My Name,RARE EARTH,,,
Entire_music/train/Jazz_22/221017.mp3,Jazz,train,19 - Working Man Blues (02 12),Working Man Blues,King Oliver's Creole Jazz Band,Disc 1,1987,
Entire_music/train/Jazz_22/221018.mp3,Jazz,train,19 Kancheli Rag-Gidon-Time,Kancheli: Rag-Gidon-Time,Gidon Kremer: Kremerata Baltica,Kremerland,2004,
Entire_music/train/Jazz_22/221019.mp3,Jazz,train,Chick Corea - Children's Songs - track 19,,Chick Corea,Children's Songs,1984,
Entire_music/train/Jazz_22/221020.mp3,Jazz,train,1918 - Lazy Daddy,Lazy Daddy.(1918),Original Dixieland Jazz Band,,1918,
Entire_music/val/Jazz_22/221021.mp3,Jazz,val,2. Miles Davis - Tempus Fugit,Tempus Fugit,Miles Davis,,,
Entire_music/train/Jazz_22/221022.mp3,Jazz,train,2. The Horace Silver Quintet - Finger Poppin',Finger Poppin',The Horace Silver Quintet,,,
Entire_music/train/Jazz_22/221023.mp3,Jazz,train,2.The Buddy Rich Big Band - The Best goes on,The Best goes on,The Buddy Rich Big Band,,,
Entire_music/train/Jazz_22/221024.mp3,Jazz,train,"20 - GEE, BABY, AIN'T GOOD TO YOU","GEE, BABY, AIN'T GOOD TO YOU",ELLA AND LOUIS,,,
Entire_music/train/Jazz_22/221025.mp3,Jazz,train,20 - Krooked Blues (02 49),Krooked Blues,King Oliver's Creole Jazz Band,Disc 1,1987,
Entire_music/train/Jazz_22/221026.mp3,Jazz,train,20 - RARE EARTH - Smiling Faces Sometime,Smiling Faces Sometime,RARE EARTH,,,
Entire_music/val/Jazz_22/221027.mp3,Jazz,val,20 Bakshi The Unanswered Call,Bakshi: The Unanswered Call,Gidon Kremer: Kremerata Baltica,Kremerland,2004,
Entire_music/val/Jazz_22/221028.mp3,Jazz,val,21 - RARE EARTH - Hum Along And Dance,Hum Along And Dance,RARE EARTH,,,
Entire_music/test/Jazz_22/221029.mp3,Jazz,test,21 Pelecis Meeting With A Friend,Pelecis: Meeting With A Friend,Gidon Kremer: Kremerata Baltica,Kremerland,2004,
Entire_music/train/Jazz_22/221030.mp3,Jazz,train,22 - RARE EARTH - Chained,Chained,RARE EARTH,,,
Entire_music/train/Jazz_22/221031.mp3,Jazz,train,22 - THESE FOOLISH THINGS,THESE FOOLISH THINGS,ELLA AND LOUIS,,,
Entire_music/train/Jazz_22/221032.mp3,Jazz,train,22 Dunayevsky Circus,Dunayevsky: Circus,Gidon Kremer: Kremerata Baltica,Kremerland,2004,
Entire_music/test/Jazz_22/221033.mp3,Jazz,test,23 - I'VE GOT MY LOVE TOO KEEP ME WARM,I'VE GOT MY LOVE TOO KEEP ME W,ELLA AND LOUIS,,,
Entire_music/train/Jazz_22/221034.mp3,Jazz,train,23 - RARE EARTH - Fun House,Fun House,RARE EARTH,,,
Entire_music/train/Jazz_22/221035.wma,Jazz,train,Holy Ghost: Rare & Unissued Recordings (1962-70) Disc 8 - track 23,,,Holy Ghost: Rare & Unissued Recordings (1962-70) Disc 8,,
Entire_music/train/Jazz_22/221036.mp3,Jazz,train,24 - RARE EARTH - B Want R Ya,B Want R Ya,RARE EARTH,,,
Entire_music/train/Jazz_22/221037.mp3,Jazz,train,24 - WILLOW WEEP FOR ME,WILLOW WEEP FOR ME,ELLA AND LOUIS,,,
Entire_music/train/Jazz_22/221038.mp3,Jazz,train,25 - I'M PUTTIN' ALL MY EGGS IN ONE BASKET,I'M PUTTIN' ALL MY EGGS IN ONE,ELLA AND LOUIS,,,
Entire_music/train/Jazz_22/221039.mp3,Jazz,train,25 - RARE EARTH - What You Gonna Do If I Give It You,What You Gonna Do If I Give It You,RARE EARTH,,,
Entire_music/train/Jazz_22/221040.mp3,Jazz,train,26 - A FINE ROMANCE,A FINE ROMANCE,ELLA AND LOUIS,,,
Entire_music/train/Jazz_22/221041.mp3,Jazz,train,26 - RARE EARTH - It Makes You Happy,It Makes You Happy,RARE EARTH,,,
Entire_music/val/Jazz_22/221042.mp3,Jazz,val,27 - ILL WIND,ILL WIND,ELLA AND LOUIS,,,
Entire_music/train/Jazz_22/221043.mp3,Jazz,train,27 - RARE EARTH - Keepin' Me Out Of The Storm,Keepin' Me Out Of The Storm,RARE EARTH,,,
Entire_music/train/Jazz_22/221044.mp3,Jazz,train,28 - RARE EARTH - Midnight Lady,Midnight Lady,RARE EARTH,,,
Entire_music/train/Jazz_22/221045.mp3,Jazz,train,29 - I GET A KICK OUT OF YOU,I GET A KICK OUT OF YOU,ELLA AND LOUIS,,,
Entire_music/train/Jazz_22/221046.mp3,Jazz,train,29 - RARE EARTH - Is Your Teacher Cool,Is Your Teacher Cool,RARE EARTH,,,
Entire_music/train/Jazz_22/221047.mp3,Jazz,train,3. Art Blakey & The Jazz Messengers - Along came Betty,Along came Betty,Art Blakey & The Jazz Messengers,,,
Entire_music/train/Jazz_22/221048.mp3,Jazz,train,3.Jimmy McGriff - The worm,The worm,Jimmy McGriff,,,
Entire_music/test/Jazz_22/221049.mp3,Jazz,test,3.Stan Getz - Nice work if you can get it,Nice work if you can get it,Stan Getz,,,
Entire_music/val/Jazz_22/221050.mp3,Jazz,val,30 - LEARNIN' THE BLUES,LEARNIN' THE BLUES,ELLA AND LOUIS,,,
Entire_music/train/Jazz_22/221051.mp3,Jazz,train,30 - RARE EARTH - Share My Love,Share My Love,RARE EARTH,,,
Entire_music/train/Jazz_22/221052.mp3,Jazz,train,31 - RARE EARTH - Warm Ride,Warm Ride,RARE EARTH,,,
Entire_music/train/Jazz_22/221053.mp3,Jazz,train,31 - YOU WONT' BE SATISFIED,YOU WONT' BE SATISFIED,ELLA AND LOUIS,,,
Entire_music/train/Jazz_22/221054.mp3,Jazz,train,32 - RARE EARTH - You,You,RARE EARTH,,,
Entire_music/train/Jazz_22/221055.mp3,Jazz,train,32 - UNDECIDED,UNDECIDED,ELLA AND LOUIS,,,
Entire_music/train/Jazz_22/221056.mp3,Jazz,train,33 - RARE EARTH - I Can Feel My Love Risin',I Can Feel My Love Risin',RARE EARTH,,,
Entire_music/train/Jazz_22/221057.mp3,Jazz,train,"34 - RARE EARTH - Save Me, Save Me","Save Me, Save Me",RARE EARTH,,,
Entire_music/train/Jazz_22/221058.mp3,Jazz,train,35 - RARE EARTH - You Got My Love,You Got My Love,RARE EARTH,,,
Entire_music/test/Jazz_22/221059.mp3,Jazz,test,36 - RARE EARTH - Stop Her On Sight,Stop Her On Sight,RARE EARTH,,,
Entire_music/train/Jazz_22/221060.wma,Jazz,train,Holy Ghost: Rare & Unissued Recordings (1962-70) Disc 9 - track 37,,,Holy Ghost: Rare & Unissued Recordings (1962-70) Disc 9,,
Entire_music/train/Jazz_22/221061.wma,Jazz,train,Holy Ghost: Rare & Unissued Recordings (1962-70) Disc 9 - track 38,,,Holy Ghost: Rare & Unissued Recordings (1962-70) Disc 9,,
Entire_music/train/Jazz_22/221062.mp3,Jazz,train,4. Dizzy Gillespie - Coast to coast,Coast to coast,Dizzy Gillespie,,,
Entire_music/val/Jazz_22/221063.mp3,Jazz,val,4. Gil Evans - Bird feathers,Bird feathers,Gil Evans,,,
Entire_music/train/Jazz_22/221064.mp3,Jazz,train,4.Reuben Wilson - Orange peel,Orange peel,Reuben Wilson,,,
Entire_music/train/Jazz_22/221065.mp3,Jazz,train,5. Bud Powell - Ornithology,Ornithology,Bud Powell,,,
Entire_music/train/Jazz_22/221066.mp3,Jazz,train,5. Thelonious Monk - Straight no chaser,Straight no chaser,Thelonious Monk,,,
Entire_music/train/Jazz_22/221067.mp3,Jazz,train,5.Jimmy Smith - Back at the chicken shack,Back at the chicken shack,Jimmy Smith,,,
Entire_music/train/Jazz_22/221068.mp3,Jazz,train,6. McCoy Tyner - Passion dance,Passion dance,McCoy Tyner,,,
Entire_music/train/Jazz_22/221069.mp3,Jazz,train,6. Sonny Stitt - i'm in the mood for love (every night at eight),i'm in the mood for love (every night at eight),Sonny Stitt,,,
Entire_music/test/Jazz_22/221070.mp3,Jazz,test,6.Blu Mitchell -Hi heel sneakers,Hi heel sneakers,Blu Mitchell,,,
Entire_music/test/Jazz_22/221071.mp3,Jazz,test,7. Stanley Turrentine & The three sounds - Willow weep for me,Willow weep for me,Stanley Turrentine & The three sounds,,,
Entire_music/train/Jazz_22/221072.mp3,Jazz,train,7. Woody Herman - Lemon drop,Lemon drop,Woody Herman,,,
Entire_music/train/Jazz_22/221073.mp3,Jazz,train,7.Wayne Shorter - Adam's apple,Adam's apple,Wayne Shorter,,,
Entire_music/train/Jazz_22/221074.mp3,Jazz,train,8. Count Basie - Splanky,Splanky,Count Basie,,,
Entire_music/train/Jazz_22/221075.mp3,Jazz,train,8. George Shearing - Midnight in the air,Midnight in the air,George Shearing,,,
Entire_music/test/Jazz_22/221076.mp3,Jazz,test,8.Lonnie Smith - Think,Think,Lonnie Smith,,,
Entire_music/train/Jazz_22/221077.mp3,Jazz,train,9. Duke Ellington - Flying home,Flying home,Duke Ellington,,,
Entire_music/train/Jazz_22/221078.mp3,Jazz,train,9. Kenny Burrell - Saturday night blues,Saturday night blues,Kenny Burrell,,,
Entire_music/train/Jazz_22/221079.mp3,Jazz,train,9.Hank Mobley - The turnaround part 1,The turnaround part 1,Hank Mobley,,,
Entire_music/train/Jazz_22/221080.mp3,Jazz,train,Albert King - Born Under A Bad Sign,Born Under A Bad Sign,Albert King,,,
Entire_music/train/Jazz_22/221081.mp3,Jazz,train,Alexander's rag time band,Alexander's Rag Time Band,Green Hill Instrumental,Dixieland Jazz,,
Entire_music/train/Jazz_22/221082.mp3,Jazz,train,Amy Winehouse Greatest Hits Full - The Best Of Amy Winehouse - Amy Winehouse Collection 2022,Amy Winehouse Greatest Hits Full - The Best Of Amy Winehouse - Amy Winehouse Collection 2022,Amy Winehouse,,,
Entire_music/train/Jazz_22/221083.mp3,Jazz,train,Artie Shaw Greatest Hits - The Best Of Artie Shaw - Jazz Night,Artie Shaw Greatest Hits - The Best Of Artie Shaw - Jazz Night,Artie Shaw,,,
Entire_music/train/Jazz_22/221084.mp3,Jazz,train,At The Darktown Strutters Ball(1),At The Darktown Strutters Ball,Original Dixieland Jazz band,50 years Of Jazz Greats,,
Entire_music/train/Jazz_22/221085.mp3,Jazz,train,Avishai Cohen - Morenika - Aurora,Morenika,Avishai Cohen,,2010,
Entire_music/train/Jazz_22/221086.mp3,Jazz,train,"Bobo Rondelli - Disperati, Intellettuali, Ubriaconi - Suicidio Travel",Suicidio Travel,Bobo Rondelli,"Disperati, Intellettuali, Ubriaconi",,
Entire_music/train/Jazz_22/221087.mp3,Jazz,train,Bobo Rondelli - Disperati intellettuali ubriaconi - Martin Eden,Martin Eden,Bobo Rondelli,Disperati intellettuali ubriaconi,,
Entire_music/train/Jazz_22/221088.mp3,Jazz,train,Bobo Rondelli - Disperati intellettuali ubriaconi - Io e te Maria,Io e te Maria,Bobo Rondelli,Disperati intellettuali ubriaconi,,
Entire_music/train/Jazz_22/221089.mp3,Jazz,train,"Bobo Rondelli - Disperati, Intellettuali, Ubriaconi - Cuore Di Bimbo",Cuore Di Bimbo,Bobo Rondelli,"Disperati, Intellettuali, Ubriaconi",,
Entire_music/train/Jazz_22/221090.mp3,Jazz,train,Bobo Rondelli - Disperati intellettuali ubriaconi - Quando non ci sei,Quando non ci sei,Bobo Rondelli,Disperati intellettuali ubriaconi,,
Entire_music/val/Jazz_22/221091.mp3,Jazz,val,Bobo Rondelli - Disperati intellettuali ubriaconi - Fiore nell'asfalto,Fiore nell'asfalto,Bobo Rondelli,Disperati intellettuali ubriaconi,,
Entire_music/train/Jazz_22/221092.mp3,Jazz,train,Bobo Rondelli - Disperati intellettuali ubriaconi - L'ultima danza,L'ultima danza,Bobo Rondelli,Disperati intellettuali ubriaconi,,
Entire_music/train/Jazz_22/221093.mp3,Jazz,train,Back Home Again In Indiana (30-01-1917),(BACK HOME AGAIN IN) INDIANA,EDISON RECORDS,,1917,
Entire_music/test/Jazz_22/221094.mp3,Jazz,test,Bela Fleck - Victor Wooten - Bass Solo (awesome),Bass Solo (awesome),Bela Fleck - Victor Wooten,,,
Entire_music/train/Jazz_22/221095.mp3,Jazz,train,Best Songs of Norah Jones Full Album 2021 - Norah Jones Greatest Hits Full Playlist,Best Songs of Norah Jones 2021 - Norah Jones Greatest Hits,Norah Jones,,,
Entire_music/train/Jazz_22/221096.mp3,Jazz,train,Bill Frisell - With Dave Holland and Elvin Jones (2001) {Full Album},With Dave Holland and Elvin Jones,Bill Frisell,With Dave Holland and Elvin Jones,2001,
Entire_music/train/Jazz_22/221097.mp3,Jazz,train,Billie Holiday - The Best Of Classics Masters - Fantastic Vocal Jazz Music of Our History,The Best Of Classics Masters - Fantastic Vocal Jazz Music of Our History,Billie Holiday,,,
Entire_music/train/Jazz_22/221098.mp3,Jazz,train,Bix Beiderbecke - The Art of Bix Beiderbecke (2006) CD2,The Art of Bix Beiderbecke (2006) CD2,Bix Beiderbecke,,2006,
Entire_music/test/Jazz_22/221099.mp3,Jazz,test,Bobby McFerrin Greatest Hits Bobby McFerrin Best Songs Greatest Hits Full Album,Bobby McFerrin Greatest Hits Bobby McFerrin Best Songs Greatest Hits,Bobby McFerrin,,,
Entire_music/train/Jazz_22/221100.mp3,Jazz,train,Brad Mehldau The Art Of the Trio Vol. I,The Art Of the Trio Vol. I,Brad Mehldau,The Art Of the Trio Vol. I,,
Entire_music/train/Jazz_22/221101.mp3,Jazz,train,CHET BAKER Greatest Hits - Best Songs of CHET BAKER 2021,CHET BAKER Greatest Hits - Best Songs of CHET BAKER 2021,CHET BAKER,,,
Entire_music/train/Jazz_22/221102.mp3,Jazz,train,Cecil Taylor-Conquistador (1968),Conquistador,Cecil Taylor,,1968,
Entire_music/train/Jazz_22/221103.mp3,Jazz,train,"Charles Mingus Best Of 2H (Goodbye Pork Pie Hat, Fables of Faubus, Boogie Stop Shuffle...)","Charles Mingus Best Of 2H (Goodbye Pork Pie Hat, Fables of Faubus, Boogie Stop Shuffle...)",Charles Mingus,,,
Entire_music/train/Jazz_22/221104.mp3,Jazz,train,Charlie Haden - Nocturne - 2001- FULL ALBUM,Nocturne,Charlie Haden,Nocturne,2001,
Entire_music/train/Jazz_22/221105.mp3,Jazz,train,Charlie Parker Greatest Hits Full Album - The Best Songs Of Charlie Parker - Best Saxophone Music,Charlie Parker Greatest Hits - The Best Songs Of Charlie Parker - Best Saxophone Music,Charlie Parker,,,
Entire_music/train/Jazz_22/221106.mp3,Jazz,train,Chick Corea & Friends - Remembering Bud Powell - 01 - Bouncin' With Bud,Bouncin' With Bud,Chick Corea & Friends,Remembering Bud Powell,,
Entire_music/val/Jazz_22/221107.mp3,Jazz,val,Chick Corea & Friends - Remembering Bud Powell - 02 - Mediocre,Mediocre,Chick Corea & Friends,Remembering Bud Powell,1997,
Entire_music/train/Jazz_22/221108.mp3,Jazz,train,Chick Corea & Friends - Remembering Bud Powell - 03 - Willow Grove,Willow Grove,Chick Corea & Friends,Remembering Bud Powell,1997,
Entire_music/val/Jazz_22/221109.mp3,Jazz,val,Chick Corea & Friends - Remembering Bud Powell - 04 - Dust In Sandi,Dust In Sandi,Chick Corea & Friends,Remembering Bud Powell,1997,
Entire_music/train/Jazz_22/221110.mp3,Jazz,train,Chick Corea & Friends - Remembering Bud Powell - 05 - Oblivion,Oblivion,Chick Corea & Friends,Remembering Bud Powell,1997,
Entire_music/test/Jazz_22/221111.mp3,Jazz,test,Chick Corea & Friends - Remembering Bud Powell - 06 - Bud Powell,Bud Powell,Chick Corea & Friends,Remembering Bud Powell,1997,
Entire_music/val/Jazz_22/221112.mp3,Jazz,val,Chick Corea & Friends - Remembering Bud Powell - 07 - I'll Keep Loving You,I'll Keep Loving You,Chick Corea & Friends,Remembering Bud Powell,1997,
Entire_music/train/Jazz_22/221113.mp3,Jazz,train,Chick Corea & Friends - Remembering Bud Powell - 08 - Glass Enclosure,Glass Enclosure,Chick Corea & Friends,Remembering Bud Powell,1997,
Entire_music/train/Jazz_22/221114.mp3,Jazz,train,Chick Corea & Friends - Remembering Bud Powell - 09 - Tempus Fugit,Tempus Fugit,Chick Corea & Friends,Remembering Bud Powell,1997,
Entire_music/train/Jazz_22/221115.mp3,Jazz,train,Chick Corea & Friends - Remembering Bud Powell - 10 - Celia,Celia,Chick Corea & Friends,Remembering Bud Powell,1997,
Entire_music/train/Jazz_22/221116.mp3,Jazz,train,Chick Corea & Touchstone - Rhumba Flamenco [CD1] - 01 - Touchstone,Touchstone,Chick Corea & Touchstone,Rhumba Flamenco [CD1],,
Entire_music/train/Jazz_22/221117.mp3,Jazz,train,Chick Corea & Touchstone - Rhumba Flamenco [CD1] - 02 - Blanca Con Puntillo,Blanca Con Puntillo,Chick Corea & Touchstone,Rhumba Flamenco [CD1],,
Entire_music/train/Jazz_22/221118.mp3,Jazz,train,Chick Corea & Touchstone - Rhumba Flamenco [CD1] - 03 - Zyriab,Zyriab,Chick Corea & Touchstone,Rhumba Flamenco [CD1],,
Entire_music/train/Jazz_22/221119.mp3,Jazz,train,Chick Corea & Touchstone - Rhumba Flamenco [CD1] - 04 - You're Everything,You're Everything,Chick Corea & Touchstone,Rhumba Flamenco [CD1],,
Entire_music/train/Jazz_22/221120.mp3,Jazz,train,Chick Corea - Converge - 01 - Fiesta,Fiesta,Chick Corea,Converge,,
Entire_music/val/Jazz_22/221121.mp3,Jazz,val,Chick Corea - Converge - 02 - Converge,Converge,Chick Corea,Converge,,
Entire_music/val/Jazz_22/221122.mp3,Jazz,val,Chick Corea - Converge - 03 - Sundance,Sundance,Chick Corea,Converge,,
Entire_music/train/Jazz_22/221123.mp3,Jazz,train,Chick Corea - Converge - 04 - Waltz For Bill Evans,Waltz For Bill Evans,Chick Corea,Converge,,
Entire_music/train/Jazz_22/221124.mp3,Jazz,train,Chick Corea - Converge - 05 - Vamp,Vamp,Chick Corea,Converge,,
Entire_music/train/Jazz_22/221125.mp3,Jazz,train,Chick Corea - Converge - 06 - Song Of Wind,Song Of Wind,Chick Corea,Converge,,
Entire_music/train/Jazz_22/221126.mp3,Jazz,train,Chick Corea - Converge - 07 - The Brain,The Brain,Chick Corea,Converge,,
Entire_music/train/Jazz_22/221127.mp3,Jazz,train,Chick Corea - Delphi I - Delphi I,Delphi I,Chick Corea,Delphi I,,
Entire_music/train/Jazz_22/221128.mp3,Jazz,train,Chick Corea - Delphi I - Delphi II,Delphi II,Chick Corea,Delphi I,,
Entire_music/test/Jazz_22/221129.mp3,Jazz,test,Chick Corea - Delphi I - Delphi III,Delphi III,Chick Corea,Delphi I,,
Entire_music/test/Jazz_22/221130.mp3,Jazz,test,Chick Corea - Delphi I - Delphi IV,Delphi IV,Chick Corea,Delphi I,,
Entire_music/train/Jazz_22/221131.mp3,Jazz,train,Chick Corea - Delphi I - Delphi V,Delphi V,Chick Corea,Delphi I,,
Entire_music/train/Jazz_22/221132.mp3,Jazz,train,Chick Corea - Delphi I - Delphi VI,Delphi VI,Chick Corea,Delphi I,,
Entire_music/train/Jazz_22/221133.mp3,Jazz,train,Chick Corea - Delphi I - Delphi VII,Delphi VII,Chick Corea,Delphi I,,
Entire_music/train/Jazz_22/221134.mp3,Jazz,train,Chick Corea - Delphi I - Delphi VIII,Delphi VIII,Chick Corea,Delphi I,,
Entire_music/train/Jazz_22/221135.mp3,Jazz,train,Chick Corea - Delphi I - EChildren's Song No. 20,Children's Song No. 20,Chick Corea,Delphi I,,
Entire_music/train/Jazz_22/221136.mp3,Jazz,train,Chick Corea - Delphi I - Stride Time I,Stride Time I,Chick Corea,Delphi I,,
Entire_music/train/Jazz_22/221137.mp3,Jazz,train,Chick Corea - Delphi I - Stride Time II (Soft Stride),Stride Time II (Soft Stride),Chick Corea,Delphi I,,
Entire_music/train/Jazz_22/221138.mp3,Jazz,train,Chick Corea - Delphi I - Stride Time III (Soft Stride),Stride Time III (Soft Stride),Chick Corea,Delphi I,,
Entire_music/train/Jazz_22/221139.mp3,Jazz,train,Chick Corea - Delphi I - Stride Time IV (Stride Bop),Stride Time IV (Stride Bop),Chick Corea,Delphi I,,
Entire_music/train/Jazz_22/221140.mp3,Jazz,train,Chick Corea - Delphi I - Stride Time V (Mr. T),Stride Time V (Mr. T),Chick Corea,Delphi I,,
Entire_music/train/Jazz_22/221141.mp3,Jazz,train,Chick Corea - Delphi I - Stride Time VI (Stride Out),Stride Time VI (Stride Out),Chick Corea,Delphi I,,
Entire_music/train/Jazz_22/221142.mp3,Jazz,train,Chick Corea - Delphi I - Stride Time VII (Rhapsody for Mr. T),Stride Time VII (Rhapsody for Mr. T),Chick Corea,Delphi I,,
Entire_music/train/Jazz_22/221143.mp3,Jazz,train,Chick Corea - I Ain't Mad At You - 01 - Seabreeze,Seabreeze,Chick Corea,I Ain't Mad At You,,
Entire_music/train/Jazz_22/221144.mp3,Jazz,train,Chick Corea - I Ain't Mad At You - 02 - I ain't mad at you,I Ain't Mad At You,Chick Corea,I Ain't Mad At You,,
Entire_music/train/Jazz_22/221145.mp3,Jazz,train,Chick Corea - I Ain't Mad At You - 03 - Moment's notice,Moment's Notice,Chick Corea,I Ain't Mad At You,,
Entire_music/train/Jazz_22/221146.mp3,Jazz,train,Chick Corea - I Ain't Mad At You - 04 - Blues for oliver,Blues For Oliver,Chick Corea,I Ain't Mad At You,,
Entire_music/train/Jazz_22/221147.mp3,Jazz,train,Chick Corea - I Ain't Mad At You - 05 - Don't mean a thing,Don't Mean A Thing,Chick Corea,I Ain't Mad At You,,
Entire_music/train/Jazz_22/221148.mp3,Jazz,train,Chick Corea - Return To Forever - 01 - Return To Forever,Return To Forever,Chick Corea,Return To Forever,1972,
Entire_music/train/Jazz_22/221149.mp3,Jazz,train,Chick Corea - Return To Forever - 02 - Crystal Silence,Crystal Silence,Chick Corea,Return To Forever,1972,
Entire_music/train/Jazz_22/221150.mp3,Jazz,train,Chick Corea - Return To Forever - 03 - What Game Shall We Play Today,What Game Shall We Play Today,Chick Corea,Return To Forever,1972,
Entire_music/train/Jazz_22/221151.mp3,Jazz,train,Chick Corea - Return To Forever - 04 - Sometime Ago - La Fiesta,Sometime Ago - La Fiesta,Chick Corea,Return To Forever,1972,
Entire_music/train/Jazz_22/221152.mp3,Jazz,train,Chick Corea - Secret Agent (Album) by Guglj,Secret Agent,Chick Corea,Secret Agent,,
Entire_music/train/Jazz_22/221153.mp3,Jazz,train,Chick Corea - The Ultimate Adventure - 01 - Three Ghouls Part 1,Three Ghouls  Part 1,Chick Corea,The Ultimate Adventure,2006,
Entire_music/test/Jazz_22/221154.mp3,Jazz,test,Chick Corea - The Ultimate Adventure - 02 - Three Ghouls Part 2,Three Ghouls  Part 2,Chick Corea,The Ultimate Adventure,2006,
Entire_music/train/Jazz_22/221155.mp3,Jazz,train,Chick Corea - The Ultimate Adventure - 03 - Three Ghouls Part 3,Three Ghouls  Part 3,Chick Corea,The Ultimate Adventure,2006,
Entire_music/train/Jazz_22/221156.mp3,Jazz,train,Chick Corea - The Ultimate Adventure - 04 - City Of Brass,City Of Brass,Chick Corea,The Ultimate Adventure,2006,
Entire_music/test/Jazz_22/221157.mp3,Jazz,test,Chick Corea - The Ultimate Adventure - 05 - Queen Tedmur,Queen Tedmur,Chick Corea,The Ultimate Adventure,2006,
Entire_music/train/Jazz_22/221158.mp3,Jazz,train,Chick Corea - The Ultimate Adventure - 06 - El Stephen Part 1,El Stephen  Part 1,Chick Corea,The Ultimate Adventure,2006,
Entire_music/train/Jazz_22/221159.mp3,Jazz,train,Chick Corea - The Ultimate Adventure - 07 - El Stephen Part 2,El Stephen  Part 2,Chick Corea,The Ultimate Adventure,2006,
Entire_music/train/Jazz_22/221160.mp3,Jazz,train,Chick Corea - The Ultimate Adventure - 08 - King & Queen,King & Queen,Chick Corea,The Ultimate Adventure,2006,
Entire_music/train/Jazz_22/221161.mp3,Jazz,train,Chick Corea - The Ultimate Adventure - 09 - Moseb The Executioner Part 1,Moseb The Executioner  Part 1,Chick Corea,The Ultimate Adventure,2006,
Entire_music/train/Jazz_22/221162.mp3,Jazz,train,Chick Corea - The Ultimate Adventure - 10 - Moseb The Executioner Part 2,Moseb The Executioner  Part 2,Chick Corea,The Ultimate Adventure,2006,
Entire_music/train/Jazz_22/221163.mp3,Jazz,train,Chick Corea - The Ultimate Adventure - 11 - Moseb The Executioner Part 3,Moseb The Executioner  Part 3,Chick Corea,The Ultimate Adventure,2006,
Entire_music/train/Jazz_22/221164.mp3,Jazz,train,Chick Corea - The Ultimate Adventure - 12 - North Africa,North Africa,Chick Corea,The Ultimate Adventure,2006,
Entire_music/train/Jazz_22/221165.mp3,Jazz,train,Chick Corea - The Ultimate Adventure - 13 - Flight From Karoof Part 1,Flight From Karoof  Part 1,Chick Corea,The Ultimate Adventure,2006,
Entire_music/val/Jazz_22/221166.mp3,Jazz,val,Chick Corea - The Ultimate Adventure - 14 - Flight From Karoof Part 2,Flight From Karoof  Part 2,Chick Corea,The Ultimate Adventure,2006,
Entire_music/train/Jazz_22/221167.mp3,Jazz,train,Chick Corea - The Ultimate Adventure - 15 - Planes Of Existence Part 1,Planes Of Existence  Part 1,Chick Corea,The Ultimate Adventure,2006,
Entire_music/test/Jazz_22/221168.mp3,Jazz,test,Chick Corea - The Ultimate Adventure - 16 - Arabian Nights Part 1,Arabian Nights  Part 1,Chick Corea,The Ultimate Adventure,2006,
Entire_music/train/Jazz_22/221169.mp3,Jazz,train,Chick Corea - The Ultimate Adventure - 17 - Arabian Nights Part 2,Arabian Nights  Part 2,Chick Corea,The Ultimate Adventure,2006,
Entire_music/train/Jazz_22/221170.mp3,Jazz,train,Chick Corea - The Ultimate Adventure - 18 - Gods & Devils,Gods & Devils,Chick Corea,The Ultimate Adventure,2006,
Entire_music/train/Jazz_22/221171.mp3,Jazz,train,Chick Corea - The Ultimate Adventure - 19 - Planes Of Existence Part 2,Planes Of Existence  Part 2,Chick Corea,The Ultimate Adventure,2006,
Entire_music/train/Jazz_22/221172.mp3,Jazz,train,Chick Corea - Touchstone - 01 - Touchstone,Touchstone,Chick Corea,Touchstone,1973,
Entire_music/train/Jazz_22/221173.mp3,Jazz,train,Chick Corea - Touchstone - 02 - The Yellow Nimbus,The Yellow Nimbus,Chick Corea,Touchstone,1973,
Entire_music/train/Jazz_22/221174.mp3,Jazz,train,Chick Corea - Touchstone - 03 - Duende,Duende,Chick Corea,Touchstone,1973,
Entire_music/test/Jazz_22/221175.mp3,Jazz,test,Chick Corea - Touchstone - 04 - Compadres,Compadres,Chick Corea,Touchstone,1973,
Entire_music/test/Jazz_22/221176.mp3,Jazz,test,Chick Corea - Touchstone - 05 - Estancia,Estancia,Chick Corea,Touchstone,1973,
Entire_music/train/Jazz_22/221177.mp3,Jazz,train,Chick Corea - Touchstone - 06 - Dance Of Chance,Dance Of Chance,Chick Corea,Touchstone,1973,
Entire_music/train/Jazz_22/221178.mp3,Jazz,train,Chick Corea Akoustic Band - 01 - Bessie's Blues,Bessie's Blues.mp3,Chich Corea,Summer Night Live,,
Entire_music/train/Jazz_22/221179.mp3,Jazz,train,Chick Corea Akoustic Band - 02 - Summer Night,Summer Night.mp3,Chich Corea,Summer Night Live,,
Entire_music/val/Jazz_22/221180.mp3,Jazz,val,Chick Corea Akoustic Band - 05 - Think Of One,Think Of One,Chick Corea Akoustic Band,,,
Entire_music/train/Jazz_22/221181.mp3,Jazz,train,Chick Corea Best Songs-Chick Corea GREATEST HITS (FULL ALBUM),Chick Corea Best Songs-Chick Corea GREATEST HITS,Chick Corea,,,
Entire_music/train/Jazz_22/221182.mp3,Jazz,train,Chick Corea Elektric Band - 01City Gate,City Gate,Chick Corea Elektric Band,The Chick Corea Elektric Band,,
Entire_music/train/Jazz_22/221183.mp3,Jazz,train,Chick Corea Elektric Band - 02Rumble,Rumble,Chick Corea Elektric Band,The Chick Corea Elektric Band,,
Entire_music/train/Jazz_22/221184.mp3,Jazz,train,Chick Corea Elektric Band - 03Side Walk,Side Walk,Chick Corea Elektric Band,The Chick Corea Elektric Band,,
Entire_music/train/Jazz_22/221185.mp3,Jazz,train,Chick Corea Elektric Band - 04Cool Weasel Boogie,Cool Weasel Boogie,Chick Corea Elektric Band,The Chick Corea Elektric Band,,
Entire_music/test/Jazz_22/221186.mp3,Jazz,test,Chick Corea Elektric Band - 05Got a Match¿,Got a Match?,Chick Corea Elektric Band,The Chick Corea Elektric Band,,
Entire_music/train/Jazz_22/221187.mp3,Jazz,train,Chick Corea Elektric Band - 06Elektric City,Elektric City,Chick Corea Elektric Band,The Chick Corea Elektric Band,,
Entire_music/train/Jazz_22/221188.mp3,Jazz,train,Chick Corea Elektric Band - 07No Zone,No Zone,Chick Corea Elektric Band,The Chick Corea Elektric Band,,
Entire_music/test/Jazz_22/221189.mp3,Jazz,test,Chick Corea Elektric Band - 08King Cockroach,King Cockroach,Chick Corea Elektric Band,The Chick Corea Elektric Band,,
Entire_music/train/Jazz_22/221190.mp3,Jazz,train,Chick Corea Elektric Band - 09India Town,India Town,Chick Corea Elektric Band,The Chick Corea Elektric Band,,
Entire_music/train/Jazz_22/221191.mp3,Jazz,train,Chick Corea Elektric Band - 10All Love,All Love,Chick Corea Elektric Band,The Chick Corea Elektric Band,,
Entire_music/train/Jazz_22/221192.mp3,Jazz,train,Chick Corea Elektric Band - 11Silver Temple,Silver Temple,Chick Corea Elektric Band,The Chick Corea Elektric Band,,
Entire_music/train/Jazz_22/221193.mp3,Jazz,train,Chick Corea Works 01 Addendum,Addendum,Chick Corea,Works,1985,
Entire_music/train/Jazz_22/221194.mp3,Jazz,train,Chick Corea Works 02 Where are you now,Where are you now,Chick Corea,Works,1985,
Entire_music/train/Jazz_22/221195.mp3,Jazz,train,Chick Corea Works 03 Noon song,Noon song,Chick Corea,Works,1985,
Entire_music/train/Jazz_22/221196.mp3,Jazz,train,Chick Corea Works 04 Children's song,Children's song,Chick Corea,Works,1985,
Entire_music/train/Jazz_22/221197.mp3,Jazz,train,Chick Corea Works 05 Brasilia,Brasilia,Chick Corea,Works,1985,
Entire_music/train/Jazz_22/221198.mp3,Jazz,train,Chick Corea Works 06 Slippery when wet,Slippery when wet,Chick Corea,Works,1985,
Entire_music/train/Jazz_22/221199.mp3,Jazz,train,Chick Corea Works 07 Duet improvisation,Duet improvisation,Chick Corea,Works,1985,
Entire_music/train/Jazz_22/221200.mp3,Jazz,train,Chick Corea Works 08 A new place,A new place,Chick Corea,Works,1985,
Entire_music/train/Jazz_22/221201.mp3,Jazz,train,Chick Corea Works 09 La fiesta,La fiesta,Chick Corea,Works,1985,
Entire_music/train/Jazz_22/221202.mp3,Jazz,train,Chick Corea and Return to Forever - 01 - Hymn Of The Seventh Galaxy,Hymn Of The Seventh Galaxy,Chick Corea and Return to Forever,,,
Entire_music/train/Jazz_22/221203.mp3,Jazz,train,Chick Corea and Return to Forever - 02 - After the cosmic rain,After The Cosmic Rain,Chick Corea-Return To Forever,Return To Forever - Hymn Of The Seventh Galaxy,,
Entire_music/train/Jazz_22/221204.mp3,Jazz,train,Chick Corea and Return to Forever - 04 - Theme To The Mothership,Theme To The Mothership,Chick Corea and Return to Forever,,,
Entire_music/test/Jazz_22/221205.mp3,Jazz,test,Chick Corea and Return to Forever - 05 - Space Circus,Space Circus,Chick Corea and Return to Forever,,,
Entire_music/val/Jazz_22/221206.mp3,Jazz,val,Chick Corea and Return to Forever - 06 - The Game Maker,The Game Maker,Chick Corea and Return to Forever,,,
Entire_music/test/Jazz_22/221207.mp3,Jazz,test,Chick Corea and Touchstone - Rhumba Flamenco (Disk 2) - 01 - Mallorca,Mallorca,Chick Corea and Touchstone,Rhumba Flamenco (Disk 2),,
Entire_music/test/Jazz_22/221208.mp3,Jazz,test,Chick Corea and Touchstone - Rhumba Flamenco (Disk 2) - 02 - Kalimba,Kalimba,Chick Corea and Touchstone,Rhumba Flamenco (Disk 2),,
Entire_music/train/Jazz_22/221209.mp3,Jazz,train,Chick Corea and Touchstone - Rhumba Flamenco (Disk 2) - 03 - Alan Corday,Alan Corday,Chick Corea and Touchstone,Rhumba Flamenco (Disk 2),,
Entire_music/train/Jazz_22/221210.mp3,Jazz,train,Chick Corea and Touchstone - Rhumba Flamenco (Disk 2) - 04 - Anna's Tango,Anna's Tango,Chick Corea and Touchstone,Rhumba Flamenco (Disk 2),,
Entire_music/train/Jazz_22/221211.mp3,Jazz,train,Chick Corea and Touchstone - Rhumba Flamenco (Disk 2) - 05 - Rhumba Flamenco,Rhumba Flamenco,Chick Corea and Touchstone,Rhumba Flamenco (Disk 2),,
Entire_music/train/Jazz_22/221212.mp3,Jazz,train,"Chick Corea, Stanley Clarke, Al Dimeola, Lenny White - Return To Forever Live 1976",Return To Forever Live 1976,"Chick Corea, Stanley Clarke, Al Dimeola, Lenny White",,1976,
Entire_music/train/Jazz_22/221213.mp3,Jazz,train,Clarinet Marmalade Blues,CLARINET MARMALADE BLUES,EDISON RECORDS,,,
Entire_music/train/Jazz_22/221214.mp3,Jazz,train,Clifford Brown & Max Roach - 1956- FULL ALBUM,Clifford Brown & Max Roach,Clifford Brown & Max Roach,Clifford Brown & Max Roach,1956,
Entire_music/train/Jazz_22/221215.mp3,Jazz,train,Coleman Hawkins Supreme,Supreme,Coleman Hawkins,,,
Entire_music/train/Jazz_22/221216.mp3,Jazz,train,Count Basie Orchestra - The Complete Atomic Basie -1957- FULL ALBUM,The Complete Atomic Basie,Count Basie Orchestra,The Complete Atomic Basie,1957,
Entire_music/val/Jazz_22/221217.mp3,Jazz,val,Dangerous Blues,Dangerous Blues,,,,
Entire_music/test/Jazz_22/221218.mp3,Jazz,test,Dave Brubeck The Essential,Dave Brubeck The Essential,Dave Brubeck,,,
Entire_music/train/Jazz_22/221219.mp3,Jazz,train,Dixieland One-Step(1st Jazz Record released 1917),Dixieland One-Step,Original Dixieland Jass Band,,1917,
Entire_music/val/Jazz_22/221220.mp3,Jazz,val,Dont You Worry Bout A Thing - Jacob Collier,Dont You Worry Bout A Thing,Jacob Collier,,,
Entire_music/train/Jazz_22/221221.mp3,Jazz,train,Down The Line (Audio) - Jacob Collier,Down The Line,Jacob Collier,,,
Entire_music/test/Jazz_22/221222.mp3,Jazz,test,Down in Old New Orleans,Down In Old New Orleans,Original Dixieland Jazz Band,Anniversary Of A Jazz Legend 1889-1999,,
Entire_music/train/Jazz_22/221223.mp3,Jazz,train,Duke Ellington - 01 - Cotton Club Stomp,Cotton Club Stomp,Duke Ellington,CD2 - Cotton Club Days,,
Entire_music/train/Jazz_22/221224.mp3,Jazz,train,Duke Ellington - 01 - East St.Louis Toodle-oo,East St.Louis Toodle-oo,Duke Ellington,CD1 - The Jungle Band,,
Entire_music/train/Jazz_22/221225.mp3,Jazz,train,Duke Ellington - 01 - Frankie and Johnny,Frankie and Johnny,Duke Ellington,CD4 - Duke's Encore,,
Entire_music/val/Jazz_22/221226.mp3,Jazz,val,Duke Ellington - 01 - Jack the Bear,Jack the Bear,Duke Ellington,CD3 - The Famous Days,,
Entire_music/train/Jazz_22/221227.mp3,Jazz,train,Duke Ellington - 02 - Creole Love Call,Creole Love Call,Duke Ellington,CD1 - The Jungle Band,,
Entire_music/val/Jazz_22/221228.mp3,Jazz,val,Duke Ellington - 02 - Double Check Stomp,Double Check Stomp,Duke Ellington,CD2 - Cotton Club Days,,
Entire_music/train/Jazz_22/221229.mp3,Jazz,train,Duke Ellington - 02 - Koko,Koko,Duke Ellington,CD3 - The Famous Days,,
Entire_music/train/Jazz_22/221230.mp3,Jazz,train,Duke Ellington - 02 - Rockabye River,Rockabye River,Duke Ellington,CD4 - Duke's Encore,,
Entire_music/val/Jazz_22/221231.mp3,Jazz,val,Duke Ellington - 03 - Concerto for Cootie,Concerto for Cootie,Duke Ellington,CD3 - The Famous Days,,
Entire_music/train/Jazz_22/221232.mp3,Jazz,train,Duke Ellington - 03 - Ring dem Bells,Ring dem Bells,Duke Ellington,CD2 - Cotton Club Days,,
Entire_music/train/Jazz_22/221233.mp3,Jazz,train,Duke Ellington - 03 - Suddenly it Jumped,Suddenly it Jumped,Duke Ellington,CD4 - Duke's Encore,,
Entire_music/train/Jazz_22/221234.mp3,Jazz,train,Duke Ellington - 03 - The Blues I Love to Sing,The Blues I Love to Sing,Duke Ellington,CD1 - The Jungle Band,,
Entire_music/val/Jazz_22/221235.mp3,Jazz,val,Duke Ellington - 04 - Black and Tan Fantasy,Black and Tan Fantasy,Duke Ellington,CD1 - The Jungle Band,,
Entire_music/train/Jazz_22/221236.mp3,Jazz,train,Duke Ellington - 04 - Cotton Tail,Cotton Tail,Duke Ellington,CD3 - The Famous Days,,
Entire_music/train/Jazz_22/221237.mp3,Jazz,train,Duke Ellington - 04 - Mood Indigo,Mood Indigo,Duke Ellington,CD2 - Cotton Club Days,,
Entire_music/train/Jazz_22/221238.mp3,Jazz,train,Duke Ellington - 04 - Transblucency,Transblucency,Duke Ellington,CD4 - Duke's Encore,,
Entire_music/train/Jazz_22/221239.mp3,Jazz,train,Duke Ellington - 05 - Just Squeeze me,Just Squeeze me,Duke Ellington,CD4 - Duke's Encore,,
Entire_music/train/Jazz_22/221240.mp3,Jazz,train,Duke Ellington - 05 - Never no Lament,Never no Lament,Duke Ellington,CD3 - The Famous Days,,
Entire_music/val/Jazz_22/221241.mp3,Jazz,val,Duke Ellington - 05 - Rockin in Rythm,Rockin in Rythm,Duke Ellington,CD2 - Cotton Club Days,,
Entire_music/train/Jazz_22/221242.mp3,Jazz,train,Duke Ellington - 05 - Washington Wobble,Washington Wobble,Duke Ellington,CD1 - The Jungle Band,,
Entire_music/train/Jazz_22/221243.mp3,Jazz,train,Duke Ellington - 06 - Beale Street Blues,Beale Street Blues,Duke Ellington,CD4 - Duke's Encore,,
Entire_music/test/Jazz_22/221244.mp3,Jazz,test,Duke Ellington - 06 - Echoes of the Jungle,Echoes of the Jungle,Duke Ellington,CD2 - Cotton Club Days,,
Entire_music/train/Jazz_22/221245.mp3,Jazz,train,Duke Ellington - 06 - Harlem River Quiver,Harlem River Quiver,Duke Ellington,CD1 - The Jungle Band,,
Entire_music/train/Jazz_22/221246.mp3,Jazz,train,Duke Ellington - 06 - In a Mellotone,In a Mellotone,Duke Ellington,CD3 - The Famous Days,,
Entire_music/train/Jazz_22/221247.mp3,Jazz,train,Duke Ellington - 07 - Blues Bubbles,Blues Bubbles,Duke Ellington,CD1 - The Jungle Band,,
Entire_music/train/Jazz_22/221248.mp3,Jazz,train,Duke Ellington - 07 - It dont mean athing,It dont mean athing,Duke Ellington,CD2 - Cotton Club Days,,
Entire_music/val/Jazz_22/221249.mp3,Jazz,val,Duke Ellington - 07 - Swamp Fire,Swamp Fire,Duke Ellington,CD4 - Duke's Encore,,
Entire_music/train/Jazz_22/221250.mp3,Jazz,train,Duke Ellington - 07 - Warm Valley,Warm Valley,Duke Ellington,CD3 - The Famous Days,,
Entire_music/train/Jazz_22/221251.mp3,Jazz,train,Duke Ellington - 08 - Baby when you aint there,Baby when you aint there,Duke Ellington,CD2 - Cotton Club Days,,
Entire_music/train/Jazz_22/221252.mp3,Jazz,train,Duke Ellington - 08 - Chloe,Chloe,Duke Ellington,CD3 - The Famous Days,,
Entire_music/train/Jazz_22/221253.mp3,Jazz,train,Duke Ellington - 08 - Esquire Swank,Esquire Swank,Duke Ellington,CD4 - Duke's Encore,,
Entire_music/train/Jazz_22/221254.mp3,Jazz,train,Duke Ellington - 08 - Take it Easy,Take it Easy,Duke Ellington,CD1 - The Jungle Band,,
Entire_music/val/Jazz_22/221255.mp3,Jazz,val,Duke Ellington - 09 - Black Beauty,Black Beauty,Duke Ellington,CD1 - The Jungle Band,,
Entire_music/train/Jazz_22/221256.mp3,Jazz,train,Duke Ellington - 09 - Ducky Wucky,Ducky Wucky,Duke Ellington,CD2 - Cotton Club Days,,
Entire_music/val/Jazz_22/221257.mp3,Jazz,val,Duke Ellington - 09 - Midriff,Midriff,Duke Ellington,CD4 - Duke's Encore,,
Entire_music/train/Jazz_22/221258.mp3,Jazz,train,Duke Ellington - 09 - Take the a Train,Take the a Train,Duke Ellington,CD3 - The Famous Days,,
Entire_music/train/Jazz_22/221259.mp3,Jazz,train,Duke Ellington - 10 - Jam a Ditty,Jam a Ditty,Duke Ellington,CD4 - Duke's Encore,,
Entire_music/train/Jazz_22/221260.mp3,Jazz,train,Duke Ellington - 10 - John Hardys Wife,John Hardys Wife,Duke Ellington,CD3 - The Famous Days,,
Entire_music/train/Jazz_22/221261.mp3,Jazz,train,Duke Ellington - 10 - Jubilee Stomp,Jubilee Stomp,Duke Ellington,CD1 - The Jungle Band,,
Entire_music/train/Jazz_22/221262.mp3,Jazz,train,Duke Ellington - 10 - Sophisticated Lady,Sophisticated Lady,Duke Ellington,CD2 - Cotton Club Days,,
Entire_music/train/Jazz_22/221263.mp3,Jazz,train,Duke Ellington - 11 - Blue Serge,Blue Serge,Duke Ellington,CD3 - The Famous Days,,
Entire_music/test/Jazz_22/221264.mp3,Jazz,test,Duke Ellington - 11 - Got Everything but you,Got Everything but you,Duke Ellington,CD1 - The Jungle Band,,
Entire_music/train/Jazz_22/221265.mp3,Jazz,train,Duke Ellington - 11 - Harlem Speaks,Harlem Speaks,Duke Ellington,CD2 - Cotton Club Days,,
Entire_music/train/Jazz_22/221266.mp3,Jazz,train,Duke Ellington - 11 - Hy'a Sue,Hy'a Sue,Duke Ellington,CD4 - Duke's Encore,,
Entire_music/train/Jazz_22/221267.mp3,Jazz,train,Duke Ellington - 12 - Clementine,Clementine,Duke Ellington,CD3 - The Famous Days,,
Entire_music/train/Jazz_22/221268.mp3,Jazz,train,Duke Ellington - 12 - Lady of the Lavender Mist,Lady of the Lavender Mist,Duke Ellington,CD4 - Duke's Encore,,
Entire_music/val/Jazz_22/221269.mp3,Jazz,val,Duke Ellington - 12 - Move over,Move over,Duke Ellington,CD1 - The Jungle Band,,
Entire_music/train/Jazz_22/221270.mp3,Jazz,train,Duke Ellington - 12 - Solitude,Solitude,Duke Ellington,CD2 - Cotton Club Days,,
Entire_music/test/Jazz_22/221271.mp3,Jazz,test,Duke Ellington - 13 - Five o'Clock Drag,Five o'Clock Drag,Duke Ellington,CD3 - The Famous Days,,
Entire_music/train/Jazz_22/221272.mp3,Jazz,train,Duke Ellington - 13 - Golden Cress,Golden Cress,Duke Ellington,CD4 - Duke's Encore,,
Entire_music/test/Jazz_22/221273.mp3,Jazz,test,Duke Ellington - 13 - Hot and bothered,Hot and bothered,Duke Ellington,CD1 - The Jungle Band,,
Entire_music/train/Jazz_22/221274.mp3,Jazz,train,Duke Ellington - 13 - Stompy Jones,Stompy Jones,Duke Ellington,CD2 - Cotton Club Days,,
Entire_music/val/Jazz_22/221275.mp3,Jazz,val,Duke Ellington - 14 - Merry Go Round,Merry Go Round,Duke Ellington,CD2 - Cotton Club Days,,
Entire_music/train/Jazz_22/221276.mp3,Jazz,train,Duke Ellington - 14 - Perdido,Perdido,Duke Ellington,CD3 - The Famous Days,,
Entire_music/train/Jazz_22/221277.mp3,Jazz,train,Duke Ellington - 14 - Sultry Serenade,Sultry Serenade,Duke Ellington,CD4 - Duke's Encore,,
Entire_music/train/Jazz_22/221278.mp3,Jazz,train,Duke Ellington - 14 - The Mooche,The Mooche,Duke Ellington,CD1 - The Jungle Band,,
Entire_music/train/Jazz_22/221279.mp3,Jazz,train,Duke Ellington - 15 - Diga Diga Doo,Diga Diga Doo,Duke Ellington,CD1 - The Jungle Band,,
Entire_music/train/Jazz_22/221280.mp3,Jazz,train,Duke Ellington - 15 - Echoes of Harlem,Echoes of Harlem,Duke Ellington,CD2 - Cotton Club Days,,
Entire_music/test/Jazz_22/221281.mp3,Jazz,test,Duke Ellington - 15 - Stop Look and Listen,Stop Look and Listen,Duke Ellington,CD4 - Duke's Encore,,
Entire_music/test/Jazz_22/221282.mp3,Jazz,test,Duke Ellington - 15 - The C Jam Blues,The C Jam Blues,Duke Ellington,CD3 - The Famous Days,,
Entire_music/train/Jazz_22/221283.mp3,Jazz,train,Duke Ellington - 16 - Air Conditioned Jungle,Air Conditioned Jungle,Duke Ellington,CD4 - Duke's Encore,,
Entire_music/test/Jazz_22/221284.mp3,Jazz,test,Duke Ellington - 16 - Clarinet Lament,Clarinet Lament,Duke Ellington,CD2 - Cotton Club Days,,
Entire_music/val/Jazz_22/221285.mp3,Jazz,val,Duke Ellington - 16 - Goin' to Town,Goin` to Town,Duke Ellington,CD1 - The Jungle Band,,
Entire_music/train/Jazz_22/221286.mp3,Jazz,train,Duke Ellington - 16 - Main Stem,Main Stem,Duke Ellington,CD3 - The Famous Days,,
Entire_music/test/Jazz_22/221287.mp3,Jazz,test,Duke Ellington - 17 - Caravan,Caravan,Duke Ellington,CD2 - Cotton Club Days,,
Entire_music/train/Jazz_22/221288.mp3,Jazz,train,Duke Ellington - 17 - I'm Beginning to see the Light,I'm Beginning to see the Light,Duke Ellington,CD3 - The Famous Days,,
Entire_music/train/Jazz_22/221289.mp3,Jazz,train,Duke Ellington - 17 - Three Cent Stomp,Three Cent Stomp,Duke Ellington,CD4 - Duke's Encore,,
Entire_music/train/Jazz_22/221290.mp3,Jazz,train,Duke Ellington - 17 - Tiger Rag,Tiger Rag,Duke Ellington,CD1 - The Jungle Band,,
Entire_music/train/Jazz_22/221291.mp3,Jazz,train,Duke Ellington - 18 - Carnegie Blues,Carnegie Blues,Duke Ellington,CD3 - The Famous Days,,
Entire_music/train/Jazz_22/221292.mp3,Jazz,train,Duke Ellington - 18 - Dimnuendo and Crescendo in Blue,Dimnuendo and Crescendo in Blue,Duke Ellington,CD2 - Cotton Club Days,,
Entire_music/train/Jazz_22/221293.mp3,Jazz,train,Duke Ellington - 18 - Misty Mornin,Misty Mornin,Duke Ellington,CD1 - The Jungle Band,,
Entire_music/train/Jazz_22/221294.mp3,Jazz,train,Duke Ellington - 18 - Progressive Gavote,Progressive Gavote,Duke Ellington,CD4 - Duke's Encore,,
Entire_music/train/Jazz_22/221295.mp3,Jazz,train,Duke Ellington - 19 - Doin' the Voom Voom,Doin' the Voom Voom,Duke Ellington,CD1 - The Jungle Band,,
Entire_music/train/Jazz_22/221296.mp3,Jazz,train,Duke Ellington - 19 - How High the Moon,How High the Moon,Duke Ellington,CD4 - Duke's Encore,,
Entire_music/train/Jazz_22/221297.mp3,Jazz,train,Duke Ellington - 19 - Prelude to a Kiss,Prelude to a Kiss,Duke Ellington,CD2 - Cotton Club Days,,
Entire_music/train/Jazz_22/221298.mp3,Jazz,train,Duke Ellington - 19 - The Mood to be Wood,The Mood to be Wood,Duke Ellington,CD3 - The Famous Days,,
Entire_music/train/Jazz_22/221299.mp3,Jazz,train,Duke Ellington - 20 - Singin' in the Rain,Singin' in the Rain,Duke Ellington,CD4 - Duke's Encore,,
Entire_music/train/Jazz_22/221300.mp3,Jazz,train,Duke Ellington - 20 - The Duke Steps Out,The Duke Steps Out,Duke Ellington,CD1 - The Jungle Band,,
Entire_music/train/Jazz_22/221301.mp3,Jazz,train,Duke Ellington - 20 - Things aint what they used to be,Things aint what they used to be,Duke Ellington,CD3 - The Famous Days,,
Entire_music/train/Jazz_22/221302.mp3,Jazz,train,Duke Ellington - 20 - Trumpet in Spades,Trumpet in Spades,Duke Ellington,CD2 - Cotton Club Days,,
Entire_music/train/Jazz_22/221303.m4a,Jazz,train,EGo WRappin,かつて..。,EGO-WRAPPIN',満ち汐のロマンス,2001,
Entire_music/train/Jazz_22/221304.mp3,Jazz,train,"Earth, Wind & Fire Greatest Hits Best Songs of Earth, Wind & Fire Full Album Earth, Wind & Fire","Earth, Wind & Fire Greatest Hits Best Songs of Earth, Wind & Fire Earth, Wind & Fire","Earth, Wind & Fire",,,
Entire_music/train/Jazz_22/221305.mp3,Jazz,train,Eh-La-Bas,Eh-La-Bas,,,,
Entire_music/train/Jazz_22/221306.mp3,Jazz,train,Ellington & Coltrane - 01 - In a sentimental mood,In a sentimental mood,Ellington & Coltrane,Duke Ellington & John Coltrane,1962,
Entire_music/train/Jazz_22/221307.mp3,Jazz,train,Ellington & Coltrane - 02 - Take the Coltrane,Take the Coltrane,Ellington & Coltrane,Duke Ellington & John Coltrane,1962,
Entire_music/train/Jazz_22/221308.mp3,Jazz,train,Ellington & Coltrane - 03 - Big Nick,Big Nick,Ellington & Coltrane,Duke Ellington & John Coltrane,1962,
Entire_music/test/Jazz_22/221309.mp3,Jazz,test,Ellington & Coltrane - 04 - Stevie,Stevie,Ellington & Coltrane,Duke Ellington & John Coltrane,1962,
Entire_music/train/Jazz_22/221310.mp3,Jazz,train,Ellington & Coltrane - 05 - My little brown book,My little brown book,Ellington & Coltrane,Duke Ellington & John Coltrane,1962,
Entire_music/train/Jazz_22/221311.mp3,Jazz,train,Ellington & Coltrane - 06 - Angelica,Angelica,Ellington & Coltrane,Duke Ellington & John Coltrane,1962,
Entire_music/train/Jazz_22/221312.mp3,Jazz,train,Ellington & Coltrane - 07 - The feeling of jazz,The feeling of jazz,Ellington & Coltrane,Duke Ellington & John Coltrane,1962,
Entire_music/train/Jazz_22/221313.mp3,Jazz,train,Eric Dolphy – Out To Lunch! (1964),Out To Lunch!,Eric Dolphy,,1964,
Entire_music/train/Jazz_22/221314.mp3,Jazz,train,Esperanza Spalding Best Songs - Esperanza Spalding Greatest Hits Full Album,Esperanza Spalding Best Songs - Esperanza Spalding Greatest Hits,Esperanza Spalding,,,
Entire_music/train/Jazz_22/221315.mp3,Jazz,train,Fascinating Rhythm - Jacob Collier,Fascinating Rhythm,Jacob Collier,,,
Entire_music/train/Jazz_22/221316.mp3,Jazz,train,Fidgety Feet,Fidgety Feet,,,,
Entire_music/train/Jazz_22/221317.mp3,Jazz,train,Firehouse Five Plus 2,Firehouse Five Plus 2,,,,
Entire_music/train/Jazz_22/221318.mp3,Jazz,train,Flintstones - Jacob Collier,Flintstones,Jacob Collier,,,
Entire_music/train/Jazz_22/221319.mp3,Jazz,train,Gerry Mulligan Quartet The Complete Pacific Jazz Recordings With Chet Baker Vol 3 — The Reunion,The Reunion,Gerry Mulligan Quartet,The Complete Pacific Jazz Recordings With Chet Baker Vol 3,,
Entire_music/train/Jazz_22/221320.mp3,Jazz,train,Hajanga - Jacob Collier,Hajanga,Jacob Collier,,,
Entire_music/train/Jazz_22/221321.mp3,Jazz,train,Hancock.jass,Hancock.jass,,,,
Entire_music/test/Jazz_22/221322.mp3,Jazz,test,Head Hunters Herbie Hancock 1973 Full Album,Head Hunters,Herbie Hancock,Head Hunters,1973,
Entire_music/train/Jazz_22/221323.mp3,Jazz,train,Herbie Hancock - 2005 - Possibilities - 03 - A Song For You (Feat. Christina Aguilera),A Song For You (Feat. Christin,Herbie Hancock,Possibilities,2005,
Entire_music/train/Jazz_22/221324.mp3,Jazz,train,Herbie Hancock - And What if I Don't,And What if I Don't,Herbie Hancock,Cantaloupe Island,,
Entire_music/test/Jazz_22/221325.mp3,Jazz,test,"Herbie Hancock - Blind Man, Blind Man","Blind Man, Blind Man",Herbie Hancock,Cantaloupe Island,,
Entire_music/train/Jazz_22/221326.mp3,Jazz,train,Herbie Hancock - Driftin',Driftin',Herbie Hancock,Cantaloupe Island,,
Entire_music/train/Jazz_22/221327.mp3,Jazz,train,Herbie Hancock - Maiden Voyage,Maiden Voyage,Herbie Hancock,Cantaloupe Island,,
Entire_music/train/Jazz_22/221328.mp3,Jazz,train,Herbie Hancock - Possibilities - 07 - When Love Comes To Town (Feat. Joss Stone and Jonny Lang),When Love Comes To Town (Feat. Joss Stone and Jonny Lang),Herbie Hancock,Possibilities,2005,
Entire_music/train/Jazz_22/221329.mp3,Jazz,train,Herbie Hancock - Possibilities - 08 - Dont Explain (Feat. Damien Rice and Lisa Hannigan),Don't Explain (Feat. Damien Rice and Lisa Hannigan),Herbie Hancock,Possibilities,2005,Arthur Herzog Jr./Billie Holiday
Entire_music/train/Jazz_22/221330.mp3,Jazz,train,Herbie Hancock - Possibilities - 10 - I Just Called To Say I Love You (Feat. Raul Midon),I Just Called To Say I Love You (Feat. Raul Midon),Herbie Hancock,Possibilities,2005,
Entire_music/train/Jazz_22/221331.mp3,Jazz,train,Herbie Hancock - Watermelon Man,Watermelon Man,Herbie Hancock,Cantaloupe Island,,
Entire_music/train/Jazz_22/221332.mp3,Jazz,train,Hideaway – Jacob Collier,Hideaway,Jacob Collier,,,
Entire_music/train/Jazz_22/221333.mp3,Jazz,train,J O H N Coltrane - Greatest Hits The Best Of J O H N Coltrane,Greatest Hits The Best Of J O H N Coltrane,JOHN Coltrane,,,
Entire_music/val/Jazz_22/221334.mp3,Jazz,val,Jacob Collier - In My Room,In My Room,Jacob Collier,,,
Entire_music/train/Jazz_22/221335.mp3,Jazz,train,Jacob Collier - You And I,You And I,Jacob Collier,,,
Entire_music/val/Jazz_22/221336.mp3,Jazz,val,Jamiroquai DJ Mix by JaBig (Acid Jazz Funk Music Rock Deep House Lounge Compilation Playlist),Jamiroquai DJ Mix by JaBig (Acid Jazz Funk Music Rock Deep House Lounge Compilation Playlist),Jamiroquai,,,
Entire_music/train/Jazz_22/221337.m4a,Jazz,train,John Coltrane - Naima - 1965,Naima,John Coltrane,,1965,
Entire_music/train/Jazz_22/221338.mp3,Jazz,train,John Coltrane And Dave Brubeck - Take Five,Take Five,The Shadows,,,
Entire_music/train/Jazz_22/221339.mp3,Jazz,train,Jaco Pastorius - 1976 Greatest Hits - Jaco Pastorius (Full Album),1976 Greatest Hits - Jaco Pastorius,Jaco Pastorius,,,
Entire_music/train/Jazz_22/221340.mp3,Jazz,train,King Oliver and His Dixie Syncopators,,King Oliver and His Dixie Syncopators,,,
Entire_music/val/Jazz_22/221341.mp3,Jazz,val,Light Years - 01 - Light Years,Light Years,Chick Corea,Light Years,1987,
Entire_music/val/Jazz_22/221342.mp3,Jazz,val,Light Years - 02 - Second Sight,Second Sight,Chick Corea,Light Years,1987,
Entire_music/train/Jazz_22/221343.mp3,Jazz,train,Light Years - 03 - Flamingo,Flamingo,Chick Corea,Light Years,1987,
Entire_music/train/Jazz_22/221344.mp3,Jazz,train,Light Years - 04 - Prism,Prism,Chick Corea,Light Years,1987,
Entire_music/train/Jazz_22/221345.mp3,Jazz,train,Light Years - 05 - Time,Time,Chick Corea,Light Years,1987,
Entire_music/train/Jazz_22/221346.mp3,Jazz,train,Light Years - 06 - Starlight,Starlight,Chick Corea,Light Years,1987,
Entire_music/train/Jazz_22/221347.mp3,Jazz,train,Light Years - 07 - Your Eyes,Your Eyes,Chick Corea,Light Years,1987,
Entire_music/train/Jazz_22/221348.mp3,Jazz,train,Light Years - 08 - The Dragon,The Dragon,Chick Corea,Light Years,1987,
Entire_music/train/Jazz_22/221349.mp3,Jazz,train,Light Years - 09 - View From The Outside,View From The Outside,Chick Corea,Light Years,1987,
Entire_music/train/Jazz_22/221350.mp3,Jazz,train,Light Years - 10 - Smokescreen,Smokescreen,Chick Corea,Light Years,1987,
Entire_music/train/Jazz_22/221351.mp3,Jazz,train,Light Years - 11 - Hymn Of The Heart,Hymn Of The Heart,Chick Corea,Light Years,1987,
Entire_music/train/Jazz_22/221352.mp3,Jazz,train,Light Years - 12 - Kaleidoscope,Kaleidoscope,Chick Corea,Light Years,1987,
Entire_music/train/Jazz_22/221353.mp3,Jazz,train,"Là, si on vous faisait plaisir...","Là, si on vous faisait plaisir...",,,,
Entire_music/test/Jazz_22/221354.mp3,Jazz,test,M Davis Bitches Brew 1970Full Album] HD 1080p (1),Bitches Brew,Miles Davis,Bitches Brew,1970,
Entire_music/train/Jazz_22/221355.mp3,Jazz,train,MAHAVISHNU ORCHESTRA - The Inner Mounting Flame (1971) [ FULL ALBUM ],The Inner Mounting Flame,MAHAVISHNU ORCHESTRA,The Inner Mounting Flame,1971,
Entire_music/train/Jazz_22/221356.mp3,Jazz,train,Marcus Miller & Jaco Pastorius - Teen Town,Marcus Miller & Jaco Pastorius - Teen Town,Marcus Miller & Jaco Pastorius,Fusion,,
Entire_music/train/Jazz_22/221357.mp3,Jazz,train,Margie,Margie,Original Dixieland Jazz Band,The Complete Original Dixieland Jazz Band (1917-1936),,Conrad/Robinson
Entire_music/train/Jazz_22/221358.mp3,Jazz,train,Modern Jazz Quartet and Jazz Quartet (2 Hours of Best Smooth Jazz Quartet Music),Modern Jazz Quartet and Jazz Quartet (2 Hours of Best Smooth Jazz Quartet Music),,,,
Entire_music/train/Jazz_22/221359.mp3,Jazz,train,Nass,Nass,,,,
Entire_music/train/Jazz_22/221360.mp3,Jazz,train,Nina Simone Greatest Hits Full Album - Best Of Nina Simone 2021 - Nina Simone Jazz Songs,Nina Simone Greatest Hits - Best Of Nina Simone 2021 - Nina Simone Jazz Songs,Nina Simone,,,
Entire_music/train/Jazz_22/221361.mp3,Jazz,train,O melhor de Sidney Bechet 1 hora de JAZZ,O melhor de Sidney Bechet 1 hora de JAZZ,Sidney Bechet,,,
Entire_music/val/Jazz_22/221362.mp3,Jazz,val,Ornette Coleman - Free Jazz (1961) (Full Album),Free Jazz,Ornette Coleman,Free Jazz,1961,
Entire_music/train/Jazz_22/221363.mp3,Jazz,train,Ornette Coleman - The Shape of Jazz to Come (1959) - [Smooth Jazz Sax Recordings],The Shape of Jazz to Come (1959) [Smooth Jazz Sax Recordings],Ornette Coleman,,1959,
Entire_music/train/Jazz_22/221364.mp3,Jazz,train,Ostrich Walk 18-3-1918,Ostrich Walk 18-3-1918,Original Dixieland Jazz Band,,1918,
Entire_music/train/Jazz_22/221365.mp3,Jazz,train,Ray Charles Greatest Hits - The Very Best Of Ray Charles - Ray Charles Collection,Ray Charles Greatest Hits - The Very Best Of Ray Charles - Ray Charles Collection,Ray Charles,,,
Entire_music/train/Jazz_22/221366.mp3,Jazz,train,Rob Anderson - Slap Bass Solo,Slap Bass Solo,Rob Anderson,,,
Entire_music/train/Jazz_22/221367.mp3,Jazz,train,Saviour - Jacob Collier,Saviour,Jacob Collier,,,
Entire_music/train/Jazz_22/221368.mp3,Jazz,train,Sonny Rollins -Saxophone Colossus -1957 (FULL ALBUM),Saxophone Colossus,Sonny Rollins,Saxophone Colossus,1957,
Entire_music/train/Jazz_22/221369.mp3,Jazz,train,Stan Getz Greatest Hits Collection - The Best Of Stan Getz - Instrumental Saxophone Music,Stan Getz Greatest Hits Collection - The Best Of Stan Getz - Instrumental Saxophone Music,Stan Getz,,,
Entire_music/train/Jazz_22/221370.mp3,Jazz,train,Stefano Bollani Ares Tavolazzi - Mambo Italiano - 01 - That's amore,That's amore,Stefano Bollani Ares Tavolazzi,Mambo Italiano,1997,Harry Warren/Jack Brooks
Entire_music/test/Jazz_22/221371.mp3,Jazz,test,Stefano Bollani Ares Tavolazzi - Mambo Italiano - 02 - Ev'rybody loves somebody,Ev'rybody loves somebody,Stefano Bollani Ares Tavolazzi,Mambo Italiano,1997,
Entire_music/val/Jazz_22/221372.mp3,Jazz,val,Stefano Bollani Ares Tavolazzi - Mambo Italiano - 03 - All in a night's work,All in a night's work,Stefano Bollani Ares Tavolazzi,Mambo Italiano,1997,
Entire_music/train/Jazz_22/221373.mp3,Jazz,train,Stefano Bollani Ares Tavolazzi - Mambo Italiano - 04 - I wish you love,I wish you love,Stefano Bollani Ares Tavolazzi,Mambo Italiano,1997,
Entire_music/train/Jazz_22/221374.mp3,Jazz,train,Stefano Bollani Ares Tavolazzi - Mambo Italiano - 05 - La Sicilia,La Sicilia,Stefano Bollani Ares Tavolazzi,Mambo Italiano,1997,
Entire_music/train/Jazz_22/221375.mp3,Jazz,train,Stefano Bollani Ares Tavolazzi - Mambo Italiano - 06 - Buonasera,Buonasera,Stefano Bollani Ares Tavolazzi,Mambo Italiano,1997,
Entire_music/train/Jazz_22/221376.mp3,Jazz,train,Stefano Bollani Ares Tavolazzi - Mambo Italiano - 07 - Innamorata,Innamorata,Stefano Bollani Ares Tavolazzi,Mambo Italiano,1997,
Entire_music/train/Jazz_22/221377.mp3,Jazz,train,Stefano Bollani Ares Tavolazzi - Mambo Italiano - 08 - I can't give you anything but love,I can't give you anything but love,Stefano Bollani Ares Tavolazzi,Mambo Italiano,1997,
Entire_music/train/Jazz_22/221378.mp3,Jazz,train,Stefano Bollani Ares Tavolazzi - Mambo Italiano - 09 - Ninna Nanna,Ninna Nanna,Stefano Bollani Ares Tavolazzi,Mambo Italiano,1997,
Entire_music/train/Jazz_22/221379.mp3,Jazz,train,Stefano Bollani Ares Tavolazzi - Mambo Italiano - 10 - I can't believe that you're in love with me,I can't believe that you're in love with me,Stefano Bollani Ares Tavolazzi,Mambo Italiano,1997,
Entire_music/train/Jazz_22/221380.mp3,Jazz,train,Stefano Bollani Ares Tavolazzi - Mambo Italiano - 11 - Mambo italiano,Mambo italiano,Stefano Bollani Ares Tavolazzi,Mambo Italiano,1997,
Entire_music/train/Jazz_22/221381.mp3,Jazz,train,Stefano Bollani Ares Tavolazzi - Mambo Italiano - 12 - Volare (nel blu dipinto di blu),Volare (nel blu dipinto di blu),Stefano Bollani Ares Tavolazzi,Mambo Italiano,1997,
Entire_music/train/Jazz_22/221382.mp3,Jazz,train,Stefano Bollani Trio - 2002 Venus 01 - Just One Of These Things,Just one of those things,Stefano Bollani,Venus,2002,
Entire_music/train/Jazz_22/221383.mp3,Jazz,train,Stefano Bollani Trio - 2002 Venus 02 - Black And Tan Fantasy,Black And Tan Fantasy,Stefano Bollani,Venus,2002,Duke Ellington
Entire_music/train/Jazz_22/221384.mp3,Jazz,train,Stefano Bollani Trio - 2002 Venus 03 - Day Dream,Day Dream,Stefano Bollani,Venus,2002,
Entire_music/train/Jazz_22/221385.mp3,Jazz,train,Stefano Bollani Trio - 2002 Venus 04 - I'm thru with love,I'm thru with love,Stefano Bollani,Venus,2002,
Entire_music/train/Jazz_22/221386.mp3,Jazz,train,Stefano Bollani Trio - 2002 Venus 05 - It's always you,It's always you,Stefano Bollani,Venus,2002,
Entire_music/train/Jazz_22/221387.mp3,Jazz,train,Stefano Bollani Trio - 2002 Venus 06 - It's you or no one,It's you or no one,Stefano Bollani,Venus,2002,
Entire_music/train/Jazz_22/221388.mp3,Jazz,train,Stefano Bollani Trio - 2002 Venus 07 - La ultima noche,La ultima noche,Stefano Bollani,Venus,2002,
Entire_music/train/Jazz_22/221389.mp3,Jazz,train,Stefano Bollani Trio - 2002 Venus 08 - Flower is a lovesome thing,Flower is a lovesome thing,Stefano Bollani,Venus,2002,
Entire_music/test/Jazz_22/221390.mp3,Jazz,test,Stefano Bollani Trio - 2002 Venus 09 - Sophisticated lady,Sophiscated Lady,Stefano Bollani,Venus,2002,
Entire_music/train/Jazz_22/221391.mp3,Jazz,train,Sun Ra – Exotica [Full Album] (Vol. 1 & 2),Exotica (Vol. 1 & 2),Sun Ra,Exotica (Vol. 1 & 2),,
Entire_music/train/Jazz_22/221392.mp3,Jazz,train,THE BEST OF BILL EVANS FULL ALBUM,THE BEST OF BILL EVANS,BILL EVANS,,,
Entire_music/val/Jazz_22/221393.mp3,Jazz,val,THE VERY BEST OF KEITH JARRETT (FULL ALBUM 2023),THE VERY BEST OF KEITH JARRETT,KEITH JARRETT,,,
Entire_music/train/Jazz_22/221394.mp3,Jazz,train,THE VERY BEST OF MICHEL PETRUCCIANI (FULL ALBUM),THE VERY BEST OF MICHEL PETRUCCIANI,MICHEL PETRUCCIANI,,,
Entire_music/train/Jazz_22/221395.m4a,Jazz,train,THELONIOUS MONK - Blue Monk,Blue Monk,THELONIOUS MONK,,,
Entire_music/test/Jazz_22/221396.mp3,Jazz,test,The Best Of Benny Goodman The King Of Swing Sing Sing Sing And All The Hits,The Best Of Benny Goodman The King Of Swing Sing Sing Sing And All The Hits,Benny Goodman,,,
Entire_music/train/Jazz_22/221397.mp3,Jazz,train,The Best Of Diana Krall Liver 2018 _ Diana Krall Greatest Hits Cover 2018,The Best Of Diana Krall Liver 2018 - Diana Krall Greatest Hits Cover 2018,Diana Krall,,,
Entire_music/train/Jazz_22/221398.mp3,Jazz,train,The Best Of Glenn Miller & His Orchestra Moonlight Serenade,The Best Of Glenn Miller & His Orchestra Moonlight Serenade,Glenn Miller & His Orchestra,,,
Entire_music/train/Jazz_22/221399.mp3,Jazz,train,The Best Of Louis Armstrong (2h),The Best Of Louis Armstrong (2h),Louis Armstrong,,,
Entire_music/train/Jazz_22/221400.mp3,Jazz,train,The Best Of M I L E S Davis - M I L E S Davis Greatest Hits - Jazz Night,The Best Of M I L E S Davis - M I L E S Davis Greatest Hits - Jazz Night,MILES Davis,,,
Entire_music/train/Jazz_22/221401.mp3,Jazz,train,The Best Of Pat Metheny - Pat Metheny Greatest Hits Full Album,The Best Of Pat Metheny - Pat Metheny Greatest Hits,Pat Metheny,,,
Entire_music/train/Jazz_22/221402.mp3,Jazz,train,The Best of Dizzy Gillespie,The Best of Dizzy Gillespie,Dizzy Gillespie,,,
Entire_music/train/Jazz_22/221403.mp3,Jazz,train,The Best of Duke Ellington - Duke Ellington Greatest Hits Full Album - Duke Ellington Best Songs,The Best of Duke Ellington - Duke Ellington Greatest Hits - Duke Ellington Best Songs,Duke Ellington,,,
Entire_music/test/Jazz_22/221404.mp3,Jazz,test,The Best of Jelly Roll Morton Jazz Music,The Best of Jelly Roll Morton Jazz Music,Jelly Roll Morton,,,
Entire_music/train/Jazz_22/221405.mp3,Jazz,train,The Very Best Of Ella Fitzgerald - Ella Fitzgerald Greatest Hits Full Album 2022,The Very Best Of Ella Fitzgerald - Ella Fitzgerald Greatest Hits 2022,Ella Fitzgerald,,,
Entire_music/train/Jazz_22/221406.mp3,Jazz,train,The Very Best of Art Tatum - Art Tatum Greatest Hits Full Album,The Very Best of Art Tatum - Art Tatum Greatest Hits,Art Tatum,,,
Entire_music/train/Jazz_22/221407.mp3,Jazz,train,The Very Best of Herbie Hancock - Herbie Hancock Greatest Hits Full Album Collection,The Very Best of Herbie Hancock - Herbie Hancock Greatest Hits Collection,Herbie Hancock,,,
Entire_music/train/Jazz_22/221408.mp3,Jazz,train,Thelonious Monk Greatest Hits Full Album - Best Of Thelonious Monk Playlist Collection,Thelonious Monk Greatest Hits - Best Of Thelonious Monk Playlist Collection,Thelonious Monk,,,
Entire_music/train/Jazz_22/221409.m4a,Jazz,train,Thelonious Monk Quartet - Monk In Denmark,Monk In Denmark,Thelonious Monk Quartet,,,
Entire_music/train/Jazz_22/221410.m4a,Jazz,train,Thelonious Monk Quartet with John Coltrane at Carnegie Hall,at Carnegie Hall,Thelonious Monk Quartet with John Coltrane,at Carnegie Hall,,
Entire_music/train/Jazz_22/221411.mp3,Jazz,train,,,,,,
Entire_music/train/Jazz_22/221412.mp3,Jazz,train,,,,,,
Entire_music/test/Jazz_22/221413.mp3,Jazz,test,,,,,,
Entire_music/train/Jazz_22/221414.mp3,Jazz,train,,,,,,
Entire_music/train/Jazz_22/221415.mp3,Jazz,train,,,,,,
Entire_music/train/Jazz_22/221416.mp3,Jazz,train,,,,,,
Entire_music/train/Jazz_22/221417.mp3,Jazz,train,,,,,,
Entire_music/train/Jazz_22/221418.mp3,Jazz,train,,,,,,
Entire_music/train/Jazz_22/221419.mp3,Jazz,train,,,,,,
Entire_music/test/Jazz_22/221420.mp3,Jazz,test,VJM03 Chick Corea 03 - Space Circus - Part One,Space Circus - part one,Chick Corea,Jazz Masters 3,,
Entire_music/train/Jazz_22/221421.mp3,Jazz,train,VJM03 Chick Corea 04 - Friends,Friends,Chick Corea,Jazz Masters 3,,
Entire_music/train/Jazz_22/221422.mp3,Jazz,train,VJM03 Chick Corea 06 - Children's Song No. 15,Children's Song No. 15,Chick Corea,Jazz Masters 3,,
Entire_music/test/Jazz_22/221423.mp3,Jazz,test,VJM03 Chick Corea 08 - Interplay,Interplay,Chick Corea,Jazz Masters 3,,
Entire_music/train/Jazz_22/221424.mp3,Jazz,train,Victor Wooten - Amazing Grace(bass solo),Amazing Grace(bass solo),Victor Wooten,,,
Entire_music/val/Jazz_22/221425.mp3,Jazz,val,Victor Wooten - Two for One_bass solo,Victor Wooten - Two for One_bass solo,Victor Wooten,Fusion,,
Entire_music/train/Jazz_22/221426.mp3,Jazz,train,Victor wooten - Solo Medley Black Bird Fly,Solo Medley Black Bird Fly,Victor wooten,,,
Entire_music/val/Jazz_22/221427.mp3,Jazz,val,Weather Report - Heavy Weather - 03 - Teen Town,Teen Town,Weather Report,Fusion,,
Entire_music/val/Jazz_22/221428.mp3,Jazz,val,Weather Report Heavy Weather (Complete Album),Heavy Weather,Weather Report,Heavy Weather,,
Entire_music/train/Jazz_22/221429.mp3,Jazz,train,Woke Up Today (Audio) - Jacob Collier,Woke Up Today,Jacob Collier,,,
Entire_music/train/Jazz_22/221430.mp3,Jazz,train,"Wynton Marsalis - Standard Time, Vol. 1 (1987) {Full Album}","Standard Time, Vol. 1",Wynton Marsalis,"Standard Time, Vol. 1",1987,
Entire_music/train/Jazz_22/221431.mp3,Jazz,train,"[Album] Phil Woods Barbara Casini,, Stefano Bollani - Você e Eu (2000)",Você e Eu,"Barbara Casini, Phil Woods, Stefano Bollani - Você e Eu (2000)","Barbara Casini, Phil Woods, Stefano Bollani - Você e Eu (2000)",2000,
Entire_music/train/Jazz_22/221432.mp3,Jazz,train,reisenweber rag,Reisenweber Rag,Original Dixieland Jass Band,,,
Entire_music/val/Jazz_22/221433.mp3,Jazz,val,stefano bollani - mi ritorni in mente - billies bounce,billies bounce,stefano bollani,ni ritorni in mente,,
Entire_music/val/Jazz_22/221434.mp3,Jazz,val,stefano bollani - mi ritorni in mente - dark valley serenade,dark valley serenade,stefano bollani,ni ritorni in mente,,
Entire_music/train/Jazz_22/221435.mp3,Jazz,train,stefano bollani - mi ritorni in mente - how deep is the ocean,how deep is the ocean,stefano bollani,ni ritorni in mente,,
Entire_music/train/Jazz_22/221436.mp3,Jazz,train,stefano bollani - mi ritorni in mente - liten karin,liten karin,stefano bollani,mi ritorni in mente,,
Entire_music/train/Jazz_22/221437.mp3,Jazz,train,stefano bollani - mi ritorni in mente - mi ritorni in mente,mi ritorni in mente,stefano bollani,mi ritorni in mente,,
Entire_music/train/Jazz_22/221438.mp3,Jazz,train,stefano bollani - mi ritorni in mente - nature boy,nature boy,stefano bollani,ni ritorni in mente,,
Entire_music/test/Jazz_22/221439.mp3,Jazz,test,stefano bollani - mi ritorni in mente - se non avessi più te,se non avessi più te,stefano bollani,ni ritorni in mente,,
Entire_music/train/Jazz_22/221440.mp3,Jazz,train,stefano bollani - mi ritorni in mente - some day my prince will come,some day my prince will come,stefano bollani,ni ritorni in mente,,
Entire_music/train/Jazz_22/221441.mp3,Jazz,train,stefano bollani - mi ritorni in mente - the summer knows,the summer knows,stefano bollani,ni ritorni in mente,,
Entire_music/train/Jazz_22/221442.mp3,Jazz,train,victor 18798,victor 18798,,,,
Entire_music/train/Jazz_22/221443.mp3,Jazz,train,victor wooten - me & my bass guitar,victor wooten - me & my bass guitar,Victor Wooten,Fusion,,
Entire_music/train/Late_romanticism_chamber_23/230001.mp3,Late romanticism chamber,train,Anton Bruckner – String Quintet in F major,String Quintet in F major,,,,Anton Bruckner
Entire_music/train/Late_romanticism_chamber_23/230002.mp3,Late romanticism chamber,train,"Arensky.Etude in F-sharp Minor, Op. 36 No. 13.Scherbina","Etude in F-sharp Minor, Op. 36 No. 13 from ""24 Characterstic Pieces""",Yelena Alexandrovna Bekman-Shcherbina,Russian Piano School • Vol. 11 • Yelena Alexandrovna Bekman-Shcherbina,1996,
Entire_music/train/Late_romanticism_chamber_23/230003.mp3,Late romanticism chamber,train,"Arensky.Le ruisseau dans la forét, Op. 36 No. 15.Scherbina","Le ruisseau dans la forét, Op. 36 No. 15",Yelena Alexandrovna Bekman-Shcherbina,Russian Piano School • Vol. 11 • Yelena Alexandrovna Bekman-Shcherbina,1996,
Entire_music/val/Late_romanticism_chamber_23/230004.mp3,Late romanticism chamber,val,"Arensky._Sari_, Op. 28 No. 4, From _Forgotten Rhythems.Goldenweiser","""Sari"", Op. 28 No. 4, From ""Forgotten Rhythems""",Alexander Goldenweiser,Russian Piano School Volume 1,,
Entire_music/train/Late_romanticism_chamber_23/230005.mp3,Late romanticism chamber,train,Brahms - Ballades op.10 Alfred Brendel,Ballades op.10,Alfred Brendel,,,Brahms
Entire_music/train/Late_romanticism_chamber_23/230006.mp3,Late romanticism chamber,train,Brahms 3 Piano Sonatas (Zimerman),3 Piano Sonatas,Zimerman,,,Brahms
Entire_music/test/Late_romanticism_chamber_23/230007.mp3,Late romanticism chamber,test,Brahms Complete Piano Quartets,Complete Piano Quartets,,,,Brahms
Entire_music/train/Late_romanticism_chamber_23/230008.mp3,Late romanticism chamber,train,Brahms Complete Piano Trios - Guarneri Trio Prague,Complete Piano Trios,Guarneri Trio Prague,,,Brahms
Entire_music/train/Late_romanticism_chamber_23/230009.mp3,Late romanticism chamber,train,"Brahms Variations on a Theme of Paganini, Op.35 (Kissin)","Variations on a Theme of Paganini, Op.35",Kissin,,,Brahms
Entire_music/train/Late_romanticism_chamber_23/230010.mp3,Late romanticism chamber,train,"Camille Saint Saëns - 6 Études, Op. 111 (1892)","6 Études, Op. 111 (1892)",,,,Camille Saint Saëns
Entire_music/train/Late_romanticism_chamber_23/230011.mp3,Late romanticism chamber,train,"Camille Saint-Saëns Bassoon Sonata, Op. 168R. 148 (1921)","Bassoon Sonata, Op. 168R. 148 (1921)",,,,Camille Saint-Saëns
Entire_music/train/Late_romanticism_chamber_23/230012.mp3,Late romanticism chamber,train,Camille Saint-Saëns Clarinet Sonata Op. 167 (1921),Clarinet Sonata Op. 167 (1921),,,,Camille Saint-Saëns
Entire_music/train/Late_romanticism_chamber_23/230013.mp3,Late romanticism chamber,train,"Johannes Brahms - WoO 1, 21 Hungarian Dances (Piano, 4 hands) (Katsaris, Mercier)","WoO 1, 21 Hungarian Dances (Piano, 4 hands)","Katsaris, Mercier",,,Johannes Brahms
Entire_music/train/Late_romanticism_chamber_23/230014.mp3,Late romanticism chamber,train,Modest Mussorgsky - Songs and Dances of Death for Soprano and Piano (1870s) [Score-Video],Songs and Dances of Death for Soprano and Piano (1870s),,,,Modest Mussorgsky
Entire_music/train/Late_romanticism_chamber_23/230015.mp3,Late romanticism chamber,train,Modest Mussorgsky Pieces for piano,Pieces for piano,,,,Modest Mussorgsky
Entire_music/test/Late_romanticism_chamber_23/230016.mp3,Late romanticism chamber,test,Smetana - Piano trio - Oistrakh Knushevitsky Oborin,Piano trio,Oistrakh Knushevitsky Oborin,,,Smetana
Entire_music/train/Late_romanticism_chamber_23/230017.mp3,Late romanticism chamber,train,Tchaikovsky - Piano trio - Kogan Rostropovich Gilels,Piano trio,Kogan Rostropovich Gilels,,,Tchaikovsky
Entire_music/val/Late_romanticism_chamber_23/230018.mp3,Late romanticism chamber,val,Tchaikovsky - The Seasons (full) Piano Vadim Chaimovich,The Seasons,Vadim Chaimovich,,,Tchaikovsky
Entire_music/train/Late_romanticism_chamber_23/230019.mp3,Late romanticism chamber,train,Tchaikovsky String Quartets,String Quartets,,,,Tchaikovsky
Entire_music/train/Late_romanticism_orchestral_24/240001.mp3,Late romanticism orchestral,train,04 - Arenskii.Concerto 2.f moll.1,Arenskii.Concerto 2.f moll.1,Ginsburg,Ginsburg.Russkii concert,,
Entire_music/train/Late_romanticism_orchestral_24/240002.mp3,Late romanticism orchestral,train,05 - Concerto 2.2,Concerto 2.2,Ginsburg,Ginsburg.Russkii concert,,
Entire_music/train/Late_romanticism_orchestral_24/240003.mp3,Late romanticism orchestral,train,06 - Concerto 2.3,Concerto 2.3,Ginsburg,Ginsburg.Russkii concert,,
Entire_music/val/Late_romanticism_orchestral_24/240004.mp3,Late romanticism orchestral,val,"Anton Bruckner – Symphony No.7 in E major – Herbert von Karajan, Wiener Philharmoniker, 1989",Symphony No.7 in E major,"Herbert von Karajan, Wiener Philharmoniker",,,Anton Bruckner
Entire_music/train/Late_romanticism_orchestral_24/240005.mp3,Late romanticism orchestral,train,"Brahms - Symphony No.1, 2, 3, 4 FULL - Classical Music hd","Symphony No.1, 2, 3, 4",,,,Brahms
Entire_music/val/Late_romanticism_orchestral_24/240006.mp3,Late romanticism orchestral,val,Brahms - Violin concerto - Oistrakh Klemperer,Violin concerto,Oistrakh Klemperer,,,Brahms
Entire_music/train/Late_romanticism_orchestral_24/240007.mp3,Late romanticism orchestral,train,"Bruckner Te Deum, WAB 45 (Karajan)","Te Deum, WAB 45",Karajan,,,Bruckner
Entire_music/train/Late_romanticism_orchestral_24/240008.mp3,Late romanticism orchestral,train,Georges Bizet - Symphony in C (1855) [Haitink Concertgebouw],Symphony in C (1855),Haitink Concertgebouw,,,Georges Bizet
Entire_music/train/Late_romanticism_orchestral_24/240009.mp3,Late romanticism orchestral,train,Humperdinck Hänsel und Gretel,Hänsel und Gretel,,,,Humperdinck
Entire_music/train/Late_romanticism_orchestral_24/240010.mp3,Late romanticism orchestral,train,Mussorgsky - Boris Godunov 1869 + Presentation (Talvela - reference recording Jerzy Semkow),Boris Godunov 1869,"Talvela, Jerzy Semkow",,,Mussorgsky
Entire_music/test/Late_romanticism_orchestral_24/240011.mp3,Late romanticism orchestral,test,Mussorgsky Pictures at an exhibition ( Full ) - BPO Karajan_,Pictures at an exhibition,BPO Karajan,,,Mussorgsky
Entire_music/train/Late_romanticism_orchestral_24/240012.mp3,Late romanticism orchestral,train,P.Tchaikovsky Complete Symphonies [ L.Maazel Vienna-PO ] (1960~64),Complete Symphonies (1960~64),L.Maazel Vienna-PO,,,P.Tchaikovsky
Entire_music/test/Late_romanticism_orchestral_24/240013.mp3,Late romanticism orchestral,test,Saint Saëns Le carnaval des animaux The Carnival of the Animals 1886,Le carnaval des animaux The Carnival of the Animals 1886,,,,Saint Saëns
Entire_music/train/Late_romanticism_orchestral_24/240014.mp3,Late romanticism orchestral,train,Smetana Má Vlast,Má Vlast,,,,Smetana
Entire_music/train/Late_romanticism_orchestral_24/240015.mp3,Late romanticism orchestral,train,"Tchaikovsky - Piano Concertos Nos.1,2,3 NEW MASTERING (Centurys rec. Emil Gilels, Lorin Maazel)","Piano Concertos Nos.1,2,3","Emil Gilels, Lorin Maazel",,,Tchaikovsky
Entire_music/train/Late_romanticism_orchestral_24/240016.mp3,Late romanticism orchestral,train,Tchaikovsky - Violin concerto - Oistrakh Philadelphia Ormandy,Violin concerto,Oistrakh Philadelphia Ormandy,,,Tchaikovsky
Entire_music/train/Late_romanticism_orchestral_24/240017.mp3,Late romanticism orchestral,train,The Best of Bizet,The Best of Bizet,,,,Bizet
Entire_music/train/Latin-American_25/250001.mp3,Latin-American,train,"Argentine Folk Songs (Octavio Corvalan) (1953, LP)",Argentine Folk Songs,Octavio Corvalan,,1953,
Entire_music/train/Latin-American_25/250002.mp3,Latin-American,train,Astor Piazzolla Greatest Hits Best Songs Of Astor Piazzolla Astor Piazzolla Live 2019,Astor Piazzolla Greatest Hits Best Songs Of Astor Piazzolla Astor Piazzolla Live 2019,Astor Piazzolla,,,
Entire_music/train/Latin-American_25/250003.mp3,Latin-American,train,Antonio Carlos Jobim - 1967 Greatest Hits - Wave (Full Album),Wave,Antonio Carlos Jobim,Wave,1967,
Entire_music/train/Latin-American_25/250004.mp3,Latin-American,train,BEST OF JOÃO GILBERTO - PORTRAIT IN BOSSA NOVA (Full Alubum),BEST OF JOÃO GILBERTO - PORTRAIT IN BOSSA NOVA,JOÃO GILBERTO,,,
Entire_music/train/Latin-American_25/250005.mp3,Latin-American,train,Best Of Vintage Brazilian Songs,Best Of Vintage Brazilian Songs,,,,
Entire_music/test/Latin-American_25/250006.mp3,Latin-American,test,Buenos Tango ARGENTINE MUSIC [The Best of Tango],Buenos Tango | ARGENTINE MUSIC [The Best of Tango],,,,
Entire_music/train/Latin-American_25/250007.mp3,Latin-American,train,Café Cubano (Official Putumayo Version),Café Cubano (Official Putumayo Version),,,,
Entire_music/val/Latin-American_25/250008.mp3,Latin-American,val,"Colombian Vibes The Ultimate Latin Experience (Una Variedad De Salsa, Cumbia, Bolero, y Mas)","Colombian Vibes The Ultimate Latin Experience (Una Variedad De Salsa, Cumbia, Bolero, y Mas)",,,,
Entire_music/train/Latin-American_25/250009.mp3,Latin-American,train,Costa Rica Pura Vida Nuestra Música Folclórica,Costa Rica Pura Vida Nuestra Música Folclórica,,,,
Entire_music/train/Latin-American_25/250010.mp3,Latin-American,train,"Cuba Son - Les Enregistrements Fondateurs Du Son Afro-Cubain, 1926-1962 (Disc 2)","Cuba Son - Les Enregistrements Fondateurs Du Son Afro-Cubain, 1926-1962 (Disc 2)",,,,
Entire_music/train/Latin-American_25/250011.mp3,Latin-American,train,Cuban Instrumental Music Salsa - Latin Music - Cuba Folk Music - Traditional Music,Cuban Instrumental Music Salsa - Latin Music - Cuba Folk Music - Traditional Music,,,,
Entire_music/train/Latin-American_25/250012.mp3,Latin-American,train,Cumbias Chichadélicas Peruvian Psychedelic Chicha (Infopesa) Disco Completo Full Album,Cumbias Chichadélicas Peruvian Psychedelic Chicha (Infopesa),,,,
Entire_music/train/Latin-American_25/250013.mp3,Latin-American,train,"Folk Songs of Mexico (Alfonso Cruz Jimenez) (1959, LP, vinyl)",Folk Songs of Mexico,Alfonso Cruz Jimenez,,1959,
Entire_music/train/Latin-American_25/250014.mp3,Latin-American,train,Havana Lounge Cuban Music Linda melodia,Havana Lounge Cuban Music Linda melodia,,,,
Entire_music/train/Latin-American_25/250015.mp3,Latin-American,train,"Heitor Villa-Lobos 5 Preludes, 12 Studies & Modinha (Full Album)","5 Preludes, 12 Studies & Modinha",,"5 Preludes, 12 Studies & Modinha",,Heitor Villa-Lobos
Entire_music/train/Latin-American_25/250016.mp3,Latin-American,train,Heitor Villa-Lobos Suite Popular Brasileña (Completa) Pablo De Giusto,Suite Popular Brasileña,Pablo De Giusto,,,Heitor Villa-Lobos
Entire_music/train/Latin-American_25/250017.mp3,Latin-American,train,Inti-Illimani 3 - Canto de Pueblos Andinos Vol. 1 (1975) (Full Album),Canto de Pueblos Andinos Vol. 1,Inti-Illimani,Canto de Pueblos Andinos Vol. 1,1975,
Entire_music/test/Latin-American_25/250018.mp3,Latin-American,test,"José Antonio Escobar Guitar Music of Colombia (Mejía, Montaña, Saboya, González)","Guitar Music of Colombia (Mejía, Montaña, Saboya, González)",José Antonio Escobar,,,
Entire_music/test/Latin-American_25/250019.mp3,Latin-American,test,Mariachi Mexican Music Uplifting Background Music Mexico Travel Video,Mariachi Mexican Music | Uplifting Background Music | Mexico Travel Video,,,,
Entire_music/train/Latin-American_25/250020.mp3,Latin-American,train,Mexican House Party 1940s VA Full Album,Mexican House Party 1940s VA,,,,
Entire_music/train/Latin-American_25/250021.mp3,Latin-American,train,Putumayo Presents Congo to Cuba (Official Version),Putumayo Presents Congo to Cuba (Official Version),,,,
Entire_music/train/Latin-American_25/250022.mp3,Latin-American,train,Roberto Lara Argentina - The Guitar of the Pampas,The Guitar of the Pampas,Roberto Lara,,,
Entire_music/val/Latin-American_25/250023.mp3,Latin-American,val,The Original Sound Of Cumbia The History Of Colombian Cumbia & Porro 1948-79 cd 1. (Full Album),The Original Sound Of Cumbia The History Of Colombian Cumbia & Porro 1948-79 cd 1,,,,
Entire_music/train/Latin-American_25/250024.mp3,Latin-American,train,Traditional Chilean Music - The Best Chilean Cueca All The Time!,Traditional Chilean Music - The Best Chilean Cueca All The Time!,,,,
Entire_music/train/Latin-American_25/250025.mp3,Latin-American,train,"Victor Villadangos Guitar Music of Argentina, Vol. 1 (Pujol, Ayala, Falú, Heinze)","Guitar Music of Argentina, Vol. 1 (Pujol, Ayala, Falú, Heinze)",Victor Villadangos,,,
Entire_music/test/Middle_north_European_folklore_26/260001.mp3,"Middle, north European folklore",test,"ALBUM Folk Celtic Milladoiro Auga de Maio Celtic Music from Galicia, Spain",Auga de Maio,Milladoiro,Auga de Maio,,
Entire_music/train/Middle_north_European_folklore_26/260002.mp3,"Middle, north European folklore",train,Au 31 du mois dAout - chant traditionnel de la Marine,Au 31 du mois dAout - chant traditionnel de la Marine,,,,
Entire_music/test/Middle_north_European_folklore_26/260003.mp3,"Middle, north European folklore",test,Austrian folk music from Tirol,Austrian folk music from Tirol,,,,
Entire_music/train/Middle_north_European_folklore_26/260004.mp3,"Middle, north European folklore",train,Derniers sourires,Derniers sourires,,,,
Entire_music/val/Middle_north_European_folklore_26/260005.mp3,"Middle, north European folklore",val,Dont Trad On Me (Irish Folk Music) FULL ALBUM STREAM,Dont Trad On Me (Irish Folk Music),,,,
Entire_music/train/Middle_north_European_folklore_26/260006.mp3,"Middle, north European folklore",train,Fiolen min,Fiolen min,,,,
Entire_music/train/Middle_north_European_folklore_26/260007.mp3,"Middle, north European folklore",train,Fjällnäspolska,Fjällnäspolska,,,,
Entire_music/train/Middle_north_European_folklore_26/260008.mp3,"Middle, north European folklore",train,Fästmansgåvan,Fästmansgåvan,,,,
Entire_music/train/Middle_north_European_folklore_26/260009.mp3,"Middle, north European folklore",train,German Folk Music,German Folk Music,,,,
Entire_music/train/Middle_north_European_folklore_26/260010.mp3,"Middle, north European folklore",train,"Guerre guerre, vente vent","Guerre guerre, vente vent",,,,
Entire_music/train/Middle_north_European_folklore_26/260011.mp3,"Middle, north European folklore",train,Guillaume de Machaut Je vivroie liementLiement me deport,Je vivroie liementLiement me deport,,,,Guillaume de Machaut
Entire_music/train/Middle_north_European_folklore_26/260012.mp3,"Middle, north European folklore",train,Gånglåt från Mockfjärd,Gånglåt från Mockfjärd,,,,
Entire_music/train/Middle_north_European_folklore_26/260013.mp3,"Middle, north European folklore",train,Herri Buom – Folkmusik Från Föllingebygden (Sweden),Herri Buom - Folkmusik Från Föllingebygden (Sweden),,,,
Entire_music/train/Middle_north_European_folklore_26/260014.mp3,"Middle, north European folklore",train,Karis Pers polska,Karis Pers polska,,,,
Entire_music/train/Middle_north_European_folklore_26/260015.mp3,"Middle, north European folklore",train,Keltia France Musiques De Bretagne,Keltia France Musiques De Bretagne,,,,
Entire_music/train/Middle_north_European_folklore_26/260016.mp3,"Middle, north European folklore",train,LE RÊVE DU DIABLE - JAI FAITE UNE MAÎTRESSE,JAI FAITE UNE MAÎTRESSE,LE RÊVE DU DIABLE,,,
Entire_music/test/Middle_north_European_folklore_26/260017.mp3,"Middle, north European folklore",test,LE RÊVE DU DIABLE - LA FILLE DE NOTRE VOISIN,LA FILLE DE NOTRE VOISIN,LE RÊVE DU DIABLE,,,
Entire_music/val/Middle_north_European_folklore_26/260018.mp3,"Middle, north European folklore",val,La belle,La belle,,,,
Entire_music/train/Middle_north_European_folklore_26/260019.mp3,"Middle, north European folklore",train,La ptite fée,La ptite fée,,,,
Entire_music/train/Middle_north_European_folklore_26/260020.mp3,"Middle, north European folklore",train,Le navire de Bayonne (chansons anciennes de Nouvelle France),Le navire de Bayonne (chansons anciennes de Nouvelle France),,,,
Entire_music/test/Middle_north_European_folklore_26/260021.mp3,"Middle, north European folklore",test,Les Haubans,Les Haubans,,,,
Entire_music/train/Middle_north_European_folklore_26/260022.mp3,"Middle, north European folklore",train,Les Sœurs Goadec - Ha Bobino,Ha Bobino,Les Sœurs Goadec,,,
Entire_music/train/Middle_north_European_folklore_26/260023.mp3,"Middle, north European folklore",train,Les Voyageurs de la Gatineau La chanson du voyageur,La chanson du voyageur,Les Voyageurs de la Gatineau,,,
Entire_music/train/Middle_north_European_folklore_26/260024.mp3,"Middle, north European folklore",train,Les charbonniers de lenfer - Dans la ville de Paris + lyrics,Dans la ville de Paris,Les charbonniers de lenfer,,,
Entire_music/train/Middle_north_European_folklore_26/260025.mp3,"Middle, north European folklore",train,Les charbonniers de lenfer - le 10 davril,le 10 davril,Les charbonniers de lenfer,,,
Entire_music/train/Middle_north_European_folklore_26/260026.mp3,"Middle, north European folklore",train,Lhorloge,Lhorloge,,,,
Entire_music/test/Middle_north_European_folklore_26/260027.mp3,"Middle, north European folklore",test,Lyckobringaren,Lyckobringaren,,,,
Entire_music/train/Middle_north_European_folklore_26/260028.mp3,"Middle, north European folklore",train,Mockfjärds skullbräddlek,Mockfjärds skullbräddlek,,,,
Entire_music/train/Middle_north_European_folklore_26/260029.mp3,"Middle, north European folklore",train,On va leur percer le flanc! (Version revolutionaire),On va leur percer le flanc! (Version revolutionaire),,,,
Entire_music/train/Middle_north_European_folklore_26/260030.mp3,"Middle, north European folklore",train,One Hour of Scottish Music,One Hour of Scottish Music,,,,
Entire_music/train/Middle_north_European_folklore_26/260031.mp3,"Middle, north European folklore",train,Rävstabackens brus,Rävstabackens brus,,,,
Entire_music/train/Middle_north_European_folklore_26/260032.mp3,"Middle, north European folklore",train,Scandinavian Folk Music - Best Scandinavian Traditional Music,Scandinavian Folk Music - Best Scandinavian Traditional Music,,,,
Entire_music/train/Middle_north_European_folklore_26/260033.mp3,"Middle, north European folklore",train,Sparf-fars polska,Sparf-fars polska,,,,
Entire_music/train/Middle_north_European_folklore_26/260034.mp3,"Middle, north European folklore",train,Spelmansvals från Jämtland,Spelmansvals från Jämtland,,,,
Entire_music/train/Middle_north_European_folklore_26/260035.mp3,"Middle, north European folklore",train,Sur la Route de Dijon,Sur la Route de Dijon,,,,
Entire_music/val/Middle_north_European_folklore_26/260036.mp3,"Middle, north European folklore",val,The Beautiful Folk Music Of England,The Beautiful Folk Music Of England,,,,
Entire_music/train/Middle_north_European_folklore_26/260037.mp3,"Middle, north European folklore",train,Traditional Irish Music,Traditional Irish Music,,,,
Entire_music/train/Middle_north_European_folklore_26/260038.mp3,"Middle, north European folklore",train,Trafic dorgasmes,Trafic dorgasmes,,,,
Entire_music/train/Middle_north_European_folklore_26/260039.mp3,"Middle, north European folklore",train,Trekarlspolska,Trekarlspolska,,,,
Entire_music/val/Middle_north_European_folklore_26/260040.mp3,"Middle, north European folklore",val,Trollens brudmarsch,Trollens brudmarsch,,,,
Entire_music/train/Middle_north_European_folklore_26/260041.mp3,"Middle, north European folklore",train,Vals från Skåne,Vals från Skåne,,,,
Entire_music/train/Middle_north_European_folklore_26/260042.mp3,"Middle, north European folklore",train,Vingåkersdans,Vingåkersdans,,,,
Entire_music/train/Middle_north_European_folklore_26/260043.mp3,"Middle, north European folklore",train,Visor Från Gotland - Field-recordings from Sweden,Visor Från Gotland - Field-recordings from Sweden,,,,
Entire_music/train/Middle_north_European_folklore_26/260044.mp3,"Middle, north European folklore",train,les vieux de la vieille,les vieux de la vieille,,,,
Entire_music/train/Middle_north_European_folklore_26/260045.mp3,"Middle, north European folklore",train,"Yvon Guilcher, Jean-François Dutertre - Men revenant de Bordeaux",Men revenant de Bordeaux,"Yvon Guilcher, Jean-François Dutertre",,,
Entire_music/val/Middle_south_Asian_traditional_folklore_27/270001.mp3,"Middle, south Asian traditional folklore",val,Afghanistan Songs Of The Pashayi (1970-1971),Afghanistan Songs Of The Pashayi (1970-1971),,,,
Entire_music/train/Middle_south_Asian_traditional_folklore_27/270002.mp3,"Middle, south Asian traditional folklore",train,"Beyond The Sky Ustad Amjad Ali Khan, Ustad Zakir Hussain Classical Instrumental Raagas",Beyond The Sky,"Ustad Amjad Ali Khan, Ustad Zakir Hussain",,,
Entire_music/train/Middle_south_Asian_traditional_folklore_27/270003.mp3,"Middle, south Asian traditional folklore",train,Chandrashekhar Naringrekar – Surbahar,Surbahar,Chandrashekhar Naringrekar,,,
Entire_music/train/Middle_south_Asian_traditional_folklore_27/270004.mp3,"Middle, south Asian traditional folklore",train,Childrens songs from the world SOUTH OF INDIA,Childrens songs from the world SOUTH OF INDIA,,,,
Entire_music/train/Middle_south_Asian_traditional_folklore_27/270005.mp3,"Middle, south Asian traditional folklore",train,Classical music from Iran - Jalal Zolfonun (جلال ذوالفنون) - Danehaye Morvarid,Danehaye Morvarid,Jalal Zolfonun (جلال ذوالفنون),,,
Entire_music/train/Middle_south_Asian_traditional_folklore_27/270006.mp3,"Middle, south Asian traditional folklore",train,El Hadji Hamado Kanazoe - Maitre Coranique Secteur 19 Vol. 6,Maitre Coranique Secteur 19 Vol. 6,El Hadji Hamado Kanazoe,,,
Entire_music/train/Middle_south_Asian_traditional_folklore_27/270007.mp3,"Middle, south Asian traditional folklore",train,Flutes Of Rajasthan राजस्थान (1977),Flutes Of Rajasthan राजस्थान,,,1977,
Entire_music/train/Middle_south_Asian_traditional_folklore_27/270008.mp3,"Middle, south Asian traditional folklore",train,Gaïnés de Hyangja Songs And Dances Of Nepal,Gaïnés de Hyangja Songs And Dances Of Nepal,,,,
Entire_music/train/Middle_south_Asian_traditional_folklore_27/270009.mp3,"Middle, south Asian traditional folklore",train,Grup Yorum - En Sevilen Şarkıları (Gelmiş geçmiş tüm türküler karışık) İBRAHİM GÖKÇEK anısına,En Sevilen Şarkıları (Gelmiş geçmiş tüm türküler karışık) İBRAHİM GÖKÇEK anısına,Grup Yorum,,,
Entire_music/train/Middle_south_Asian_traditional_folklore_27/270010.mp3,"Middle, south Asian traditional folklore",train,Kabir by Abida Parveen Popular Kabir Songs 2015,Kabir,Abida Parveen,,,
Entire_music/train/Middle_south_Asian_traditional_folklore_27/270011.mp3,"Middle, south Asian traditional folklore",train,Le Trio Joubran & Mahmoud Darwish - in the Shade of the WordsFULL,in the Shade of the Words,Le Trio Joubran & Mahmoud Darwish,in the Shade of the Words,,
Entire_music/test/Middle_south_Asian_traditional_folklore_27/270012.mp3,"Middle, south Asian traditional folklore",test,North Indian Classical Music - Vocal music,North Indian Classical Music - Vocal music,,,,
Entire_music/train/Middle_south_Asian_traditional_folklore_27/270013.mp3,"Middle, south Asian traditional folklore",train,Pandit Ram Chatur Mallick – North India,North India,Pandit Ram Chatur Mallick,,,
Entire_music/train/Middle_south_Asian_traditional_folklore_27/270014.mp3,"Middle, south Asian traditional folklore",train,Ravi Shankar - The Spirit of India (full album),The Spirit of India,Ravi Shankar,The Spirit of India,,
Entire_music/train/Middle_south_Asian_traditional_folklore_27/270015.mp3,"Middle, south Asian traditional folklore",train,Religious Music From The Holy Land,Religious Music From The Holy Land,,,,
Entire_music/train/Middle_south_Asian_traditional_folklore_27/270016.mp3,"Middle, south Asian traditional folklore",train,Saraswatis Sitar Symphony Relaxing Music for Concentration and Focus,Saraswatis Sitar Symphony Relaxing Music for Concentration and Focus,,,,
Entire_music/train/Middle_south_Asian_traditional_folklore_27/270017.mp3,"Middle, south Asian traditional folklore",train,The Best Of Pandit Jasraj Audio Jukebox Vocal Classical Music Today,The Best Of Pandit Jasraj Audio Jukebox Vocal Classical Music Today,Pandit Jasraj,,,
Entire_music/train/Middle_south_Asian_traditional_folklore_27/270018.mp3,"Middle, south Asian traditional folklore",train,The Chicago Klezmer Ensemble - Sweet Home Bukovina (Full Album),Sweet Home Bukovina,The Chicago Klezmer Ensemble,Sweet Home Bukovina,,
Entire_music/train/Middle_south_Asian_traditional_folklore_27/270019.mp3,"Middle, south Asian traditional folklore",train,Vasant Rai & Alla Rakha - Ragas Of Meditation And Happiness,Ragas Of Meditation And Happiness,Vasant Rai & Alla Rakha,,,
Entire_music/val/Middle_south_Asian_traditional_folklore_27/270020.mp3,"Middle, south Asian traditional folklore",val,Yoga Music Of India (Vol. 1) योग,Yoga Music Of India (Vol. 1) योग,,,,
Entire_music/train/Middle_south_Asian_traditional_folklore_27/270021.mp3,"Middle, south Asian traditional folklore",train,Zarsanga - پشتو لـوکگـیــت,پشتو لـوکگـیــت,Zarsanga,,,
Entire_music/test/Middle_south_Asian_traditional_folklore_27/270022.mp3,"Middle, south Asian traditional folklore",test,فيروز - فيروزيات الصباح - اروع اغاني ارزة لبنان The Best of Fairuz,فيروز - فيروزيات الصباح - اروع اغاني ارزة لبنان The Best of Fairuz,Fairuz,,,
Entire_music/train/Middle_south_Asian_traditional_folklore_27/270023.mp3,"Middle, south Asian traditional folklore",train,قوٌالی Qawwali - Sufi Music From Pakistan,قوٌالی Qawwali - Sufi Music From Pakistan,,,,
Entire_music/test/North_American_traditional_folklore_28/280001.mp3,North American traditional folklore,test,1 Hour - Mix of the most beautiful Native American music,1 Hour - Mix of the most beautiful Native American music,,,,
Entire_music/val/North_American_traditional_folklore_28/280002.mp3,North American traditional folklore,val,RELAXING MUSIC SPIRIT OF AMERICAN INDIANS. Native American Indian Music. Native Flute Music.,RELAXING MUSIC SPIRIT OF AMERICAN INDIANS. Native American Indian Music. Native Flute Music,,,,
Entire_music/train/North_American_traditional_folklore_28/280003.mp3,North American traditional folklore,train,Sacred Spirit Chants and Dances of the Native Americans Vol 1 Full Album,Sacred Spirit Chants and Dances of the Native Americans Vol 1,,,,
Entire_music/train/Pop_29/290001.mp3,Pop,train,A V A M A X GREATEST HITS FULL ALBUM - BEST SONGS OF A V A M A X PLAYLIST 2021,A V A M A X GREATEST HITS - BEST SONGS OF A V A M A X PLAYLIST 2021,Ava Max,,,
Entire_music/train/Pop_29/290002.mp3,Pop,train,A.V.R.I.L L.A.V.I.G.N.E GREATEST HITS FULL ALBUM - BEST SONGS OF A.V.R.I.L L.A.V.I.G.N.E PLAYLIST,A.V.R.I.L L.A.V.I.G.N.E GREATEST HITS - BEST SONGS OF A.V.R.I.L L.A.V.I.G.N.E PLAYLIST,AVRIL LAVIGNE,,,
Entire_music/train/Pop_29/290003.mp3,Pop,train,Alizée J en Ai Marre,J en Ai Marre,Alizée,,,
Entire_music/val/Pop_29/290004.mp3,Pop,val,Amaral ( Estrella de Mar ),Estrella de Mar,Amaral,,,
Entire_music/train/Pop_29/290005.mp3,Pop,train,Amaral - Hacia Lo Salvaje (24 track delux edition Disco completo),Hacia Lo Salvaje (24 track delux edition),Amaral,Hacia Lo Salvaje (24 track delux edition),,
Entire_music/train/Pop_29/290006.mp3,Pop,train,Anime Opening Music Mix Anime Updating 2023 Anime Opening Compilation 2023,Anime Opening Music Mix Anime Updating 2023 Anime Opening Compilation 2023,,,,
Entire_music/train/Pop_29/290007.mp3,Pop,train,Anita Ward - Ring My Bell (1979),Ring My Bell,Anita Ward,,1979,
Entire_music/train/Pop_29/290008.mp3,Pop,train,BEE GEES Greatest Hits Full Album - Full Album Best Songs Of Bee Gees 1080p,BEE GEES Greatest Hits Full Album - Full Album Best Songs Of Bee Gees 1080p,BEE GEES,,,
Entire_music/train/Pop_29/290009.m4a,Pop,train,Barby girl,Barby girl,,,,
Entire_music/train/Pop_29/290010.mp3,Pop,train,Best Of Backstreet Boys Backstreet Boys Greatest Hits Full Album,Best Of Backstreet Boys Backstreet Boys Greatest Hits,Backstreet Boys,,,
Entire_music/train/Pop_29/290011.mp3,Pop,train,Best Songs of Beyoncé - Beyoncé Playlist 2021,Best Songs of Beyoncé - Beyoncé Playlist 2021,Beyoncé,,,
Entire_music/train/Pop_29/290012.mp3,Pop,train,Billie Eilish Playlist - Billie Eilish Top Hits - Billie Eilish The Most Popular Songs,Billie Eilish Playlist - Billie Eilish Top Hits - Billie Eilish The Most Popular Songs,Billie Eilish,,,
Entire_music/train/Pop_29/290013.mp3,Pop,train,Bosse & Alligatoah – Salzwasser (Official Video),Salzwasser,Bosse & Alligatoah,,,
Entire_music/train/Pop_29/290014.mp3,Pop,train,Bosse - 3 Millionen,3 Millionen,Bosse,,,
Entire_music/test/Pop_29/290015.mp3,Pop,test,Bosse - Alles ist jetzt (Official Video),Alles ist jetzt,Bosse,,,
Entire_music/test/Pop_29/290016.mp3,Pop,test,Bosse - Der letzte Tanz (Official Video),Bosse - Der letzte Tanz (Official Video),Bosse,,,
Entire_music/test/Pop_29/290017.mp3,Pop,test,Bosse - Hallo Hometown (Official Video),Hallo Hometown,Bosse,,,
Entire_music/train/Pop_29/290018.mp3,Pop,train,Bosse - Ich warte auf dich (Official Video),Ich warte auf dich,Bosse,,,
Entire_music/val/Pop_29/290019.mp3,Pop,val,Bosse - So oder So (Official Video),So oder So,Bosse,,,
Entire_music/val/Pop_29/290020.mp3,Pop,val,Bosse feat. Anna Loos (SILLY) - Frankfurt Oder (Official Video),Frankfurt Oder,Bosse feat. Anna Loos (SILLY),,,
Entire_music/val/Pop_29/290021.mp3,Pop,val,Bosse – Das Paradies (Official Video),Das Paradies,Bosse,,,
Entire_music/train/Pop_29/290022.mp3,Pop,train,Bruno Mars - Greatest Hits Full Album - Best Songs Collection 2023,Greatest Hits - Best Songs Collection 2023,Bruno Mars,,,
Entire_music/train/Pop_29/290023.mp3,Pop,train,C.H.R.I.S.T.I.N.A A.G.U.I.L.E.R.A Greatest Hits in Order of Release [till May 2022],C.H.R.I.S.T.I.N.A A.G.U.I.L.E.R.A Greatest Hits in Order of Release [till May 2022],CHRISTINA AGUILERA,,,
Entire_music/train/Pop_29/290024.m4a,Pop,train,Candyman,Candyman,,,,
Entire_music/train/Pop_29/290025.mp3,Pop,train,Celine Dion Greatest Hits - Best Songs,Celine Dion Greatest Hits - Best Songs,Celine Dion,,,
Entire_music/train/Pop_29/290026.m4a,Pop,train,Doctor Jones,Doctor Jones,,,,
Entire_music/train/Pop_29/290027.mp3,Pop,train,DuaLipa Greatest Hits Full Album 2023 - DuaLipa Best Songs Playlist 2023,DuaLipa Greatest Hits Full Album 2023 - DuaLipa Best Songs Playlist 2023,Dua Lipa,,,
Entire_music/train/Pop_29/290028.mp3,Pop,train,Frank Sinatra Greatest Hits Full Playlist The Best Of Frank Sinatra Frank Sinatra Collection,Frank Sinatra Greatest Hits The Best Of Frank Sinatra Frank Sinatra Collection,Frank Sinatra,,,
Entire_music/train/Pop_29/290029.mp3,Pop,train,George Michael Greatest Hits Collection Best Songs Of George Michael Full Album 2022,George Michael Greatest Hits Collection | Best Songs Of George Michael Full Album 2022,George Michael,,,
Entire_music/train/Pop_29/290030.mp3,Pop,train,Imagine Dragons Playlist,Imagine Dragons Playlist,Imagine Dragons,,,
Entire_music/train/Pop_29/290031.mp3,Pop,train,Justin Bieber Top 20 Songs Playlist Hit English songs 2023,Justin Bieber Top 20 Songs Playlist Hit English songs 2023,Justin Bieber,,,
Entire_music/train/Pop_29/290032.mp3,Pop,train,Lady Gaga - Greatest Hits Full Album - Best Songs Collection 2023,Lady Gaga - Greatest Hits Full Album - Best Songs Collection 2023,Lady Gaga,,,
Entire_music/train/Pop_29/290033.mp3,Pop,train,Le 50 Migliori Canzoni di Elodie Elodie Greatest Hit 2022,Le 50 Migliori Canzoni di Elodie Elodie Greatest Hit 2022,Elodie,,,
Entire_music/train/Pop_29/290034.mp3,Pop,train,Legendary Divas Mariah Carey Greatest Hits Full Album,Legendary Divas || Mariah Carey || Greatest Hits Full Album,Mariah Carey,,,
Entire_music/train/Pop_29/290035.mp3,Pop,train,Lionel Richie Greatest Hits - Best Songs of Lionel Richie (HQ),Lionel Richie Greatest Hits - Best Songs of Lionel Richie,Lionel Richie,,,
Entire_music/train/Pop_29/290036.mp3,Pop,train,Maroon 5 - Best Songs Collection 2023 - Greatest Hits Songs of All Time,Best Songs Collection 2023 - Greatest Hits Songs of All Time,Maroon 5,,,
Entire_music/test/Pop_29/290037.mp3,Pop,test,MichaelJackson Greatest Hits 2023 Michael Jackson Best Soul Songs 90s - 2000s Playlist,MichaelJackson Greatest Hits 2023 | Michael Jackson Best Soul Songs 90's - 2000's Playlist,Michael Jackson,,,
Entire_music/train/Pop_29/290038.mp3,Pop,train,Nat King Cole The Very Best Of Nat King Cole Greatest Hits 2022 Nat King Cole Collection,Nat King Cole The Very Best Of | Nat King Cole Greatest Hits 2022 | Nat King Cole Collection,Nat King Cole,,,
Entire_music/train/Pop_29/290039.mp3,Pop,train,PINK - Greatest Hits 2023 - TOP Songs of the Weeks 2023 - Best Song Playlist Full Album,Greatest Hits 2023 - TOP Songs of the Weeks 2023 - Best Song Playlist,PINK,,,
Entire_music/test/Pop_29/290040.mp3,Pop,test,Shakira Exitos - Shakira Sus Mejores Canciones 2023 - Shakira Grandes Exitos 2023,Shakira Exitos - Shakira Sus Mejores Canciones 2023 - Shakira Grandes Exitos 2023,Shakira,,,
Entire_music/train/Pop_29/290041.mp3,Pop,train,SpiceGirls Greatest Hits Full Album - Best Songs Of SpiceGirls Playlist,SpiceGirls Greatest Hits - Best Songs Of SpiceGirls Playlist,Spice Girls,,,
Entire_music/train/Pop_29/290042.mp3,Pop,train,"The Best Of Madonna Songs 2022 - Madonna Greatest Hits Full Album - La Isla Bonita, Hung Up, ...","The Best Of Madonna Songs 2022 💕 Madonna Greatest Hits Full Album 💕 La Isla Bonita, Hung Up, ...",Madonna,,,
Entire_music/train/Pop_29/290043.mp3,Pop,train,The Best Of Rihanna - Rihanna Greatest Hits Full Album 2023,The Best Of Rihanna - Rihanna Greatest Hits Full Album 2023,Rihanna,,,
Entire_music/train/Pop_29/290044.mp3,Pop,train,The Greatest Hits Of Whitney Houston - Best Divas Songs Collection,The Greatest Hits Of Whitney Houston - Best Divas Songs Collection,Whitney Houston,,,
Entire_music/train/Pre-renaissance_sacred_30/300001.mp3,Pre-renaissance sacred,train,Century XII Medieval Sacred Songs,Century XII Medieval Sacred Songs,,,,
Entire_music/test/Pre-renaissance_sacred_30/300002.mp3,Pre-renaissance sacred,test,John Dunstable (c.1390-1453) - Musician To The Plantagenets,Musician To The Plantagenets,,,,John Dunstable
Entire_music/train/Pre-renaissance_sacred_30/300003.mp3,Pre-renaissance sacred,train,Machaut - Messe de Notre Dame (Ensemble Organum),Messe de Notre Dame,Ensemble Organum,,,Machaut
Entire_music/val/Pre-renaissance_sacred_30/300004.mp3,Pre-renaissance sacred,val,Monges de Santo Domingo de Silos Canto Gregoriano,Canto Gregoriano,Monges de Santo Domingo de Silos,,,
Entire_music/train/Pre-renaissance_secular_31/310001.mp3,Pre-renaissance secular,train,Dr. Ludwigs medieval German song compilation,Dr. Ludwigs medieval German song compilation,,,,
Entire_music/train/Pre-renaissance_secular_31/310002.mp3,Pre-renaissance secular,train,Fiesta en el palacio de Alfonso el sabio,Fiesta en el palacio de Alfonso el sabio,,,,
Entire_music/val/Pre-renaissance_secular_31/310003.mp3,Pre-renaissance secular,val,Guillaume de Machaut (c1300-1377) Polyphonic Chansons,Polyphonic Chansons,,,,Guillaume de Machaut
Entire_music/test/Pre-renaissance_secular_31/310004.mp3,Pre-renaissance secular,test,Istanpitta - Let the Dance Begin,Istanpitta - Let the Dance Begin,,,,
Entire_music/train/Pre-renaissance_secular_31/310005.mp3,Pre-renaissance secular,train,Medieval and Renaissance Music of Spain - Música Medieval y Renacentista de España,Medieval and Renaissance Music of Spain - Música Medieval y Renacentista de España,,,,
Entire_music/train/Pre-renaissance_secular_31/310006.mp3,Pre-renaissance secular,train,Music of the Early Renaissance John Dunstable & his contemporaries,Music of the Early Renaissance John Dunstable & his contemporaries,,,,John Dunstable
Entire_music/train/Pre-renaissance_secular_31/310007.mp3,Pre-renaissance secular,train,Istanpitta - Italian Instrumental Medieval Music - Studio der frühen Musik,Istanpitta - Italian Instrumental Medieval Music,Studio der frühen Musik,,,
Entire_music/train/Rap_hip_hop_32/320001.mp3,"Rap, hip hop",train,01 - ASIAN DUB FOUNDATION - Flyover,Flyover,ASIAN DUB FOUNDATION,,,
Entire_music/train/Rap_hip_hop_32/320002.mp3,"Rap, hip hop",train,01 Chi E' Dint E' Dint,Chi E' Dint E' Dint,Morfuco MC & Tonico 70,Chi E' Dint E' Dint,2008,
Entire_music/train/Rap_hip_hop_32/320003.wma,"Rap, hip hop",train,Asian Dub Foundation - Facts and Fictions - track 01,,Asian Dub Foundation,Facts and Fictions,,Zaman
Entire_music/train/Rap_hip_hop_32/320004.wma,"Rap, hip hop",train,Asian Dub Foundation - R.A.F.I. - track 01,,Asian Dub Foundation,R.A.F.I.,,Asian Dub Foundation
Entire_music/train/Rap_hip_hop_32/320005.wma,"Rap, hip hop",train,01 Real great britain,Real great britain,,,,
Entire_music/train/Rap_hip_hop_32/320006.wma,"Rap, hip hop",train,01 Witness (DJ Scud remix),Witness (DJ Scud remix),Asian Dub Foundation,Frontline 1993-1997 (Rarities & Remixes) [UK],,
Entire_music/train/Rap_hip_hop_32/320007.mp3,"Rap, hip hop",train,01-99 Posse - NA99 10° (cd2) - 01 - Facendo La Storia,Facendo La Storia,99 Posse,NA - 99 - 10 cd 2,2001,
Entire_music/train/Rap_hip_hop_32/320008.mp3,"Rap, hip hop",train,01-a tribe called quest-the space program,The Space Program,A Tribe Called Quest,We got it from Here... Thank You 4 Your service,2016,
Entire_music/train/Rap_hip_hop_32/320009.mp3,"Rap, hip hop",train,01-cypress hill-how i could just kill a man,How I Could Just Kill A Man,Cypress Hill,Greatest Hits From The Bong,2005-12-13,
Entire_music/train/Rap_hip_hop_32/320010.mp3,"Rap, hip hop",train,02 - ASIAN DUB FOUNDATION - Take Back The Power,Take Back The Power,ASIAN DUB FOUNDATION,,,
Entire_music/train/Rap_hip_hop_32/320011.wma,"Rap, hip hop",train,02 Change A Gonna Come,Change A Gonna Come,Asian Dub Foundation,Frontline 1993-1997 (Rarities & Remixes) [UK],,
Entire_music/train/Rap_hip_hop_32/320012.wma,"Rap, hip hop",train,02 Memory war,Memory war,,,,
Entire_music/train/Rap_hip_hop_32/320013.mp3,"Rap, hip hop",train,02 Molotov (feat.Patto Mc),Molotov (feat.Patto Mc),Morfuco MC & Tonico 70,Chi E' Dint E' Dint,2008,
Entire_music/train/Rap_hip_hop_32/320014.wma,"Rap, hip hop",train,Asian Dub Foundation - Facts and Fictions - track 02,,Asian Dub Foundation,Facts and Fictions,,Steve Chandra Savale
Entire_music/train/Rap_hip_hop_32/320015.wma,"Rap, hip hop",train,Asian Dub Foundation - R.A.F.I. - track 02,,Asian Dub Foundation,R.A.F.I.,,Asian Dub Foundation
Entire_music/train/Rap_hip_hop_32/320016.mp3,"Rap, hip hop",train,02-a tribe called quest-we the people,We The People....,A Tribe Called Quest,We got it from Here... Thank You 4 Your service,2016,
Entire_music/train/Rap_hip_hop_32/320017.mp3,"Rap, hip hop",train,02-cypress hill-hand on the pump,Hand On The Pump,Cypress Hill,Greatest Hits From The Bong,2005-12-13,
Entire_music/test/Rap_hip_hop_32/320018.mp3,"Rap, hip hop",test,03 - ASIAN DUB FOUNDATION - Hope,Hope,ASIAN DUB FOUNDATION,,,
Entire_music/train/Rap_hip_hop_32/320019.mp3,"Rap, hip hop",train,03 Libbr (feat.Clementino),Libbr (feat.Clementino),Morfuco MC & Tonico 70,Chi E' Dint E' Dint,2008,
Entire_music/train/Rap_hip_hop_32/320020.wma,"Rap, hip hop",train,03 Officer xx,Officer xx,,,,
Entire_music/test/Rap_hip_hop_32/320021.wma,"Rap, hip hop",test,Asian Dub Foundation - R.A.F.I. - track 03,,Asian Dub Foundation,R.A.F.I.,,Asian Dub Foundation
Entire_music/val/Rap_hip_hop_32/320022.wma,"Rap, hip hop",val,03 Strong Culture (Juttla & Charged mix),Strong Culture (Juttla & Charged mix),Asian Dub Foundation,Frontline 1993-1997 (Rarities & Remixes) [UK],,
Entire_music/val/Rap_hip_hop_32/320023.m4a,"Rap, hip hop",val,03-Cani sciolti- Sangue misto,Cani sciolti,Sangue misto,,,
Entire_music/train/Rap_hip_hop_32/320024.mp3,"Rap, hip hop",train,03-a tribe called quest-whateva will be,Whateva Will Be,A Tribe Called Quest,We got it from Here... Thank You 4 Your service,2016,
Entire_music/train/Rap_hip_hop_32/320025.mp3,"Rap, hip hop",train,03-cypress hill-latin lingo,Latin Lingo,Cypress Hill,Greatest Hits From The Bong,2005-12-13,
Entire_music/train/Rap_hip_hop_32/320026.mp3,"Rap, hip hop",train,04 - ASIAN DUB FOUNDATION - Round Up,Round Up,ASIAN DUB FOUNDATION,,,
Entire_music/test/Rap_hip_hop_32/320027.mp3,"Rap, hip hop",test,04 Apparteng Sul A Sta Terra Mi (fea,Apparteng Sul A Sta Terra Mi (feat.Ramitzu),Morfuco MC & Tonico 70,Chi E' Dint E' Dint,2008,
Entire_music/val/Rap_hip_hop_32/320028.wma,"Rap, hip hop",val,04 Change A Gonna Come (Panicstepper remix),Change A Gonna Come (Panicstepper remix),Asian Dub Foundation,Frontline 1993-1997 (Rarities & Remixes) [UK],,
Entire_music/train/Rap_hip_hop_32/320029.wma,"Rap, hip hop",train,04 New way new life,New way new life,,,,
Entire_music/train/Rap_hip_hop_32/320030.wma,"Rap, hip hop",train,Asian Dub Foundation - Facts and Fictions - track 04,,Asian Dub Foundation,Facts and Fictions,,Steve Chandra Savale
Entire_music/train/Rap_hip_hop_32/320031.wma,"Rap, hip hop",train,Asian Dub Foundation - R.A.F.I. - track 04,,Asian Dub Foundation,R.A.F.I.,,Asian Dub Foundation
Entire_music/train/Rap_hip_hop_32/320032.wma,"Rap, hip hop",train,04 ta deem,ta deem,Asian Dub Foundation,Conscious Party,,Nusrat Fateh Ali Khan
Entire_music/val/Rap_hip_hop_32/320033.m4a,"Rap, hip hop",val,04-Lo straniero- Sangue Misto,Lo straniero,Neffa,,,
Entire_music/val/Rap_hip_hop_32/320034.mp3,"Rap, hip hop",val,04-a tribe called quest-solid wall of sound,Solid Wall of Sound,A Tribe Called Quest,We got it from Here... Thank You 4 Your service,2016,
Entire_music/train/Rap_hip_hop_32/320035.mp3,"Rap, hip hop",train,04-cypress hill-insane in the brain,Insane In The Brain,Cypress Hill,Greatest Hits From The Bong,2005-12-13,
Entire_music/train/Rap_hip_hop_32/320036.mp3,"Rap, hip hop",train,05 - ASIAN DUB FOUNDATION - Powerlines,Powerlines,ASIAN DUB FOUNDATION,,,
Entire_music/train/Rap_hip_hop_32/320037.mp3,"Rap, hip hop",train,05 Hope And Sorrow - 03 - Wax Tailor - The Games You Play (Feat Voice),The Games You Play (Feat Voice),Wax Tailor,Hope And Sorrow,,
Entire_music/train/Rap_hip_hop_32/320038.mp3,"Rap, hip hop",train,05 La Proteggigi (Skit),La Proteggigi (Skit),Morfuco MC & Tonico 70,Chi E' Dint E' Dint,2008,
Entire_music/train/Rap_hip_hop_32/320039.wma,"Rap, hip hop",train,Asian Dub Foundation - Facts and Fictions - track 05,,Asian Dub Foundation,Facts and Fictions,,Zaman
Entire_music/train/Rap_hip_hop_32/320040.wma,"Rap, hip hop",train,Asian Dub Foundation - R.A.F.I. - track 05,,Asian Dub Foundation,R.A.F.I.,,Asian Dub Foundation
Entire_music/train/Rap_hip_hop_32/320041.wma,"Rap, hip hop",train,05 Riddim i like,Riddim i like,,,,
Entire_music/train/Rap_hip_hop_32/320042.wma,"Rap, hip hop",train,05 Rivers Of Dub,Rivers Of Dub,Asian Dub Foundation,Frontline 1993-1997 (Rarities & Remixes) [UK],,
Entire_music/train/Rap_hip_hop_32/320043.mp3,"Rap, hip hop",train,05-Fritz Da Cat - Meglio Così - Bassi Maestro - Track 04,Meglio Così,Fritz Da Cat,,,
Entire_music/train/Rap_hip_hop_32/320044.mp3,"Rap, hip hop",train,05-a tribe called quest-dis generation,Dis Generation,A Tribe Called Quest,We got it from Here... Thank You 4 Your service,2016,
Entire_music/train/Rap_hip_hop_32/320045.mp3,"Rap, hip hop",train,06 - ASIAN DUB FOUNDATION - Tank,Tank,ASIAN DUB FOUNDATION,,,
Entire_music/train/Rap_hip_hop_32/320046.wma,"Rap, hip hop",train,06 Collective mode,Collective mode,,,,
Entire_music/train/Rap_hip_hop_32/320047.mp3,"Rap, hip hop",train,06 Hope And Sorrow - 07 - Wax Tailor - Positively Inclined (Feat Marina Quaisse & A.S.M),Positively Inclined (Feat Marina Quaisse & A.S.M),Wax Tailor,Hope And Sorrow,,
Entire_music/train/Rap_hip_hop_32/320048.wma,"Rap, hip hop",train,Asian Dub Foundation - Facts and Fictions - track 06,,Asian Dub Foundation,Facts and Fictions,,Zaman
Entire_music/train/Rap_hip_hop_32/320049.wma,"Rap, hip hop",train,Asian Dub Foundation - R.A.F.I. - track 06,,Asian Dub Foundation,R.A.F.I.,,Lisa Das
Entire_music/train/Rap_hip_hop_32/320050.mp3,"Rap, hip hop",train,06 Prim Mi A' Stenn,Prim Mi A' Stenn,Morfuco MC & Tonico 70,Chi E' Dint E' Dint,2008,
Entire_music/train/Rap_hip_hop_32/320051.wma,"Rap, hip hop",train,06 Tu Meri (Wayward Soul remix),Tu Meri (Wayward Soul remix),Asian Dub Foundation,Frontline 1993-1997 (Rarities & Remixes) [UK],,
Entire_music/train/Rap_hip_hop_32/320052.mp3,"Rap, hip hop",train,06-Dio lodato joe cassano,Dio lodato,joe cassano,,,
Entire_music/train/Rap_hip_hop_32/320053.mp3,"Rap, hip hop",train,06-a tribe called quest-kids.,Kids...,A Tribe Called Quest,We got it from Here... Thank You 4 Your service,2016,
Entire_music/test/Rap_hip_hop_32/320054.mp3,"Rap, hip hop",test,07 - ASIAN DUB FOUNDATION - Who Runs The Place,Who Runs The Place,ASIAN DUB FOUNDATION,,,
Entire_music/test/Rap_hip_hop_32/320055.mp3,"Rap, hip hop",test,07 - This Train (feat Voice _ Ali Harter),This Train (feat Voice & Ali Harter),Wax Tailor,In The Mood for Life,2009,
Entire_music/train/Rap_hip_hop_32/320056.wma,"Rap, hip hop",train,07 Crash,Crash,,,,
Entire_music/test/Rap_hip_hop_32/320057.wma,"Rap, hip hop",test,07 Nazrul Dub,Nazrul Dub,Asian Dub Foundation,Frontline 1993-1997 (Rarities & Remixes) [UK],,
Entire_music/train/Rap_hip_hop_32/320058.mp3,"Rap, hip hop",train,07 Permess (feat.Sawerio),Permess (feat.Sawerio),Morfuco MC & Tonico 70,Chi E' Dint E' Dint,2008,
Entire_music/train/Rap_hip_hop_32/320059.wma,"Rap, hip hop",train,Asian Dub Foundation - Facts and Fictions - track 07,,Asian Dub Foundation,Facts and Fictions,,Zaman
Entire_music/test/Rap_hip_hop_32/320060.wma,"Rap, hip hop",test,Asian Dub Foundation - R.A.F.I. - track 07,,Asian Dub Foundation,R.A.F.I.,,Asian Dub Foundation
Entire_music/train/Rap_hip_hop_32/320061.m4a,"Rap, hip hop",train,07-Solo Fumo - Neffa,Solo Fumo,Neffa,,,
Entire_music/test/Rap_hip_hop_32/320062.mp3,"Rap, hip hop",test,07-a tribe called quest-melatonin,Melatonin,A Tribe Called Quest,We got it from Here... Thank You 4 Your service,2016,
Entire_music/train/Rap_hip_hop_32/320063.mp3,"Rap, hip hop",train,08 - ASIAN DUB FOUNDATION - Oil,Oil,ASIAN DUB FOUNDATION,,,
Entire_music/train/Rap_hip_hop_32/320064.wma,"Rap, hip hop",train,08 Colour line,Colour line,,,,
Entire_music/val/Rap_hip_hop_32/320065.wma,"Rap, hip hop",val,08 Jericho (Capa D dub),Jericho (Capa D dub),Asian Dub Foundation,Frontline 1993-1997 (Rarities & Remixes) [UK],,
Entire_music/train/Rap_hip_hop_32/320066.mp3,"Rap, hip hop",train,08 Menu Mal (feat.U Rootz & Youthman,Menu Mal (feat.U Rootz & Youthman Erbapipa),Morfuco MC & Tonico 70,Chi E' Dint E' Dint,2008,
Entire_music/train/Rap_hip_hop_32/320067.wma,"Rap, hip hop",train,Asian Dub Foundation - Facts and Fictions - track 08,,Asian Dub Foundation,Facts and Fictions,,Thorpe
Entire_music/val/Rap_hip_hop_32/320068.wma,"Rap, hip hop",val,Asian Dub Foundation - R.A.F.I. - track 08,,Asian Dub Foundation,R.A.F.I.,,Asian Dub Foundation
Entire_music/train/Rap_hip_hop_32/320069.m4a,"Rap, hip hop",train,08-Neffa- In linea,In linea,Neffa,,,
Entire_music/train/Rap_hip_hop_32/320070.mp3,"Rap, hip hop",train,08-a tribe called quest-enough,Enough!!,A Tribe Called Quest,We got it from Here... Thank You 4 Your service,2016,
Entire_music/train/Rap_hip_hop_32/320071.mp3,"Rap, hip hop",train,09 - ASIAN DUB FOUNDATION - Warring Dhol,Warring Dhol,ASIAN DUB FOUNDATION,,,
Entire_music/train/Rap_hip_hop_32/320072.wma,"Rap, hip hop",train,09 P.K.N.B. (Dry & Heavy Connection dub),P.K.N.B. (Dry & Heavy Connection dub),Asian Dub Foundation,Frontline 1993-1997 (Rarities & Remixes) [UK],,
Entire_music/train/Rap_hip_hop_32/320073.wma,"Rap, hip hop",train,Asian Dub Foundation - Facts and Fictions - track 09,,Asian Dub Foundation,Facts and Fictions,,Zaman
Entire_music/train/Rap_hip_hop_32/320074.wma,"Rap, hip hop",train,Asian Dub Foundation - Enemy of the Enemy - track 09,,Asian Dub Foundation,Enemy of the Enemy,,Steve Chandra Savale
Entire_music/train/Rap_hip_hop_32/320075.wma,"Rap, hip hop",train,Asian Dub Foundation - R.A.F.I. - track 09,,Asian Dub Foundation,R.A.F.I.,,Asian Dub Foundation
Entire_music/val/Rap_hip_hop_32/320076.mp3,"Rap, hip hop",val,"09 Stile Cafardo (feat.Stik B, Kabul","Stile Cafardo (feat.Stik B, Kabul Mc)",Morfuco MC & Tonico 70,Chi E' Dint E' Dint,2008,
Entire_music/train/Rap_hip_hop_32/320077.wma,"Rap, hip hop",train,09 Taa deem,Taa deem,,,,
Entire_music/train/Rap_hip_hop_32/320078.mp3,"Rap, hip hop",train,09-Neffa_ - Chicopisco - Funk A Un,Chicopisco - Funk A Un,Neffa,,,
Entire_music/train/Rap_hip_hop_32/320079.mp3,"Rap, hip hop",train,09-a tribe called quest-mobius,Mobius,A Tribe Called Quest,We got it from Here... Thank You 4 Your service,2016,
Entire_music/train/Rap_hip_hop_32/320080.mp3,"Rap, hip hop",train,1 Hour of chill A Tribe Called Quest songs,1 Hour of chill A Tribe Called Quest songs,A Tribe Called Quest,,,
Entire_music/train/Rap_hip_hop_32/320081.aiff,"Rap, hip hop",train,,,,,,
Entire_music/train/Rap_hip_hop_32/320082.mp3,"Rap, hip hop",train,10 - ASIAN DUB FOUNDATION - Tomorrow Begins Today,Tomorrow Begins Today,ASIAN DUB FOUNDATION,,,
Entire_music/train/Rap_hip_hop_32/320083.mp3,"Rap, hip hop",train,10 Aesop Rock - Daylight,Daylight,Aesop Rock,,,
Entire_music/train/Rap_hip_hop_32/320084.wma,"Rap, hip hop",train,10 C.A.G.C. (via pirate satellite),C.A.G.C. (via pirate satellite),Asian Dub Foundation,Frontline 1993-1997 (Rarities & Remixes) [UK],,
Entire_music/train/Rap_hip_hop_32/320085.wma,"Rap, hip hop",train,10 Judgement,Judgement,,,,
Entire_music/train/Rap_hip_hop_32/320086.mp3,"Rap, hip hop",train,10 Non Basta (feat.Effetto Serra),Non Basta (feat.Effetto Serra),Morfuco MC & Tonico 70,Chi E' Dint E' Dint,2008,
Entire_music/train/Rap_hip_hop_32/320087.wma,"Rap, hip hop",train,Asian Dub Foundation - Facts and Fictions - track 10,,Asian Dub Foundation,Facts and Fictions,,Zaman
Entire_music/train/Rap_hip_hop_32/320088.wma,"Rap, hip hop",train,Asian Dub Foundation - Enemy of the Enemy - track 10,,Asian Dub Foundation,Enemy of the Enemy,,Steve Chandra Savale
Entire_music/train/Rap_hip_hop_32/320089.wma,"Rap, hip hop",train,Asian Dub Foundation - R.A.F.I. - track 10,,Asian Dub Foundation,R.A.F.I.,,Asian Dub Foundation
Entire_music/train/Rap_hip_hop_32/320090.aiff,"Rap, hip hop",train,,,,,,
Entire_music/train/Rap_hip_hop_32/320091.mp3,"Rap, hip hop",train,10-Frankie Hi NRG MC - Fight da Faida (Original),Fight da Faida,Frankie Hi NRG MC,,2010,
Entire_music/train/Rap_hip_hop_32/320092.mp3,"Rap, hip hop",train,10-a tribe called quest-black spasmodic,Black Spasmodic,A Tribe Called Quest,We got it from Here... Thank You 4 Your service,2016,
Entire_music/train/Rap_hip_hop_32/320093.mp3,"Rap, hip hop",train,11 - ASIAN DUB FOUNDATION - Melody Seven,Melody Seven,ASIAN DUB FOUNDATION,,,
Entire_music/train/Rap_hip_hop_32/320094.mp3,"Rap, hip hop",train,"11 DJ JS-1 - Karma Killaz feat. Aesop Rock, C Rayz Walz & Vast Aire","Karma Killaz feat. Aesop Rock, C Rayz Walz & Vast Aire",DJ JS-1,,,
Entire_music/train/Rap_hip_hop_32/320095.mp3,"Rap, hip hop",train,11 Mo O Mai Chiù (feat.Stik B),Mo O Mai Chiù (feat.Stik B),Morfuco MC & Tonico 70,Chi E' Dint E' Dint,2008,
Entire_music/train/Rap_hip_hop_32/320096.wma,"Rap, hip hop",train,11 Operation Eagle Lie,Operation Eagle Lie,Asian Dub Foundation,Frontline 1993-1997 (Rarities & Remixes) [UK],,
Entire_music/train/Rap_hip_hop_32/320097.wma,"Rap, hip hop",train,Asian Dub Foundation - Facts and Fictions - track 11,,Asian Dub Foundation,Facts and Fictions,,Steve Chandra Savale
Entire_music/train/Rap_hip_hop_32/320098.wma,"Rap, hip hop",train,Asian Dub Foundation - Enemy of the Enemy - track 11,,Asian Dub Foundation,Enemy of the Enemy,,Steve Chandra Savale
Entire_music/train/Rap_hip_hop_32/320099.wma,"Rap, hip hop",train,Asian Dub Foundation - R.A.F.I. - track 11,,Asian Dub Foundation,R.A.F.I.,,Ysanne Spacek
Entire_music/train/Rap_hip_hop_32/320100.aiff,"Rap, hip hop",train,,,,,,
Entire_music/train/Rap_hip_hop_32/320101.wma,"Rap, hip hop",train,11 Truth hides,Truth hides,,,,
Entire_music/test/Rap_hip_hop_32/320102.mp3,"Rap, hip hop",test,"11-Quelli che ben pensano,Frankie Hi Nrg(Testo)",Quelli che ben pensano,Frankie Hi Nrg,,,
Entire_music/train/Rap_hip_hop_32/320103.mp3,"Rap, hip hop",train,11-a tribe called quest-the killing season,The Killing Season,A Tribe Called Quest,We got it from Here... Thank You 4 Your service,2016,
Entire_music/train/Rap_hip_hop_32/320104.wma,"Rap, hip hop",train,Asian Dub Foundation - Facts and Fictions - track 12,,Asian Dub Foundation,Facts and Fictions,,Steve Chandra Savale
Entire_music/test/Rap_hip_hop_32/320105.wma,"Rap, hip hop",test,Asian Dub Foundation - R.A.F.I. - track 12,,Asian Dub Foundation,R.A.F.I.,,Navigator
Entire_music/train/Rap_hip_hop_32/320106.wma,"Rap, hip hop",train,12 Rebel warrior,Rebel warrior,,,,
Entire_music/val/Rap_hip_hop_32/320107.mp3,"Rap, hip hop",val,12 Schiavo Senza Catene,Schiavo Senza Catene,Morfuco MC & Tonico 70,Chi E' Dint E' Dint,2008,
Entire_music/train/Rap_hip_hop_32/320108.mp3,"Rap, hip hop",train,12 Tame One - Molly ft Aesop Rock and Breeze Brewin (Official) __ Amalgam Digital,Molly ft Aesop Rock and Breeze Brewin,Tame One,,,
Entire_music/test/Rap_hip_hop_32/320109.mp3,"Rap, hip hop",test,12-Frankie Hi Nrg Mc - Fili,Fili,Frankie Hi NRG MC,,2010,
Entire_music/train/Rap_hip_hop_32/320110.mp3,"Rap, hip hop",train,12-a tribe called quest-lost somebody,Lost Somebody,A Tribe Called Quest,We got it from Here... Thank You 4 Your service,2016,
Entire_music/train/Rap_hip_hop_32/320111.wma,"Rap, hip hop",train,13 Committed to life,Committed to life,,,,
Entire_music/train/Rap_hip_hop_32/320112.wma,"Rap, hip hop",train,Asian Dub Foundation - R.A.F.I. - track 13,,Asian Dub Foundation,R.A.F.I.,,Asian Dub Foundation
Entire_music/train/Rap_hip_hop_32/320113.m4a,"Rap, hip hop",train,13 Runnin- The Pharcyde,Runnin,The Pharcyde,,,
Entire_music/train/Rap_hip_hop_32/320114.mp3,"Rap, hip hop",train,"13 Vip (feat.Stik B, Kabul Mc)","Vip (feat.Stik B, Kabul Mc)",Morfuco MC & Tonico 70,Chi E' Dint E' Dint,2008,
Entire_music/train/Rap_hip_hop_32/320115.mp3,"Rap, hip hop",train,13-Frankie HI-NRG MC - POTERE ALLA PAROLA (RMX),Potere alla parola,Frankie Hi NRG MC,,2010,
Entire_music/train/Rap_hip_hop_32/320116.mp3,"Rap, hip hop",train,13-a tribe called quest-movin backwards,Movin Backwards,A Tribe Called Quest,We got it from Here... Thank You 4 Your service,2016,
Entire_music/train/Rap_hip_hop_32/320117.wma,"Rap, hip hop",train,14 Asian...,Asian...,Asian Dub Foundation,Conscious Party,,S. Tailor
Entire_music/train/Rap_hip_hop_32/320118.mp3,"Rap, hip hop",train,14 Mo V Ne Ta' I,Mo V Ne Ta' I,Morfuco MC & Tonico 70,Chi E' Dint E' Dint,2008,
Entire_music/train/Rap_hip_hop_32/320119.m4a,"Rap, hip hop",train,14 Passin me by - The Pharcyde,Passing me by,The Pharcyde,,,
Entire_music/train/Rap_hip_hop_32/320120.wma,"Rap, hip hop",train,14 Scalling new heights,Scalling new heights,,,,
Entire_music/train/Rap_hip_hop_32/320121.mp3,"Rap, hip hop",train,14-Dj Gruff feat. Gopher - Vera dinamite,Vera dinamite,Dj Gruff feat. Gopher -,,,
Entire_music/train/Rap_hip_hop_32/320122.mp3,"Rap, hip hop",train,14-a tribe called quest-conrad tokyo,Conrad Tokyo,A Tribe Called Quest,We got it from Here... Thank You 4 Your service,2016,
Entire_music/train/Rap_hip_hop_32/320123.mp3,"Rap, hip hop",train,15 Che Guaie (feat.Grisù & President,Che Guaie (feat.Grisù & President Paranza Vibes),Morfuco MC & Tonico 70,Chi E' Dint E' Dint,2008,
Entire_music/train/Rap_hip_hop_32/320124.m4a,"Rap, hip hop",train,15 what's love got to do it - warren g,what's love got to do it,Warren G,,,
Entire_music/train/Rap_hip_hop_32/320125.mp3,"Rap, hip hop",train,15-Dj Gruff - Lowdy 82 03 - Lungotevere,Lowdy 82 03 - Lungotevere,Dj Gruff,,,
Entire_music/train/Rap_hip_hop_32/320126.mp3,"Rap, hip hop",train,15-a tribe called quest-ego,Ego,A Tribe Called Quest,We got it from Here... Thank You 4 Your service,2016,
Entire_music/train/Rap_hip_hop_32/320127.m4a,"Rap, hip hop",train,16 This dj - Warren G,Thi dj,Warren G,,,
Entire_music/train/Rap_hip_hop_32/320128.mp3,"Rap, hip hop",train,16-Colle der Fomento - Vita,Vita,Colle der Fomento,Scienza doppia H,1998,
Entire_music/train/Rap_hip_hop_32/320129.mp3,"Rap, hip hop",train,16-a tribe called quest-the donald,The Donald,A Tribe Called Quest,We got it from Here... Thank You 4 Your service,2016,
Entire_music/train/Rap_hip_hop_32/320130.mp3,"Rap, hip hop",train,17 De La Soul - 4 More,4 More,De La Soul,,,
Entire_music/train/Rap_hip_hop_32/320131.mp3,"Rap, hip hop",train,17-SANGUE MOSTRO _ IN ITALIA,IN ITALIA,SANGUE MOSTRO,,,
Entire_music/train/Rap_hip_hop_32/320132.mp3,"Rap, hip hop",train,18 La coca nostra- that's coke,La coca nostra - that's coke,,,,
Entire_music/train/Rap_hip_hop_32/320133.mp3,"Rap, hip hop",train,18-Sangue Mostro-L urdimu tip [ e ke s fa],L urdimu tip [e ke s fa],Sangue Mostro,,,
Entire_music/train/Rap_hip_hop_32/320134.mp3,"Rap, hip hop",train,19 MF DOOM - GAZZILLION EAR,GAZZILLION EAR,MF DOOM,,,
Entire_music/train/Rap_hip_hop_32/320135.mp3,"Rap, hip hop",train,19-Clementino-Frutti del funk,Clementino-Frutti del funk,,,,
Entire_music/train/Rap_hip_hop_32/320136.aiff,"Rap, hip hop",train,,,,,,
Entire_music/train/Rap_hip_hop_32/320137.mp3,"Rap, hip hop",train,20 Limp Bizkit - N 2 Gether Now,N 2 Gether Now,Limp Bizkit,,,
Entire_music/train/Rap_hip_hop_32/320138.mp3,"Rap, hip hop",train,20-Clementino - LA MIA MUSICA (feat. Paolo ''TheRivati'' Maccaro-Gruff-Danno-Esa-Paura-Tayone)(2),LA MIA MUSICA (feat. Paolo ''TheRivati'' Maccaro-Gruff-Danno-Esa-Paura-Tayone)(2),Clementino,,,
Entire_music/train/Rap_hip_hop_32/320139.aiff,"Rap, hip hop",train,,,,,,
Entire_music/train/Rap_hip_hop_32/320140.aiff,"Rap, hip hop",train,,,,,,
Entire_music/train/Rap_hip_hop_32/320141.aiff,"Rap, hip hop",train,,,,,,
Entire_music/train/Rap_hip_hop_32/320142.aiff,"Rap, hip hop",train,,,,,,
Entire_music/train/Rap_hip_hop_32/320143.aiff,"Rap, hip hop",train,,,,,,
Entire_music/train/Rap_hip_hop_32/320144.aiff,"Rap, hip hop",train,,,,,,
Entire_music/train/Rap_hip_hop_32/320145.aiff,"Rap, hip hop",train,,,,,,
Entire_music/train/Rap_hip_hop_32/320146.mp3,"Rap, hip hop",train,99 Posse & Bisca & Almamegretta - Leoncavallo live - 01 - 'O treno,O treno,99 Posse - Bisca - Alma Megretta,Leoncavallo Live,1992,
Entire_music/train/Rap_hip_hop_32/320147.mp3,"Rap, hip hop",train,99 Posse & Bisca & Almamegretta - Leoncavallo live - 02 - 'O documento,O Documento,99 Posse - Bisca - Alma Megretta,Leoncavallo Live,1992,
Entire_music/train/Rap_hip_hop_32/320148.mp3,"Rap, hip hop",train,99 Posse & Bisca & Almamegretta - Leoncavallo live - 03 - Napoli,Napoli',99 Posse - Bisca - Alma Megretta,Leoncavallo Live,1992,
Entire_music/train/Rap_hip_hop_32/320149.mp3,"Rap, hip hop",train,99 Posse & Bisca & Almamegretta - Leoncavallo live - 04 - Salario garantito + Larsen(1),Salario garantito + Larsen,99 Posse - Bisca - Alma Megretta,Leoncavallo Live,1992,
Entire_music/test/Rap_hip_hop_32/320150.mp3,"Rap, hip hop",test,99 Posse & Bisca & Almamegretta - Leoncavallo live - 05 - È tutto a posto,E' tutto a posto,99 Posse - Bisca - Alma Megretta,Leoncavallo Live,1992,
Entire_music/val/Rap_hip_hop_32/320151.mp3,"Rap, hip hop",val,99 Posse & Bisca & Almamegretta - Leoncavallo live - 06 - De cildren ov babilon,De cildren ov Babilon,99 Posse - Bisca - Alma Megretta,Leoncavallo Live,1992,
Entire_music/train/Rap_hip_hop_32/320152.mp3,"Rap, hip hop",train,99 Posse & Bisca & Almamegretta - Leoncavallo live - 07 - Rafaniello - All'Antimafia,Rafaniello + Larsen,99 Posse - Bisca - Alma Megretta,Leoncavallo Live,1992,
Entire_music/val/Rap_hip_hop_32/320153.mp3,"Rap, hip hop",val,99 Posse & Bisca & Almamegretta - Leoncavallo live - 08 - Ripetutamente,Ripetutamente,99 Posse - Bisca - Alma Megretta,Leoncavallo Live,1992,
Entire_music/train/Rap_hip_hop_32/320154.mp3,"Rap, hip hop",train,99 Posse & Bisca & Almamegretta - Leoncavallo live - 09 - Tammuriata ragamuffin,Tammuriata Ragamuffin,99 Posse - Bisca - Alma Megretta,Leoncavallo Live,1992,
Entire_music/train/Rap_hip_hop_32/320155.mp3,"Rap, hip hop",train,99 Posse & Franco Ricciardi - Cuore Nero,Cuore Nero,Franco Ricciardi & 99 Posse,La musica dei vicoli,,
Entire_music/train/Rap_hip_hop_32/320156.mp3,"Rap, hip hop",train,99 Posse & Sergio Messina feat. Rino Gaetano - Spendi spandi effendi,Spendi spandi effendi,99 Posse & sergio Messina feat. Rino Gaetano,,,
Entire_music/train/Rap_hip_hop_32/320157.mp3,"Rap, hip hop",train,99 Posse - Corto Circuito - 01 - BuonGiorno,Buongiorno,99 Posse,Corto Circuito,1998,
Entire_music/test/Rap_hip_hop_32/320158.mp3,"Rap, hip hop",test,99 Posse - Corto Circuito - 02 - Corto Circuito,Corto Circuito,99 Posse,Corto Circuito,1998,
Entire_music/train/Rap_hip_hop_32/320159.mp3,"Rap, hip hop",train,99 Posse - Corto Circuito - 03 - Me siente,Me Siente?,99 Posse,Corto Circuito,1998,
Entire_music/train/Rap_hip_hop_32/320160.mp3,"Rap, hip hop",train,99 Posse - Corto Circuito - 04 - Lettera al Presidente,Lettera al Presidente,99 Posse,Corto Circuito,1998,
Entire_music/test/Rap_hip_hop_32/320161.mp3,"Rap, hip hop",test,99 Posse - Corto Circuito - 05 - Quello Che,Quello che,99 Posse,Corto Circuito,1998,
Entire_music/test/Rap_hip_hop_32/320162.mp3,"Rap, hip hop",test,99 Posse - Corto Circuito - 06 - Era na volta,Era na vota,99 Posse,Corto Circuito,1998,
Entire_music/val/Rap_hip_hop_32/320163.mp3,"Rap, hip hop",val,99 Posse - Corto Circuito - 07 - Vulesse,Vulesse,99 Posse,Corto Circuito,1998,
Entire_music/train/Rap_hip_hop_32/320164.mp3,"Rap, hip hop",train,99 Posse - Corto Circuito - 08 - Focolaio,Focolaio,99 Posse,Corto Circuito,1998,
Entire_music/train/Rap_hip_hop_32/320165.mp3,"Rap, hip hop",train,99 Posse - Corto Circuito - 09 - Bon voyage,Bon Voyage,99 Posse,Corto Circuito,1998,
Entire_music/train/Rap_hip_hop_32/320166.mp3,"Rap, hip hop",train,99 Posse - Corto Circuito - 10 - Nell' era della confusione semiotica,Nell'era della confusione semiotica,99 Posse,Corto Circuito,1998,
Entire_music/test/Rap_hip_hop_32/320167.mp3,"Rap, hip hop",test,99 Posse - Corto Circuito - 11 - Siente 'o fank,Siente 'o Fank,99 Posse,Corto Circuito,1998,
Entire_music/train/Rap_hip_hop_32/320168.mp3,"Rap, hip hop",train,99 Posse - Corto Circuito - 12 - Pagherete caro,Pagherete caro,99 Posse,Corto Circuito,1998,
Entire_music/train/Rap_hip_hop_32/320169.mp3,"Rap, hip hop",train,99 Posse - NA99 10° (cd2) - 02 - L'anguilla,L'Anguilla,99 Posse,NA - 99 - 10 cd 2,2001,
Entire_music/train/Rap_hip_hop_32/320170.mp3,"Rap, hip hop",train,99 Posse - NA99 10° (cd2) - 03 - Buongiorno,Buongiorno,99 Posse,NA - 99 - 10 cd 2,2001,
Entire_music/train/Rap_hip_hop_32/320171.mp3,"Rap, hip hop",train,99 Posse - NA99 10° (cd2) - 04 - Povera Vita Mia,Povera Vita Mia,99 Posse,NA - 99 - 10 cd 2,2001,
Entire_music/train/Rap_hip_hop_32/320172.mp3,"Rap, hip hop",train,99 Posse - NA99 10° (cd2) - 05 - La Gatta Mammona,La Gatta Mammona,99 Posse,NA - 99 - 10 cd 2,2001,
Entire_music/train/Rap_hip_hop_32/320173.mp3,"Rap, hip hop",train,99 Posse - NA99 10° (cd2) - 06 - Cildren Ov Babilon,Cildren Ov Babilon,99 Posse,NA - 99 - 10 cd 2,2001,
Entire_music/train/Rap_hip_hop_32/320174.mp3,"Rap, hip hop",train,99 Posse - NA99 10° (cd2) - 07 - No Way,No Way,99 Posse,NA - 99 - 10 cd 2,2001,
Entire_music/train/Rap_hip_hop_32/320175.mp3,"Rap, hip hop",train,99 Posse - NA99 10° (cd2) - 08 - All'antimafia,All'Antimafia,99 Posse,NA - 99 - 10 cd 2,2001,
Entire_music/test/Rap_hip_hop_32/320176.mp3,"Rap, hip hop",test,99 Posse - NA99 10° (cd2) - 09 - Fujakka',Fujakkà,99 Posse,NA - 99 - 10 cd 2,2001,
Entire_music/test/Rap_hip_hop_32/320177.mp3,"Rap, hip hop",test,99 Posse - NA99 10° (cd2) - 10 - Sub,Sub,99 Posse,NA - 99 - 10 cd 2,2001,
Entire_music/test/Rap_hip_hop_32/320178.mp3,"Rap, hip hop",test,99 Posse - NA99 10° (cd2) - 11 - Quello Che,Quello Che,99 Posse,NA - 99 - 10 cd 2,2001,
Entire_music/train/Rap_hip_hop_32/320179.mp3,"Rap, hip hop",train,99 Posse - NA99 10° (cd2) - 12 - Me Siente,Me Siente?,99 Posse,NA - 99 - 10 cd 2,2001,
Entire_music/train/Rap_hip_hop_32/320180.mp3,"Rap, hip hop",train,99 Posse - NA99 10° (cd2) - 13 - Sfumature,Sfumature,99 Posse,NA - 99 - 10 cd 2,2001,
Entire_music/train/Rap_hip_hop_32/320181.mp3,"Rap, hip hop",train,99 Posse - NA99 10° (cd2) - 14 - Comincia Adesso,Comincia Adesso,99 Posse,NA - 99 - 10 cd 2,2001,
Entire_music/train/Rap_hip_hop_32/320182.mp3,"Rap, hip hop",train,99 Posse - NA99 10° (cd2) - 15 - Ripetutamente,Ripetutamente,99 Posse,NA - 99 - 10 cd 2,2001,
Entire_music/train/Rap_hip_hop_32/320183.mp3,"Rap, hip hop",train,99 Posse - Cerco Tiempo - 01 - Si Ttu,Si tuu,99 posse,Cerco tiempo [cd.1],1996,
Entire_music/train/Rap_hip_hop_32/320184.mp3,"Rap, hip hop",train,99 Posse - Cerco Tiempo - 02 - Non C'è Tempo,Non c'è tempo,99 posse,Cerco tiempo [cd.1],1996,
Entire_music/train/Rap_hip_hop_32/320185.mp3,"Rap, hip hop",train,99 Posse - Cerco Tiempo - 03 - Pecche',Pecchè,99 posse,Cerco tiempo [cd.1],1996,
Entire_music/val/Rap_hip_hop_32/320186.mp3,"Rap, hip hop",val,99 Posse - Cerco Tiempo - 04 - Senza Ritornello,Senza ritornello,99 posse,Cerco tiempo [cd.1],1996,
Entire_music/train/Rap_hip_hop_32/320187.mp3,"Rap, hip hop",train,99 Posse - Cerco Tiempo - 05 - Balla E Piensa,Balla e piensa,99 posse,Cerco tiempo [cd.1],1996,
Entire_music/train/Rap_hip_hop_32/320188.mp3,"Rap, hip hop",train,99 Posse - Cerco Tiempo - 06 - La Gatta Mammona,La gatta mammona,99 posse,Cerco tiempo [cd.1],1996,
Entire_music/train/Rap_hip_hop_32/320189.mp3,"Rap, hip hop",train,99 Posse - Cerco Tiempo - 07 - Fujakka,Fujakkà,99 posse,Cerco tiempo [cd.1],1996,
Entire_music/train/Rap_hip_hop_32/320190.mp3,"Rap, hip hop",train,99 Posse - Cerco Tiempo - 08 - Facendo La Storia - Making History,Facendo la storia/Making the history,99 posse,Cerco tiempo [cd.1],1996,
Entire_music/train/Rap_hip_hop_32/320191.mp3,"Rap, hip hop",train,99 Posse - Cerco Tiempo - 09 - Spara,Spara,99 posse,Cerco tiempo [cd.1],1996,
Entire_music/train/Rap_hip_hop_32/320192.mp3,"Rap, hip hop",train,99 Posse - Cerco Tiempo - 10 - Avrei Voluto Conoscervi,Avrei voluto conoscervi,99 posse,Cerco tiempo [cd.1],1996,
Entire_music/train/Rap_hip_hop_32/320193.mp3,"Rap, hip hop",train,99 Posse - Curre curre guagliò - 01 - Esodo,Esodo,99 Posse,Curre Curre Guaglio,1993,
Entire_music/train/Rap_hip_hop_32/320194.mp3,"Rap, hip hop",train,99 Posse - Curre curre guagliò - 02 - Curre Curre Guaglio,Curre Curre Guaglio,99 Posse,Curre Curre Guaglio,1993,
Entire_music/train/Rap_hip_hop_32/320195.mp3,"Rap, hip hop",train,99 Posse - Curre curre guagliò - 03 - Salario Qawali,Salario Qawali,99 Posse,Curre Curre Guaglio,1993,
Entire_music/train/Rap_hip_hop_32/320196.mp3,"Rap, hip hop",train,99 Posse - Curre curre guagliò - 04 - O' Documento,O' Documento,99 Posse,Curre Curre Guaglio,1993,
Entire_music/train/Rap_hip_hop_32/320197.mp3,"Rap, hip hop",train,99 Posse - Curre curre guagliò - 05 - Rigurgito Antifascista,Rigurgito Antifascista,99 Posse,Curre Curre Guaglio,1993,
Entire_music/train/Rap_hip_hop_32/320198.mp3,"Rap, hip hop",train,99 Posse - Curre curre guagliò - 06 - Tuttapposto,Tuttapposto,99 Posse,Curre Curre Guaglio,1993,
Entire_music/train/Rap_hip_hop_32/320199.mp3,"Rap, hip hop",train,99 Posse - Curre curre guagliò - 07 - Rigurgito (TV Version),Rigurgito (TV Version),99 Posse,Curre Curre Guaglio,1993,
Entire_music/test/Rap_hip_hop_32/320200.mp3,"Rap, hip hop",test,99 Posse - Curre curre guagliò - 08 - Napoli,Napoli,99 Posse,Curre Curre Guaglio,1993,
Entire_music/val/Rap_hip_hop_32/320201.mp3,"Rap, hip hop",val,99 Posse - Curre curre guagliò - 09 - Nun C'a Facc' cchiu',Nun C'a Facc' cchiu',99 Posse,Curre Curre Guaglio,1993,
Entire_music/train/Rap_hip_hop_32/320202.mp3,"Rap, hip hop",train,99 Posse - Curre curre guagliò - 10 - Ripetutamente,Ripetutamente,99 Posse,Curre Curre Guaglio,1993,
Entire_music/val/Rap_hip_hop_32/320203.mp3,"Rap, hip hop",val,99 Posse - Curre curre guagliò - 11 - 1-2-1992,1-2-1992,99 Posse,Curre Curre Guaglio,1993,
Entire_music/val/Rap_hip_hop_32/320204.mp3,"Rap, hip hop",val,99 Posse - Curre curre guagliò - 12 - Odio,Odio,99 Posse,Curre Curre Guaglio,1993,
Entire_music/train/Rap_hip_hop_32/320205.mp3,"Rap, hip hop",train,99 Posse - Curre curre guagliò - 13 - Rappresaglia,Rappresaglia,99 Posse,Curre Curre Guaglio,1993,
Entire_music/train/Rap_hip_hop_32/320206.mp3,"Rap, hip hop",train,99 Posse - La Vida Que Vendrà - 01 - Comincia adesso,Comincia adesso,99 Posse,La vida que vendrá,2000,
Entire_music/train/Rap_hip_hop_32/320207.mp3,"Rap, hip hop",train,99 Posse - La Vida Que Vendrà - 02 - Sfumature,Sfumature,99 Posse,La vida que vendrá,2000,
Entire_music/train/Rap_hip_hop_32/320208.mp3,"Rap, hip hop",train,99 Posse - La Vida Que Vendrà - 03 - L'anguilla,L'anguilla,99 Posse,La vida que vendrá,2000,
Entire_music/val/Rap_hip_hop_32/320209.mp3,"Rap, hip hop",val,99 Posse - La Vida Que Vendrà - 04 - All'antimafia,All'antimafia,99 Posse,La vida que vendrá,2000,
Entire_music/train/Rap_hip_hop_32/320210.mp3,"Rap, hip hop",train,99 Posse - La Vida Que Vendrà - 05 - Esplosione imminente,Esplosione imminente,99 Posse,La vida que vendrá,2000,
Entire_music/train/Rap_hip_hop_32/320211.mp3,"Rap, hip hop",train,99 Posse - La Vida Que Vendrà - 06 - Sub,Sub,99 Posse,La vida que vendrá,2000,
Entire_music/train/Rap_hip_hop_32/320212.mp3,"Rap, hip hop",train,99 Posse - La Vida Que Vendrà - 07 - Yankee Go Home,Yankee go home,99 Posse,La vida que vendrá,2000,
Entire_music/train/Rap_hip_hop_32/320213.mp3,"Rap, hip hop",train,99 Posse - La Vida Que Vendrà - 08 - Comuntwist,Comuntwist,99 Posse,La vida que vendrá,2000,
Entire_music/test/Rap_hip_hop_32/320214.mp3,"Rap, hip hop",test,99 Posse - La Vida Que Vendrà - 09 - Some Say This Some Say That,Some say this some say that,99 Posse,La vida que vendrá,2000,
Entire_music/train/Rap_hip_hop_32/320215.mp3,"Rap, hip hop",train,99 Posse - La Vida Que Vendrà - 10 - A una donna,A una donna,99 Posse,La vida que vendrá,2000,
Entire_music/train/Rap_hip_hop_32/320216.mp3,"Rap, hip hop",train,99 Posse - La Vida Que Vendrà - 11 - CANTO R' 'O PUTATORE,Canto r' 'o putatore,99 Posse,La vida que vendrá,2000,
Entire_music/val/Rap_hip_hop_32/320217.mp3,"Rap, hip hop",val,99 Posse - La Vida Que Vendrà - 12 - Povera vita mia,Povera vita mia,99 Posse,La vida que vendrá,2000,
Entire_music/train/Rap_hip_hop_32/320218.mp3,"Rap, hip hop",train,99 Posse - La Vida Que Vendrà - 13 - La scelta,La scelta,99 Posse,La vida que vendrá,2000,
Entire_music/train/Rap_hip_hop_32/320219.mp3,"Rap, hip hop",train,99 Posse - La Vida Que Vendrà - 14 - El pueblo unido,El pueblo unido,99 Posse,La vida que vendrá,2000,
Entire_music/test/Rap_hip_hop_32/320220.mp3,"Rap, hip hop",test,99 Posse - NA99 10° (cd1) - 01 - Amerika,Amerika,99 Posse,NA - 99 - 10  cd 1,2001,
Entire_music/val/Rap_hip_hop_32/320221.mp3,"Rap, hip hop",val,99 Posse - NA99 10° (cd1) - 02 - Stop that train,Stop that train,99 Posse,NA - 99 - 10  cd 1,2001,
Entire_music/train/Rap_hip_hop_32/320222.mp3,"Rap, hip hop",train,99 Posse - NA99 10° (cd1) - 03 - Vulesse,Corto circuito,99 Posse,NA - 99 - 10  cd 1,2001,
Entire_music/train/Rap_hip_hop_32/320223.mp3,"Rap, hip hop",train,99 Posse - NA99 10° (cd1) - 04 - Corto circuito,Vulesse,99 Posse,NA - 99 - 10  cd 1,2001,
Entire_music/test/Rap_hip_hop_32/320224.mp3,"Rap, hip hop",test,99 Posse - NA99 10° (cd1) - 05 - Non c'è tempo,Non c'è tempo,99 Posse,NA - 99 - 10  cd 1,2001,
Entire_music/train/Rap_hip_hop_32/320225.mp3,"Rap, hip hop",train,99 Posse - NA99 10° (cd1) - 06 - Medley ragga,Medley ragga,99 Posse,NA - 99 - 10  cd 1,2001,
Entire_music/train/Rap_hip_hop_32/320226.mp3,"Rap, hip hop",train,99 Posse - NA99 10° (cd1) - 07 - Odio-Rappresaglia,Odio\\Rappresaglia,99 Posse,NA - 99 - 10  cd 1,2001,
Entire_music/train/Rap_hip_hop_32/320227.mp3,"Rap, hip hop",train,99 Posse - NA99 10° (cd1) - 08 - Curre curre guagliò,Curre curre guagliò,99 Posse,NA - 99 - 10  cd 1,2001,
Entire_music/val/Rap_hip_hop_32/320228.mp3,"Rap, hip hop",val,99 Posse - NA99 10° (cd1) - 09 - Rigurgito antifascista,Rigurgito antifascista,99 Posse,NA - 99 - 10  cd 1,2001,
Entire_music/train/Rap_hip_hop_32/320229.mp3,"Rap, hip hop",train,99 Posse - NA99 10° (cd1) - 10 - Rigurgito antifascista reprise,Rigurgito antifascista reprise,99 Posse,NA - 99 - 10  cd 1,2001,
Entire_music/val/Rap_hip_hop_32/320230.mp3,"Rap, hip hop",val,99 Posse - NA99 10° (cd1) - 11 - Rafaniello,Rafaniello,99 Posse,NA - 99 - 10  cd 1,2001,
Entire_music/train/Rap_hip_hop_32/320231.mp3,"Rap, hip hop",train,99 Posse - NA99 10° (cd1) - 12 - Salario garantito,Salario garantito,99 Posse,NA - 99 - 10  cd 1,2001,
Entire_music/train/Rap_hip_hop_32/320232.mp3,"Rap, hip hop",train,99 Posse - NA99 10° (cd1) - 13 - S'adda' appiccià,S'adda' appiccià,99 Posse,NA - 99 - 10  cd 1,2001,
Entire_music/train/Rap_hip_hop_32/320233.mp3,"Rap, hip hop",train,99 Posse - Rigurgito Antifascista (live mtv day),Rigurgito Antifascista MTV,99 Posse,Live @ MTV Day (Bologna),2000,
Entire_music/train/Rap_hip_hop_32/320234.mp3,"Rap, hip hop",train,99 Posse Bisca - Incredibile Opposizione - 1 01 - Presento,Presento,Incredibile Opposizione Tour '94 live,99 Posse,1994,
Entire_music/train/Rap_hip_hop_32/320235.mp3,"Rap, hip hop",train,99 Posse Bisca - Incredibile Opposizione - 1 02 - 'A Murzett,`A Murzett,Incredibile Opposizione Tour '94 live,99 Posse,1994,
Entire_music/val/Rap_hip_hop_32/320236.mp3,"Rap, hip hop",val,99 Posse Bisca - Incredibile Opposizione - 1 03 - Napolì,Napoli,Incredibile Opposizione Tour '94 live,99 Posse,1994,
Entire_music/train/Rap_hip_hop_32/320237.mp3,"Rap, hip hop",train,99 Posse Bisca - Incredibile Opposizione - 1 04 - Un Bel Di Vedremo,Un Bel di Vedremo,Incredibile Opposizione Tour '94 live,99 Posse,1994,
Entire_music/train/Rap_hip_hop_32/320238.mp3,"Rap, hip hop",train,99 Posse Bisca - Incredibile Opposizione - 1 05 - Salario Garantito,Salario Garantito,Incredibile Opposizione Tour '94 live,99 Posse,1994,
Entire_music/train/Rap_hip_hop_32/320239.mp3,"Rap, hip hop",train,99 Posse Bisca - Incredibile Opposizione - 1 06 - 'O sfruttamento,`O Sfruttamento,Incredibile Opposizione Tour '94 live,99 Posse,1994,
Entire_music/train/Rap_hip_hop_32/320240.mp3,"Rap, hip hop",train,99 Posse Bisca - Incredibile Opposizione - 1 07 - Tammuriata del lavoro nero,Tammuriata del Lavoro,Incredibile Opposizione Tour '94 live,99 Posse,1994,
Entire_music/train/Rap_hip_hop_32/320241.mp3,"Rap, hip hop",train,99 Posse Bisca - Incredibile Opposizione - 1 08 - Rappresaglia,Rappresaglia,Incredibile Opposizione Tour '94 live,99 Posse,1994,
Entire_music/train/Rap_hip_hop_32/320242.mp3,"Rap, hip hop",train,99 Posse Bisca - Incredibile Opposizione - 1 09 - La Bomba Intelligente,La Bomba Intelligente,Incredibile Opposizione Tour '94 live,99 Posse,1994,
Entire_music/train/Rap_hip_hop_32/320243.mp3,"Rap, hip hop",train,99 Posse Bisca - Incredibile Opposizione - 1 10 - Lui,Lui,Incredibile Opposizione Tour '94 live,99 Posse,1994,
Entire_music/train/Rap_hip_hop_32/320244.mp3,"Rap, hip hop",train,99 Posse Bisca - Incredibile Opposizione - 2 01 - Odio,Odio,Bisca99Posse,Incredibile Opposizione Tour Dal Vivo cd 2,1994,
Entire_music/train/Rap_hip_hop_32/320245.mp3,"Rap, hip hop",train,99 Posse Bisca - Incredibile Opposizione - 2 02 - G7,G7,Bisca99Posse,Incredibile Opposizione Tour Dal Vivo cd 2,1994,
Entire_music/train/Rap_hip_hop_32/320246.mp3,"Rap, hip hop",train,99 Posse Bisca - Incredibile Opposizione - 2 03 - Rigurgito,Rigurito,Bisca99Posse,Incredibile Opposizione Tour Dal Vivo cd 2,1994,
Entire_music/train/Rap_hip_hop_32/320247.mp3,"Rap, hip hop",train,99 Posse Bisca - Incredibile Opposizione - 2 04 - S'adda' Appiccia',A'Adda' Appoccoa',Bisca99Posse,Incredibile Opposizione Tour Dal Vivo cd 2,1994,
Entire_music/train/Rap_hip_hop_32/320248.mp3,"Rap, hip hop",train,99 Posse Bisca - Incredibile Opposizione - 2 05 - Cildren Ov Babilon,Cildren Ov Babilon,Bisca99Posse,Incredibile Opposizione Tour Dal Vivo cd 2,1994,
Entire_music/val/Rap_hip_hop_32/320249.mp3,"Rap, hip hop",val,99 Posse Bisca - Incredibile Opposizione - 2 06 - Curre Curre Guagliò,Curre Curre Guaglio',Bisca99Posse,Incredibile Opposizione Tour Dal Vivo cd 2,1994,
Entire_music/train/Rap_hip_hop_32/320250.mp3,"Rap, hip hop",train,99 Posse Bisca - Incredibile Opposizione - 2 07 - Sotto Attacco dell'idozia,Sotto Attacco Dell'Idioza,Bisca99Posse,Incredibile Opposizione Tour Dal Vivo cd 2,1994,
Entire_music/train/Rap_hip_hop_32/320251.mp3,"Rap, hip hop",train,99 Posse Bisca - Incredibile Opposizione - 2 08 - Ripetutamente,Ripetutamente,Bisca99Posse,Incredibile Opposizione Tour Dal Vivo cd 2,1994,
Entire_music/train/Rap_hip_hop_32/320252.mp3,"Rap, hip hop",train,99 Posse Bisca - Incredibile Opposizione - 2 09 - L'Applausometro,L'Applausometro,Bisca99Posse,Incredibile Opposizione Tour Dal Vivo cd 2,1994,
Entire_music/val/Rap_hip_hop_32/320253.mp3,"Rap, hip hop",val,99 Posse Bisca - Incredibile Opposizione - 2 10 - Miracoli,Miracoli,Bisca99Posse,Incredibile Opposizione Tour Dal Vivo cd 2,1994,
Entire_music/train/Rap_hip_hop_32/320254.mp3,"Rap, hip hop",train,99 Posse Bisca - Incredibile Opposizione - 2 11 - Preghiera,Preghiera,Bisca99Posse,Incredibile Opposizione Tour Dal Vivo cd 2,1994,
Entire_music/val/Rap_hip_hop_32/320255.mp3,"Rap, hip hop",val,99 Posse Bisca - Incredibile Opposizione - 2 12 - Ripetutamente Reprise,Ripetutamente Reprise,Bisca99Posse,Incredibile Opposizione Tour Dal Vivo cd 2,1994,
Entire_music/train/Rap_hip_hop_32/320256.mp3,"Rap, hip hop",train,99 Problems El P Remix,99_Problems_El_P_Remix,,,,
Entire_music/train/Rap_hip_hop_32/320257.mp3,"Rap, hip hop",train,Aesop Rock - None Shall Pass [FULL ALBUM],None Shall Pass,Aesop Rock,None Shall Pass,,
Entire_music/train/Rap_hip_hop_32/320258.mp3,"Rap, hip hop",train,Aesop Rock - Select Songs,Select Songs,Aesop Rock,,,
Entire_music/train/Rap_hip_hop_32/320259.mp3,"Rap, hip hop",train,Aesop Rock - The Impossible Kid (Full Album Stream),The Impossible Kid,Aesop Rock,The Impossible Kid,,
Entire_music/train/Rap_hip_hop_32/320260.mp3,"Rap, hip hop",train,Aesop-Rock - None shall pass,Aesop-Rock - None shall pass,Aesop-Rock,,,
Entire_music/val/Rap_hip_hop_32/320261.mp3,"Rap, hip hop",val,Articolo 31 - FunkyTarro,FunkyTarro,Articolo 31,,,
Entire_music/train/Rap_hip_hop_32/320262.mp3,"Rap, hip hop",train,Asian Dub Foundation - Flyover,Flyover,Asian Dub Foundation,,2010,
Entire_music/train/Rap_hip_hop_32/320263.mp3,"Rap, hip hop",train,Asian Dub Foundation - Jericho,Jericho,Asian Dub Foundation,,2010,
Entire_music/test/Rap_hip_hop_32/320264.mp3,"Rap, hip hop",test,Asian Dub Foundation - Siberian Slengteng,Siberian Slengteng,Asian Dub Foundation,,2010,
Entire_music/train/Rap_hip_hop_32/320265.mp3,"Rap, hip hop",train,BEST OF L I Z Z O - Greatest Hits - Best Music Playlist - Rap Hip Hop 2022,BEST OF L I Z Z O - Greatest Hits - Best Music Playlist - Rap Hip Hop 2022,LIZZO,,,
Entire_music/train/Rap_hip_hop_32/320266.mp3,"Rap, hip hop",train,Best Songs Of T.u.p.a.c S.h.a.k.u.r. Full Album - T.u.p.a.c S.h.a.k.u.r. Greatest Hits Collection,Best Songs Of T.u.p.a.c S.h.a.k.u.r. Full Album - T.u.p.a.c S.h.a.k.u.r. Greatest Hits Collection,Tupac Shakur,,,
Entire_music/val/Rap_hip_hop_32/320267.mp3,"Rap, hip hop",val,Bisca & 99 Posse - Guai A Chi Ci Tocca - 01 - Scetateve guagli,Scetateve Guagliù,Bisca99Posse,Guai a chi ci tocca,1995,
Entire_music/test/Rap_hip_hop_32/320268.mp3,"Rap, hip hop",test,Bisca & 99 Posse - Guai A Chi Ci Tocca - 02 - No Way,No Way,Bisca99Posse,Guai a chi ci tocca,1995,
Entire_music/train/Rap_hip_hop_32/320269.mp3,"Rap, hip hop",train,Bisca & 99 Posse - Guai A Chi Ci Tocca - 03 - Omaggio A Massimo,Omaggio a Massimo,Bisca99Posse,Guai a chi ci tocca,1995,
Entire_music/train/Rap_hip_hop_32/320270.mp3,"Rap, hip hop",train,Bisca & 99 Posse - Guai A Chi Ci Tocca - 04 - Guai a Chi Ci Tocca,GUAI A CHI CI TOCCA,Bisca99Posse,Guai a chi ci tocca,1995,
Entire_music/train/Rap_hip_hop_32/320271.mp3,"Rap, hip hop",train,Bisca & 99 Posse - Guai A Chi Ci Tocca - 05 - Il carabiniere di Siviglia,Il carabiniere di Siviglia,Bisca99Posse,Guai a chi ci tocca,1995,
Entire_music/train/Rap_hip_hop_32/320272.mp3,"Rap, hip hop",train,Bisca & 99 Posse - Guai A Chi Ci Tocca - 06 - 'A finanziaria,'A finanziaria,Bisca99Posse,Guai a chi ci tocca,1995,
Entire_music/test/Rap_hip_hop_32/320273.mp3,"Rap, hip hop",test,Bisca & 99 Posse - Guai A Chi Ci Tocca - 07 - Resiste Chapas,Resiste Chiapas,Bisca99Posse,Guai a chi ci tocca,1995,
Entire_music/train/Rap_hip_hop_32/320274.mp3,"Rap, hip hop",train,Bisca & 99 Posse - Guai A Chi Ci Tocca - 08 - Sudditi,Sudditi,Bisca99Posse,Guai a chi ci tocca,1995,
Entire_music/train/Rap_hip_hop_32/320275.mp3,"Rap, hip hop",train,Bisca & 99 Posse - Guai A Chi Ci Tocca - 09 - Il tempo degli autonomi,Il tempo degi autonomi,Bisca99Posse,Guai a chi ci tocca,1995,
Entire_music/train/Rap_hip_hop_32/320276.mp3,"Rap, hip hop",train,Bisca & 99 Posse - Guai A Chi Ci Tocca - 11 - Sasa',Sasa',Bisca99Posse,Guai a chi ci tocca,1995,
Entire_music/val/Rap_hip_hop_32/320277.mp3,"Rap, hip hop",val,Bisca & 99 Posse - Guai A Chi Ci Tocca - 12 - Hip hop serio,Hip hop serio,Bisca99Posse,Guai a chi ci tocca,1995,
Entire_music/train/Rap_hip_hop_32/320278.mp3,"Rap, hip hop",train,Bisca & 99 Posse - Guai A Chi Ci Tocca - 13 - Tu lo chiami dio,Tu lo chiami dio,Bisca99Posse,Guai a chi ci tocca,1995,
Entire_music/train/Rap_hip_hop_32/320279.mp3,"Rap, hip hop",train,CYPRESS HILL 1991 ~ 1993,CYPRESS HILL 1991 ~ 1993,CYPRESS HILL,,,
Entire_music/train/Rap_hip_hop_32/320280.mp3,"Rap, hip hop",train,Cafardo Energizer-Mc Morfuco - Sò Cafardo,Sò Cafardo,Morfuco,Cafardo Energizer,,
Entire_music/train/Rap_hip_hop_32/320281.mp3,"Rap, hip hop",train,Cage - Scenester,Cage_-_Scenester,Cage,,,
Entire_music/train/Rap_hip_hop_32/320282.mp3,"Rap, hip hop",train,"Caparezza - Museica (Full album, 2014)",Museica,Caparezza,Museica,2014,
Entire_music/val/Rap_hip_hop_32/320283.mp3,"Rap, hip hop",val,Cardi B Best Songs - Cardi B Greatest Hits Full Album 2021,Cardi B Best Songs - Cardi B Greatest Hits 2021,Cardi B,,,
Entire_music/train/Rap_hip_hop_32/320284.mp3,"Rap, hip hop",train,Childish Gambino - Royalty (Full Mixtape Album),Royalty,Childish Gambino,Royalty,,
Entire_music/val/Rap_hip_hop_32/320285.mp3,"Rap, hip hop",val,Club Dogo - Mi Fist (Album Completo),Mi Fist,Club Dogo,Mi Fist,,
Entire_music/train/Rap_hip_hop_32/320286.mp3,"Rap, hip hop",train,Clueso Greatest Hits (Vollständiges Album) - Das Beste von Clueso (HQ),Clueso Greatest Hits (Vollständiges Album) - Das Beste von Clueso,Clueso,,,
Entire_music/train/Rap_hip_hop_32/320287.mp3,"Rap, hip hop",train,Colle Der Fomento - Odio Pieno (Full Album),Odio Pieno,Colle Der Fomento,Odio Pieno,,
Entire_music/train/Rap_hip_hop_32/320288.mp3,"Rap, hip hop",train,Compari della Sostanza -Brutta Fine '97,Brutta Fine '97,Compari della Sostanza,,,
Entire_music/test/Rap_hip_hop_32/320289.mp3,"Rap, hip hop",test,Compari della sostanza - Stasera,Stasera,Compari della Sostanza,,,
Entire_music/train/Rap_hip_hop_32/320290.mp3,"Rap, hip hop",train,DJ Gruff - Zero Stress (Album Completo),Zero Stress,DJ Gruff,Zero Stress,,
Entire_music/test/Rap_hip_hop_32/320291.mp3,"Rap, hip hop",test,Dabrye - Game Over,Dabrye_-_Game_Over,Dabrye,,,
Entire_music/val/Rap_hip_hop_32/320292.mp3,"Rap, hip hop",val,De La Soul - Buhloone Mindstate (EE.UU. 1993) - Full Album,Buhloone Mindstate,De La Soul,Buhloone Mindstate,1993,
Entire_music/val/Rap_hip_hop_32/320293.m4a,"Rap, hip hop",val,Domani smetto,Domani Smetto,Articolo 31,,,
Entire_music/train/Rap_hip_hop_32/320294.mp3,"Rap, hip hop",train,Drake - Greatest Hits Full Album - Best Songs Collection 2023,Drake - Greatest Hits Full Album - Best Songs Collection 2023,Drake,,,
Entire_music/train/Rap_hip_hop_32/320295.mp3,"Rap, hip hop",train,EL-P - Fuck The Law,EL-P_-_Fuck_The_Law,EL-P,,,
Entire_music/train/Rap_hip_hop_32/320296.mp3,"Rap, hip hop",train,EL-P - I Got This (EL-P Remix) Redux [Instrumental],EL-P_-_I_Got_This_(EL-P_Remix)_Redux_[Instrumental],EL-P,,,
Entire_music/train/Rap_hip_hop_32/320297.mp3,"Rap, hip hop",train,EL-P - Time Wont Tell,EL-P_-_Time_Wont_Tell,EL-P,,,
Entire_music/train/Rap_hip_hop_32/320298.mp3,"Rap, hip hop",train,EL-P No Kings,EL-P__No_Kings,EL-P,,,
Entire_music/train/Rap_hip_hop_32/320299.mp3,"Rap, hip hop",train,El-P-Flyentology with Trent Reznor(Cassettes Wont Listen Remix),El-P-Flyentology_with_Trent_Reznor(Cassettes_Wont_Listen_Remix),,,,
Entire_music/train/Rap_hip_hop_32/320300.mp3,"Rap, hip hop",train,El-P - Accidents Dont Happen,El-P_-_Accidents_Dont_Happen,El-P,,,
Entire_music/train/Rap_hip_hop_32/320301.mp3,"Rap, hip hop",train,El-P - How To Serve Man The Meanest Things Id Never Say,El-P_-_How_To_Serve_Man_The_Meanest_Things_Id_Never_Say,El-P,,,
Entire_music/train/Rap_hip_hop_32/320302.mp3,"Rap, hip hop",train,El-P - Jukie Skate Rock,El-P_-_Jukie_Skate_Rock,El-P,,,
Entire_music/train/Rap_hip_hop_32/320303.mp3,"Rap, hip hop",train,El-P - Jump Fence Run Live,El-P_-_Jump_Fence_Run_Live,El-P,,,
Entire_music/train/Rap_hip_hop_32/320304.mp3,"Rap, hip hop",train,El-P ft Aesop Rock Ill Bill-Delorean,El-P_ft_Aesop_Rock__Ill_Bill-Delorean,El-P,,,
Entire_music/train/Rap_hip_hop_32/320305.mp3,"Rap, hip hop",train,Eminem Best Rap Music Playlist 2023 Eminem Greatest Hits Full Album 2023 All Songs,Eminem Best Rap Music Playlist 2023 Eminem Greatest Hits Full Album 2023 All Songs,Eminem,,,
Entire_music/train/Rap_hip_hop_32/320306.mp3,"Rap, hip hop",train,Fabri Fibra Mr Simpatia Full Album 2004,Mr Simpatia,Fabri Fibra,Mr Simpatia,2004,
Entire_music/train/Rap_hip_hop_32/320307.mp3,"Rap, hip hop",train,Fritz Da Cat - FritzdaCat - FULL ALBUM,FritzdaCat,Fritz Da Cat,FritzdaCat,,
Entire_music/train/Rap_hip_hop_32/320308.mp3,"Rap, hip hop",train,GHALI - Lacrime (Prod. Charlie Charles),Lacrime (Prod. Charlie Charles),GHALI,,,
Entire_music/train/Rap_hip_hop_32/320309.mp3,"Rap, hip hop",train,GHALI - Ricchi Dentro (Prod. Charlie Charles),Ricchi Dentro (Prod. Charlie Charles),GHALI,,,
Entire_music/train/Rap_hip_hop_32/320310.mp3,"Rap, hip hop",train,GHALI - Milano (Prod. Charlie Charles),Milano (Prod. Charlie Charles),GHALI,,,
Entire_music/train/Rap_hip_hop_32/320311.mp3,"Rap, hip hop",train,GIMS Album complet 2023 - GIMS Meilleures Chansons 2023 - GIMS Plus Grands Succès 2023,GIMS Album complet 2023 - GIMS Meilleures Chansons 2023 - GIMS Plus Grands Succès 2023,GIMS,,,
Entire_music/train/Rap_hip_hop_32/320312.m4a,"Rap, hip hop",train,Gente Che Spera,Gente Che Spera,Articolo 31,,,
Entire_music/train/Rap_hip_hop_32/320313.mp3,"Rap, hip hop",train,Grandmaster Flash and Furious Five Megamix 2023,Grandmaster Flash and Furious Five Megamix 2023,Grandmaster Flash and Furious Five,,,
Entire_music/train/Rap_hip_hop_32/320314.mp3,"Rap, hip hop",train,INOKI (PMC) - DEMOLIZIONE (1998) [FULL ALBUM],DEMOLIZIONE,INOKI (PMC),DEMOLIZIONE,1998,
Entire_music/test/Rap_hip_hop_32/320315.mp3,"Rap, hip hop",test,J. Cole 1 Hour Chill Songs,J. Cole 1 Hour Chill Songs,J. Cole,,,
Entire_music/train/Rap_hip_hop_32/320316.mp3,"Rap, hip hop",train,JAY-Z - THE BOOK OF HOV - Full MixTape DJ PHVMM,THE BOOK OF HOV - DJ PHVMM,JAY-Z,THE BOOK OF HOV - DJ PHVMM,,
Entire_music/train/Rap_hip_hop_32/320317.mp3,"Rap, hip hop",train,Joe Cassano - Dio Lodato (FULL ALBUM),Dio Lodato,Joe Cassano,Dio Lodato,,
Entire_music/train/Rap_hip_hop_32/320318.mp3,"Rap, hip hop",train,K E N D R I C K L A M A R GREATEST HITS MIX K E N D R I C K L A M A R FULL ALBUM 2022,K E N D R I C K L A M A R GREATEST HITS MIX K E N D R I C K L A M A R 2022,Kendrick Lamar,,,
Entire_music/test/Rap_hip_hop_32/320319.mp3,"Rap, hip hop",test,La Morte Dei Miracoli - Frankie Hi-NRG Mc (1997) (FULL ALBUM + Bonus Track),La Morte Dei Miracoli,Frankie Hi-NRG Mc,La Morte Dei Miracoli,1997,
Entire_music/train/Rap_hip_hop_32/320320.mp3,"Rap, hip hop",train,Le Migliori Canzoni di Marracash - Marracash Full Album 2022 - Best Of Marracash,Le Migliori Canzoni di Marracash - Marracash 2022 - Best Of Marracash,Marracash,,,
Entire_music/train/Rap_hip_hop_32/320321.mp3,"Rap, hip hop",train,LilNasX - Best Songs Collection 2021 - Greatest Hits - Best Music Playlist - Rap Hip Hop 2021,Best Songs Collection 2021 - Greatest Hits - Best Music Playlist - Rap Hip Hop 2021,Lil Nas X,,,
Entire_music/train/Rap_hip_hop_32/320322.mp3,"Rap, hip hop",train,MF DOOM - Greatest Hits (Full Album),Greatest Hits,MF DOOM,,,
Entire_music/test/Rap_hip_hop_32/320323.mp3,"Rap, hip hop",test,Molemen ft SlugAesop Rock and MF DOOM-Put Your Quarter Up,Molemen_ft_SlugAesop_Rock_and_MF_DOOM-Put_Your_Quarter_Up,Molemen,,,
Entire_music/train/Rap_hip_hop_32/320324.mp3,"Rap, hip hop",train,Morfuco - Iesc Vient,vient,iesc,,,
Entire_music/train/Rap_hip_hop_32/320325.mp3,"Rap, hip hop",train,Morfuco - Mattanza(1),mattanza,mattanza,,,
Entire_music/train/Rap_hip_hop_32/320326.mp3,"Rap, hip hop",train,Morfuco Mc - The Meters,The Meters,Morfuco Mc,,,
Entire_music/test/Rap_hip_hop_32/320327.mp3,"Rap, hip hop",test,Morfuco Mc-Chell'ca't'pozz'ra',Chell'ca't'pozz'ra',Morfuco Mc,,,
Entire_music/train/Rap_hip_hop_32/320328.mp3,"Rap, hip hop",train,Morfuco Mc-Pioggia,Pioggia,Morfuco Mc,,,
Entire_music/test/Rap_hip_hop_32/320329.mp3,"Rap, hip hop",test,Morfuco.Mc.-.Bonus.Trak,Bonus Trak,Morfuco Mc,,,
Entire_music/train/Rap_hip_hop_32/320330.mp3,"Rap, hip hop",train,Murubutu - Luomo che viaggiava nel vento e altri racconti di brezze e correnti (ALBUM COMPLETO),Luomo che viaggiava nel vento e altri racconti di brezze e correnti,Murubutu,Luomo che viaggiava nel vento e altri racconti di brezze e correnti,,
Entire_music/train/Rap_hip_hop_32/320331.mp3,"Rap, hip hop",train,N.W.A Mega-Mix 1988-1991 (Mixed By DJBILLYHO) Dr. Dre Eazy-E MC Ren DJ Yella Ice Cube Arabian Prince,Mix 1988-1991 (Mixed By DJBILLYHO) Dr. Dre Eazy-E MC Ren DJ Yella Ice Cube Arabian Prince,N.W.A,,,
Entire_music/train/Rap_hip_hop_32/320332.mp3,"Rap, hip hop",train,Nas - It Was Written (1996) (Full Album),It Was Written,Nas,It Was Written,1996,
Entire_music/train/Rap_hip_hop_32/320333.mp3,"Rap, hip hop",train,Nuoce gravemente,Cafardo Energizer - Nuoce gravemente,Compari della Sostanza,,,
Entire_music/train/Rap_hip_hop_32/320334.mp3,"Rap, hip hop",train,Outkast - Aquemini (Full Album),Aquemini,Outkast,Aquemini,,
Entire_music/test/Rap_hip_hop_32/320335.mp3,"Rap, hip hop",test,Outkast - Stankonia (Full Album),Stankonia,Outkast,Stankonia,,
Entire_music/train/Rap_hip_hop_32/320336.mp3,"Rap, hip hop",train,Pino Daniele & 99 Posse - Currecurre2001 (Live 1Maggio Roma),Currecurre2001 (Live 1Maggio Roma),Pino Daniele & 99 Posse,,2001,
Entire_music/train/Rap_hip_hop_32/320337.mp3,"Rap, hip hop",train,Public Enemy - Greatest Hits Coletânea sem Capa,Greatest Hits Coletânea sem Capa,Public Enemy,,,
Entire_music/train/Rap_hip_hop_32/320338.mp3,"Rap, hip hop",train,Racine Carrée stromae,Racine Carrée  stromae,,,,
Entire_music/train/Rap_hip_hop_32/320339.mp3,"Rap, hip hop",train,Rob Sonic - Dyslexia,Rob_Sonic_-_Dyslexia,Rob Sonic,,,
Entire_music/train/Rap_hip_hop_32/320340.mp3,"Rap, hip hop",train,Rob Sonic - Shoplift,Rob_Sonic_-_Shoplift,Rob Sonic,,,
Entire_music/train/Rap_hip_hop_32/320341.mp3,"Rap, hip hop",train,Rob Sonic - Super Ball,Rob_Sonic_-_Super_Ball,Rob Sonic,,,
Entire_music/train/Rap_hip_hop_32/320342.mp3,"Rap, hip hop",train,Run DMC- Greatest Hits (full album),Greatest Hits,Run DMC,,,
Entire_music/val/Rap_hip_hop_32/320343.mp3,"Rap, hip hop",val,SANGUE MISTO - SXM - FULL ALBUM,SXM,SANGUE MISTO,SXM,,
Entire_music/train/Rap_hip_hop_32/320344.mp3,"Rap, hip hop",train,Salmo - Mr.Antipatia _Full Album_,Mr.Antipatia,Salmo,Mr.Antipatia,,
Entire_music/train/Rap_hip_hop_32/320345.mp3,"Rap, hip hop",train,Shaggy Greatest Hits ~ Best Songs Of 80s 90s Old Music Hits Collection,Shaggy Greatest Hits ~ Best Songs Of 80s 90s Old Music Hits Collection,Shaggy,,,
Entire_music/train/Rap_hip_hop_32/320346.mp3,"Rap, hip hop",train,Snoop Dogg - Greatest Hits Full Album 2021 - Top Best Rap Songs Of Snoop Dogg 2021,Snoop Dogg - Greatest Hits Full Album 2021 - Top Best Rap Songs Of Snoop Dogg 2021,Snoop Dogg,,,
Entire_music/train/Rap_hip_hop_32/320347.mp3,"Rap, hip hop",train,Souls of Mischief - 93 Til Infinity [Full Album] (Remastered),93 Til Infinity,Souls of Mischief,93 Til Infinity,,
Entire_music/train/Rap_hip_hop_32/320348.m4a,"Rap, hip hop",train,Stressed out- Atribe called quest,Stressed out,A Tribe Called Quest,,,
Entire_music/train/Rap_hip_hop_32/320349.mp3,"Rap, hip hop",train,The Best Of...Bomfunk MCs!,The Best Of...Bomfunk MCs!,Bomfunk MCs,,,
Entire_music/train/Rap_hip_hop_32/320350.mp3,"Rap, hip hop",train,The Four Owls - Nocturnal Instinct [Full Album],Nocturnal Instinct,The Four Owls,Nocturnal Instinct,,
Entire_music/train/Rap_hip_hop_32/320351.mp3,"Rap, hip hop",train,The Notorious B.I.G. - Greatest Hits (Full Album) Biggie Greatest Hits Playlist,The Notorious B.I.G. - Greatest Hits (Full Album) | Biggie Greatest Hits Playlist,The Notorious B.I.G.,,,
Entire_music/train/Rap_hip_hop_32/320352.mp3,"Rap, hip hop",train,The Pharcyde - Passin Me By [HQ],Passin Me By,The Pharcyde,,,
Entire_music/val/Rap_hip_hop_32/320353.mp3,"Rap, hip hop",val,The Pharcyde - Plain Rap [Full Album],Plain Rap,The Pharcyde,Plain Rap,,
Entire_music/train/Rap_hip_hop_32/320354.mp3,"Rap, hip hop",train,The Streets - Original Pirate Material (Full Album),Original Pirate Material,The Streets,Original Pirate Material,,
Entire_music/train/Rap_hip_hop_32/320355.mp3,"Rap, hip hop",train,The Perceptionists- Lets Move (NFS Most Wanted Soundtrack),The_Perceptionists-_Lets_Move_(NFS_Most_Wanted_Soundtrack),The Perceptionists,,,
Entire_music/train/Rap_hip_hop_32/320356.mp3,"Rap, hip hop",train,Travis Scott - Greatest Hits playlist - Best Songs Of Travis Scott Playlist 2023,Travis Scott - Greatest Hits playlist - Best Songs Of Travis Scott Playlist 2023,Travis Scott,,,
Entire_music/train/Rap_hip_hop_32/320357.mp3,"Rap, hip hop",train,Warren G Best,Warren G Best,Warren G,,,
Entire_music/test/Rap_hip_hop_32/320358.mp3,"Rap, hip hop",test,Wu-Tang Clan Kassette Klassics Mix 2,Wu-Tang Clan Kassette Klassics Mix 2,Wu-Tang Clan,,,
Entire_music/val/Rap_hip_hop_32/320359.mp3,"Rap, hip hop",val,Wu-Tang Clan Kassette Klassics Mix 3,Wu-Tang Clan Kassette Klassics Mix 3,Wu-Tang Clan,,,
Entire_music/test/Rap_hip_hop_32/320360.mp3,"Rap, hip hop",test,morfuco - sloggia,sloggia,morfuco,,,
Entire_music/val/Rap_hip_hop_32/320361.mp3,"Rap, hip hop",val,o local,Cafardo Energizer - ò local e chin è gent,Compari della Sostanza,,,
Entire_music/test/Renaissance_sacred_33/330001.mp3,Renaissance sacred,test,Giovanni Gabrieli (1557-1612) Sacrae Symphoniae & Canzoni for Double Choir & Brass,Sacrae Symphoniae & Canzoni for Double Choir & Brass,,,,Giovanni Gabrieli
Entire_music/val/Renaissance_sacred_33/330002.mp3,Renaissance sacred,val,Monteverdi Choral masterworks,Choral masterworks,,,,Monteverdi
Entire_music/train/Renaissance_sacred_33/330003.mp3,Renaissance sacred,train,Motets of the Venetian School (XVI century),Motets of the Venetian School (XVI century),,,,
Entire_music/train/Renaissance_sacred_33/330004.mp3,Renaissance sacred,train,RENAISSANCE CHORAL MASTERPIECES,RENAISSANCE CHORAL MASTERPIECES,,,,
Entire_music/train/Renaissance_sacred_33/330005.mp3,Renaissance sacred,train,Sacred music of the Renaissance,Sacred music of the Renaissance,,,,
Entire_music/train/Renaissance_sacred_33/330006.mp3,Renaissance sacred,train,The Best of Tallis,The Best of Tallis,,,,Tallis
Entire_music/train/Renaissance_secular_34/340001.mp3,Renaissance secular,train,01 - Toccata Terza,Toccata Terza,Luigi Ferdinando Tagliavini,L. F. Tagliavini And His Collection Of Harpsichords,1996,
Entire_music/train/Renaissance_secular_34/340002.mp3,Renaissance secular,train,02 - Partite Di Follia,Partite Di Follia,Luigi Ferdinando Tagliavini,L. F. Tagliavini And His Collection Of Harpsichords,1996,
Entire_music/train/Renaissance_secular_34/340003.mp3,Renaissance secular,train,03 - Balletto Primo - Corrente Passacagli,Balletto Primo - Corrente Passacagli,Luigi Ferdinando Tagliavini,L. F. Tagliavini And His Collection Of Harpsichords,1996,
Entire_music/train/Renaissance_secular_34/340004.mp3,Renaissance secular,train,04 - La Romanesca,La Romanesca,Luigi Ferdinando Tagliavini,L. F. Tagliavini And His Collection Of Harpsichords,1996,
Entire_music/test/Renaissance_secular_34/340005.mp3,Renaissance secular,test,05 - Hoimè Che La Non Mi Vole,Hoimè Che La Non Mi Vole,Luigi Ferdinando Tagliavini,L. F. Tagliavini And His Collection Of Harpsichords,1996,
Entire_music/train/Renaissance_secular_34/340006.mp3,Renaissance secular,train,06 - Al Carmonese,Al Carmonese,Luigi Ferdinando Tagliavini,L. F. Tagliavini And His Collection Of Harpsichords,1996,
Entire_music/train/Renaissance_secular_34/340007.mp3,Renaissance secular,train,07 - La Sguizera,La Sguizera,Luigi Ferdinando Tagliavini,L. F. Tagliavini And His Collection Of Harpsichords,1996,
Entire_music/val/Renaissance_secular_34/340008.mp3,Renaissance secular,val,08 - Aria Della Signora Lucilla,Aria Della Signora Lucilla,Luigi Ferdinando Tagliavini,L. F. Tagliavini And His Collection Of Harpsichords,1996,
Entire_music/test/Renaissance_secular_34/340009.mp3,Renaissance secular,test,09 - Aria Della Signora Michiela,Aria Della Signora Michiela,Luigi Ferdinando Tagliavini,L. F. Tagliavini And His Collection Of Harpsichords,1996,
Entire_music/train/Renaissance_secular_34/340010.mp3,Renaissance secular,train,10 - Tedesca Dita La Proficia,Tedesca Dita La Proficia,Luigi Ferdinando Tagliavini,L. F. Tagliavini And His Collection Of Harpsichords,1996,
Entire_music/train/Renaissance_secular_34/340011.mp3,Renaissance secular,train,11 - Tedesca Dita L'Austria,Tedesca Dita L'Austria,Luigi Ferdinando Tagliavini,L. F. Tagliavini And His Collection Of Harpsichords,1996,
Entire_music/train/Renaissance_secular_34/340012.mp3,Renaissance secular,train,12 - Todesca,Todesca,Luigi Ferdinando Tagliavini,L. F. Tagliavini And His Collection Of Harpsichords,1996,
Entire_music/train/Renaissance_secular_34/340013.mp3,Renaissance secular,train,13 - Ballo Ongaro,Ballo Ongaro,Luigi Ferdinando Tagliavini,L. F. Tagliavini And His Collection Of Harpsichords,1996,
Entire_music/val/Renaissance_secular_34/340014.mp3,Renaissance secular,val,14 - Ballo Di Mantova,Ballo Di Mantova,Luigi Ferdinando Tagliavini,L. F. Tagliavini And His Collection Of Harpsichords,1996,
Entire_music/train/Renaissance_secular_34/340015.mp3,Renaissance secular,train,15 - Ballo Di Mantova Per D,Ballo Di Mantova Per D,Luigi Ferdinando Tagliavini,L. F. Tagliavini And His Collection Of Harpsichords,1996,
Entire_music/train/Renaissance_secular_34/340016.mp3,Renaissance secular,train,18 - Arpeggio In C Minor,Arpeggio In C Minor,Luigi Ferdinando Tagliavini,L. F. Tagliavini And His Collection Of Harpsichords,1996,
Entire_music/test/Renaissance_secular_34/340017.mp3,Renaissance secular,test,19 - Tastata In C Major,Tastata In C Major,Luigi Ferdinando Tagliavini,L. F. Tagliavini And His Collection Of Harpsichords,1996,
Entire_music/train/Renaissance_secular_34/340018.mp3,Renaissance secular,train,32 - Passacagli In C Major,Passacagli In C Major,Luigi Ferdinando Tagliavini,L. F. Tagliavini And His Collection Of Harpsichords,1996,
Entire_music/train/Renaissance_secular_34/340019.mp3,Renaissance secular,train,"Byrd, Bull, Morley, Etc. - English Virginalists [Zuzana Ruzickova]",English Virginalists,Zuzana Ruzickova,,,"Byrd, Bull, Morley"
Entire_music/train/Renaissance_secular_34/340020.mp3,Renaissance secular,train,"Carlo Gesualdo - Madrigals, Book 6","Madrigals, Book 6",,,,Carlo Gesualdo
Entire_music/train/Renaissance_secular_34/340021.mp3,Renaissance secular,train,Gems of the renaissance music,Gems of the renaissance music,,,,
Entire_music/train/Renaissance_secular_34/340022.mp3,Renaissance secular,train,Giovanni Pierluigi da Palestrina - First Book of Madrigals,First Book of Madrigals,,,,Giovanni Pierluigi da Palestrina
Entire_music/train/Renaissance_secular_34/340023.mp3,Renaissance secular,train,John Dowland - 2 Hours With The Best Lute Classical Music HQ,John Dowland - 2 Hours With The Best Lute Classical Music,,,,John Dowland
Entire_music/train/Renaissance_secular_34/340024.mp3,Renaissance secular,train,Monteverdi Madrigali Guerrieri et Amorosi (Libro Ottavo) Jordi Savall,Madrigali Guerrieri et Amorosi (Libro Ottavo),Jordi Savall,,,Monteverdi
Entire_music/train/Renaissance_secular_34/340025.mp3,Renaissance secular,train,"Renaissance Dance Bands 1551-1599, Tylman Susato Thomas Morley (Centurys recording David Munrow)",Renaissance Dance Bands 1551-1599,David Munrow,,,Tylman Susato Thomas Morley
Entire_music/train/Rock_35/350001.mp3,Rock,train,01 Intro,Intro,Alt-J,An Awesome Wave,2012,
Entire_music/train/Rock_35/350002.mp3,Rock,train,01 La Tua Fretta - SOLO UN GRANDE SASSO - VERDENA,La Tua Fretta,VERDENA,SOLO UN GRANDE SASSO,,
Entire_music/train/Rock_35/350003.mp3,Rock,train,01-Annihilation,Annihilation,A perfect Circle,eMOTIVE,,
Entire_music/train/Rock_35/350004.mp3,Rock,train,"01-Baby, Please Don't Go","Baby, Please Don't Go",AC/DC,The Very Best of AC/DC,2013,
Entire_music/train/Rock_35/350005.mp3,Rock,train,01-Dirty Deeds Done Dirt Cheap,Dirty Deeds Done Dirt Cheap,AC/DC,Dirty Deeds Done Dirt Cheap,1976,
Entire_music/val/Rock_35/350006.mp3,Rock,val,01-Dirty Eyes,Dirty Eyes,AC/DC,Volts,1997,
Entire_music/train/Rock_35/350007.mp3,Rock,train,01-Fly On The Wall,Fly On The Wall,AC/DC,Fly On The Wall,1985,
Entire_music/train/Rock_35/350008.mp3,Rock,train,01-For Those About To Rock (We Salute You),For Those About To Rock (We Salute You),AC/DC,For Those About To Rock,1981,
Entire_music/train/Rock_35/350009.mp3,Rock,train,01-Go Down,Go Down,AC/DC,Let There Be Rock,1977,
Entire_music/train/Rock_35/350010.mp3,Rock,train,01-Hard As A Rock,Hard As A Rock,AC/DC,Ballbreaker,1995,
Entire_music/train/Rock_35/350011.mp3,Rock,train,01-Heatseeker,Heatseeker,AC/DC,Blow Up Your Video,1988,
Entire_music/train/Rock_35/350012.mp3,Rock,train,01-Hells Bells (2),Hells Bells,AC/DC,Live,1992,
Entire_music/val/Rock_35/350013.mp3,Rock,val,01-Hells Bells,Hells Bells,AC/DC,Back In Black,1980,
Entire_music/train/Rock_35/350014.mp3,Rock,train,01-Highway To Hell,Highway To Hell,AC/DC,Highway To Hell,1979,
Entire_music/train/Rock_35/350015.mp3,Rock,train,01-It's A Long Way To The Top (If You Wanna Rock 'n' Roll),It's A Long Way To The Top (If You Wanna Rock 'n' Roll),AC/DC,T.N.T,1975,
Entire_music/train/Rock_35/350016.mp3,Rock,train,01-Jailbreak,Jailbreak,AC/DC,'74 Jailbreak,1984,
Entire_music/train/Rock_35/350017.mp3,Rock,train,01-Judith 'Renholder mix',"Judith ""Renholder mix""",A Perfect Circle,aMOTION Remixes,,
Entire_music/train/Rock_35/350018.mp3,Rock,train,01-Live Wire (2),Live Wire,AC/DC,Live From Atlantic Studios,1997,
Entire_music/train/Rock_35/350019.mp3,Rock,train,01-Live Wire,Live Wire,AC/DC,Let There Be Rock The Movie,1997,
Entire_music/train/Rock_35/350020.mp3,Rock,train,01-Riff Raff,Riff Raff,AC/DC,If You Want Blood You've Got It,1978,
Entire_music/train/Rock_35/350021.mp3,Rock,train,01-Rising Power,Rising Power,AC/DC,Flick Of The Switch,1983,
Entire_music/train/Rock_35/350022.mp3,Rock,train,01-Rock 'n Roll Train,Rock 'n Roll Train,AC/DC,Black Ice,2008,
Entire_music/train/Rock_35/350023.mp3,Rock,train,01-Rock 'n' Roll Damnation,Rock 'n' Roll Damnation,AC/DC,Powerage,1978,
Entire_music/train/Rock_35/350024.mp3,Rock,train,01-Shoot To Thrill,Shoot To Thrill,AC/DC,Iron Man 2,2010,
Entire_music/val/Rock_35/350025.mp3,Rock,val,01-The Jack,The Jack,AC/DC,Let There Be Rock The Movie,1997,
Entire_music/train/Rock_35/350026.mp3,Rock,train,01-The hollow,The hollow,A perfect circle,Mer de noms,,
Entire_music/test/Rock_35/350027.mp3,Rock,test,01-Thunderstruck (2),Thunderstruck,AC/DC,Live,1992,
Entire_music/train/Rock_35/350028.mp3,Rock,train,01-Who Made Who,Who Made Who,AC/DC,Who Made Who,1986,
Entire_music/train/Rock_35/350029.mp3,Rock,train,01-canned heat - going up the country,Going Up The Country (Woodstoc,Canned Heat,,,
Entire_music/val/Rock_35/350030.mp3,Rock,val,01 - ...a toys orchestra - cuckoo boohoo - radio tsunami,Radio Tsunami,...A Toys Orchestra,Cuckoo Boohoo,2004,
Entire_music/train/Rock_35/350031.mp3,Rock,train,01 amorphous androgynous - the emptiness of nothingness,The Emptiness of Nothingness,Amorphous Androgynous,Alice in Ultraland,2005,
Entire_music/train/Rock_35/350032.mp3,Rock,train,02 (Interlude 1),(Interlude 1),Alt-J,An Awesome Wave,2012,
Entire_music/train/Rock_35/350033.mp3,Rock,train,02 Spaceman - SOLO UN GRANDE SASSO - VERDENA,Spaceman,VERDENA,SOLO UN GRANDE SASSO,,
Entire_music/train/Rock_35/350034.mp3,Rock,train,02-3 Libras 'Feel my ice dub mix',"3 Libras ""Feel my ice dub mix""",A Perfect Circle,aMOTION Remixes,,
Entire_music/train/Rock_35/350035.mp3,Rock,train,02-Ain't No Fun (Waiting Round To Be A Millionaire ),Ain't No Fun (Waiting Round To Be A Millionaire ),AC/DC,Dirty Deeds Done Dirt Cheap,1976,
Entire_music/val/Rock_35/350036.mp3,Rock,val,02-Are You Ready,Are You Ready,AC/DC,Live,1992,
Entire_music/train/Rock_35/350037.mp3,Rock,train,02-Cover You In Oil,Cover You In Oil,AC/DC,Ballbreaker,1995,
Entire_music/train/Rock_35/350038.mp3,Rock,train,02-Dog Eat Dog,Dog Eat Dog,AC/DC,Let There Be Rock,1977,
Entire_music/train/Rock_35/350039.mp3,Rock,train,02-Down Payment Blues,Down Payment Blues,AC/DC,Powerage,1978,
Entire_music/train/Rock_35/350040.mp3,Rock,train,02-Fire Your Guns,Fire Your Guns,AC/DC,The Razors Edge,1990,
Entire_music/train/Rock_35/350041.mp3,Rock,train,02-Girls Got Rhythm,Girls Got Rhythm,AC/DC,Highway To Hell,1979,
Entire_music/train/Rock_35/350042.mp3,Rock,train,02-Hell Ain't A Bad Place To Be,Hell Ain't A Bad Place To Be,AC/DC,If You Want Blood You've Got It,1978,
Entire_music/train/Rock_35/350043.mp3,Rock,train,02-Highway To Hell,Highway To Hell,AC/DC,Let There Be Rock The Movie,1997,
Entire_music/train/Rock_35/350044.mp3,Rock,train,02-I Put The Finger On You,I Put The Finger On You,AC/DC,For Those About To Rock,1981,
Entire_music/train/Rock_35/350045.mp3,Rock,train,02-Imagine,Imagine,A perfect Circle,eMOTIVE,,
Entire_music/train/Rock_35/350046.mp3,Rock,train,02-Problem Child,Problem Child,AC/DC,Live From Atlantic Studios,1997,
Entire_music/train/Rock_35/350047.mp3,Rock,train,02-Rock 'n' Roll Singer,Rock 'n' Roll Singer,AC/DC,T.N.T,1975,
Entire_music/train/Rock_35/350048.mp3,Rock,train,02-Shake Your Foundations,Shake Your Foundations,AC/DC,Fly On The Wall,1985,
Entire_music/train/Rock_35/350049.mp3,Rock,train,02-Shoot To Thrill (2),Shoot To Thrill,AC/DC,Live,1992,
Entire_music/train/Rock_35/350050.mp3,Rock,train,02-Shot Down In Flames,Shot Down In Flames,AC/DC,Let There Be Rock The Movie,1997,
Entire_music/train/Rock_35/350051.mp3,Rock,train,02-Skies on Fire,Skies on Fire,AC/DC,Black Ice,2008,
Entire_music/train/Rock_35/350052.mp3,Rock,train,02-That's The Way I Wanna Rock 'n' Roll,That's The Way I Wanna Rock 'n' Roll,AC/DC,Blow Up Your Video,1988,
Entire_music/train/Rock_35/350053.mp3,Rock,train,02-This House Is On Fire,This House Is On Fire,AC/DC,Flick Of The Switch,1983,
Entire_music/train/Rock_35/350054.mp3,Rock,train,02-Touch Too Much (early version),Touch Too Much (early version),AC/DC,Volts,1997,
Entire_music/train/Rock_35/350055.mp3,Rock,train,02-Weak and powerless,Weak and powerless,A perfect circle,Thirteenth step,,
Entire_music/train/Rock_35/350056.mp3,Rock,train,02-You Ain't Got A Hold On Me,You Ain't Got A Hold On Me,AC/DC,'74 Jailbreak,1984,
Entire_music/train/Rock_35/350057.mp3,Rock,train,02-jimi hendrix-purple haze,Purple Haze,Jimi Hendrix,20th Century Masters: The Millennium Collection (Remastered),2007,
Entire_music/train/Rock_35/350058.mp3,Rock,train,02 - ...a toys orchestra - cuckoo boohoo - peter pan sindrome,Peter Pan Sindrome,...A Toys Orchestra,Cuckoo Boohoo,2004,
Entire_music/test/Rock_35/350059.mp3,Rock,test,02 amorphous androgynous - the witchfinder,The Witchfinder,Amorphous Androgynous,Alice in Ultraland,2005,
Entire_music/train/Rock_35/350060.mp3,Rock,train,03 Nova - SOLO UN GRANDE SASSO - VERDENA,Nova,VERDENA,SOLO UN GRANDE SASSO,,
Entire_music/train/Rock_35/350061.mp3,Rock,train,03 Tessellate,Tessellate,Alt-J,An Awesome Wave,2012,
Entire_music/train/Rock_35/350062.mp3,Rock,train,03-Back In Black,Back In Black,AC/DC,Live,1992,
Entire_music/train/Rock_35/350063.mp3,Rock,train,03-Bad Boy Boogie,Bad Boy Boogie,AC/DC,If You Want Blood You've Got It,1978,
Entire_music/train/Rock_35/350064.mp3,Rock,train,03-Big Jack,Big Jack,AC/DC,Black Ice,2008,
Entire_music/train/Rock_35/350065.mp3,Rock,train,03-D.T.,D.T.,AC/DC,Who Made Who,1986,
Entire_music/train/Rock_35/350066.mp3,Rock,train,03-First Blood,First Blood,AC/DC,Fly On The Wall,1985,
Entire_music/train/Rock_35/350067.mp3,Rock,train,03-Flick Of The Switch,Flick Of The Switch,AC/DC,Flick Of The Switch,1983,
Entire_music/train/Rock_35/350068.mp3,Rock,train,03-Gimme A Bullet,Gimme A Bullet,AC/DC,Powerage,1978,
Entire_music/val/Rock_35/350069.mp3,Rock,val,03-Girls Got Rhythm,Girls Got Rhythm,AC/DC,Let There Be Rock The Movie,1997,
Entire_music/train/Rock_35/350070.mp3,Rock,train,03-Guns For Hire,Guns For Hire,AC/DC,Iron Man 2,2010,
Entire_music/train/Rock_35/350071.mp3,Rock,train,03-Hell Ain't A Bad Place To Be,Hell Ain't A Bad Place To Be,AC/DC,Let There Be Rock The Movie,1997,
Entire_music/train/Rock_35/350072.mp3,Rock,train,03-High Voltage,High Voltage,AC/DC,Live From Atlantic Studios,1997,
Entire_music/val/Rock_35/350073.mp3,Rock,val,03-Let There Be Rock,Let There Be Rock,AC/DC,Let There Be Rock,1977,
Entire_music/test/Rock_35/350074.mp3,Rock,test,03-Let's Get It Up,Let's Get It Up,AC/DC,For Those About To Rock,1981,
Entire_music/train/Rock_35/350075.mp3,Rock,train,03-Meanstreak,Meanstreak,AC/DC,Blow Up Your Video,1988,
Entire_music/train/Rock_35/350076.mp3,Rock,train,03-Moneytalks,Moneytalks,AC/DC,The Razors Edge,1990,
Entire_music/train/Rock_35/350077.mp3,Rock,train,"03-Paint It, Black-- The Rolling Stones lyrics",Paint It Black,The Rolling Stones,,,
Entire_music/train/Rock_35/350078.mp3,Rock,train,03-Peace Love and understanding,Peace Love and understanding,A perfect Circle,eMOTIVE,,
Entire_music/train/Rock_35/350079.mp3,Rock,train,03-Rose,Rose,A perfect circle,Mer de noms,,
Entire_music/test/Rock_35/350080.mp3,Rock,test,03-Show Business,Show Business,AC/DC,'74 Jailbreak,1984,
Entire_music/train/Rock_35/350081.mp3,Rock,train,03-That's The Way I Wanna Rock 'n' Roll,That's The Way I Wanna Rock 'n' Roll,AC/DC,Live,1992,
Entire_music/train/Rock_35/350082.mp3,Rock,train,03-The Furor,The Furor,AC/DC,Ballbreaker,1995,
Entire_music/train/Rock_35/350083.mp3,Rock,train,03-The Jack,The Jack,AC/DC,T.N.T,1975,
Entire_music/train/Rock_35/350084.mp3,Rock,train,03-The Outsider 'Apocalypse mix',"The Outsider ""Apocalypse mix""",A Perfect Circle,aMOTION Remixes,,
Entire_music/train/Rock_35/350085.mp3,Rock,train,03-There's Gonna Be Some Rockin',There's Gonna Be Some Rockin',AC/DC,Dirty Deeds Done Dirt Cheap,1976,
Entire_music/train/Rock_35/350086.mp3,Rock,train,03-Walk All Over You,Walk All Over You,AC/DC,Highway To Hell,1979,
Entire_music/train/Rock_35/350087.mp3,Rock,train,03-What Do You Do For Money Honey,What Do You Do For Money Honey,AC/DC,Back In Black,1980,
Entire_music/train/Rock_35/350088.mp3,Rock,train,03 - ...a toys orchestra - cuckoo boohoo - panic attack #1,Panic Attack #1,...A Toys Orchestra,Cuckoo Boohoo,2004,
Entire_music/test/Rock_35/350089.mp3,Rock,test,03 amorphous androgynous - the witch hunt,The Witch Hunt,Amorphous Androgynous,Alice in Ultraland,2005,
Entire_music/train/Rock_35/350090.mp3,Rock,train,04 Breezeblocks,Breezeblocks,Alt-J,An Awesome Wave,2012,
Entire_music/train/Rock_35/350091.mp3,Rock,train,04-Anything Goes,Anything Goes,AC/DC,Black Ice,2008,
Entire_music/train/Rock_35/350092.mp3,Rock,train,04-Back Seat Confidential,Back Seat Confidential,AC/DC,Volts,1997,
Entire_music/train/Rock_35/350093.mp3,Rock,train,04-Bad Boy Boogie,Bad Boy Boogie,AC/DC,Let There Be Rock,1977,
Entire_music/train/Rock_35/350094.mp3,Rock,train,04-Boogie Man,Boogie Man,AC/DC,Ballbreaker,1995,
Entire_music/train/Rock_35/350095.mp3,Rock,train,04-Cold Hearted Man,Cold Hearted Man,AC/DC,Iron Man 2,2010,
Entire_music/train/Rock_35/350096.mp3,Rock,train,04-Danger,Danger,AC/DC,Fly On The Wall,1985,
Entire_music/train/Rock_35/350097.mp3,Rock,train,04-Givin' The Dog A Bone,Givin' The Dog A Bone,AC/DC,Back In Black,1980,
Entire_music/train/Rock_35/350098.mp3,Rock,train,04-Go Down,Go Down,AC/DC,The Very Best of AC/DC,2013,
Entire_music/train/Rock_35/350099.mp3,Rock,train,04-Go Zone,Go Zone,AC/DC,Blow Up Your Video,1988,
Entire_music/train/Rock_35/350100.mp3,Rock,train,04-Hell Ain't a Bad Place to Be,Hell Ain't a Bad Place to Be,AC/DC,Live From Atlantic Studios,1997,
Entire_music/train/Rock_35/350101.mp3,Rock,train,04-High Voltage (2),High Voltage,AC/DC,Live,1992,
Entire_music/train/Rock_35/350102.mp3,Rock,train,04-High Voltage,High Voltage,AC/DC,Let There Be Rock The Movie,1997,
Entire_music/train/Rock_35/350103.mp3,Rock,train,04-Inject The Venom,Inject The Venom,AC/DC,For Those About To Rock,1981,
Entire_music/train/Rock_35/350104.mp3,Rock,train,04-Live Wire,Live Wire,AC/DC,T.N.T,1975,
Entire_music/train/Rock_35/350105.mp3,Rock,train,04-Nervous Shakedown,Nervous Shakedown,AC/DC,Flick Of The Switch,1983,
Entire_music/test/Rock_35/350106.mp3,Rock,test,04-Problem Child,Problem Child,AC/DC,Dirty Deeds Done Dirt Cheap,1976,
Entire_music/train/Rock_35/350107.mp3,Rock,train,04-Rancid - Fall Back Down,Fall Back Down,Rancid,Indestructible,2003,Lars Frederiksen/Tim Armstrong
Entire_music/train/Rock_35/350108.mp3,Rock,train,04-Riff Raff,Riff Raff,AC/DC,Powerage,1978,
Entire_music/train/Rock_35/350109.mp3,Rock,train,04-Sin City (2),Sin City,AC/DC,Live,1992,
Entire_music/train/Rock_35/350110.mp3,Rock,train,04-Sin City,Sin City,AC/DC,Let There Be Rock The Movie,1997,
Entire_music/train/Rock_35/350111.mp3,Rock,train,04-Sink The Pink,Sink The Pink,AC/DC,Who Made Who,1986,
Entire_music/test/Rock_35/350112.mp3,Rock,test,04-Soul Stripper,Soul Stripper,AC/DC,'74 Jailbreak,1984,
Entire_music/test/Rock_35/350113.mp3,Rock,test,04-The Jack,The Jack,AC/DC,If You Want Blood You've Got It,1978,
Entire_music/train/Rock_35/350114.mp3,Rock,train,04-The Razors Edge,The Razors Edge,AC/DC,The Razors Edge,1990,
Entire_music/train/Rock_35/350115.mp3,Rock,train,04-Touch Too Much,Touch Too Much,AC/DC,Highway To Hell,1979,
Entire_music/train/Rock_35/350116.mp3,Rock,train,04-Weak and powerless 'Tilling my grave mix',"Weak and powerless ""Tilling my grave mix""",A Perfect Circle,aMOTION Remixes,,
Entire_music/test/Rock_35/350117.mp3,Rock,test,04-What's going on,What´s going on,A perfect Circle,eMOTIVE,,
Entire_music/train/Rock_35/350118.mp3,Rock,train,04 - ...a toys orchestra - cuckoo boohoo - hengie queen of the border line,Hengie: Queen of the border line,...A Toys Orchestra,Cuckoo Boohoo,2004,
Entire_music/train/Rock_35/350119.mp3,Rock,train,04 amorphous androgynous - all is harvest,All is Harvest,Amorphous Androgynous,Alice in Ultraland,2005,
Entire_music/train/Rock_35/350120.mp3,Rock,train,05 (Interlude 2),(Interlude 2),Alt-J,An Awesome Wave,2012,
Entire_music/train/Rock_35/350121.mp3,Rock,train,05-Back In Black,Back In Black,AC/DC,Iron Man 2,2010,
Entire_music/train/Rock_35/350122.mp3,Rock,train,05-Beating Around The Bush,Beating Around The Bush,AC/DC,Highway To Hell,1979,
Entire_music/train/Rock_35/350123.mp3,Rock,train,05-Dog Eat Dog,Dog Eat Dog,AC/DC,Live From Atlantic Studios,1997,
Entire_music/train/Rock_35/350124.mp3,Rock,train,05-Get It Hot,Get It Hot,AC/DC,Volts,1997,
Entire_music/train/Rock_35/350125.mp3,Rock,train,05-Kissin' Dynamite,Kissin' Dynamite,AC/DC,Blow Up Your Video,1988,
Entire_music/val/Rock_35/350126.mp3,Rock,val,05-Landslide,Landslide,AC/DC,Flick Of The Switch,1983,
Entire_music/train/Rock_35/350127.mp3,Rock,train,05-Let Me Put My Love Into You,Let Me Put My Love Into You,AC/DC,Back In Black,1980,
Entire_music/train/Rock_35/350128.mp3,Rock,train,05-Mistress For Christmas,Mistress For Christmas,AC/DC,The Razors Edge,1990,
Entire_music/train/Rock_35/350129.mp3,Rock,train,05-Passive,Passive,A perfect Circle,eMOTIVE,,
Entire_music/train/Rock_35/350130.mp3,Rock,train,05-Problem Child (2),Problem Child,AC/DC,If You Want Blood You've Got It,1978,
Entire_music/train/Rock_35/350131.mp3,Rock,train,05-Ride On,Ride On,AC/DC,Who Made Who,1986,
Entire_music/train/Rock_35/350132.mp3,Rock,train,05-Sin City,Sin City,AC/DC,Powerage,1978,
Entire_music/train/Rock_35/350133.mp3,Rock,train,05-Snowballed,Snowballed,AC/DC,For Those About To Rock,1981,
Entire_music/val/Rock_35/350134.mp3,Rock,val,05-Squealer,Squealer,AC/DC,Dirty Deeds Done Dirt Cheap,1976,
Entire_music/train/Rock_35/350135.mp3,Rock,train,05-T.N.T.,T.N.T.,AC/DC,T.N.T,1975,
Entire_music/train/Rock_35/350136.mp3,Rock,train,05-The Honey Roll,The Honey Roll,AC/DC,Ballbreaker,1995,
Entire_music/train/Rock_35/350137.mp3,Rock,train,05-The Outsider 'Frosted yogurt mix',"The Outsider ""Frosted yogurt mix""",A Perfect Circle,aMOTION Remixes,,
Entire_music/train/Rock_35/350138.mp3,Rock,train,05-Vanishing,Vanishing,A perfect circle,Thirteenth step,,
Entire_music/test/Rock_35/350139.mp3,Rock,test,05-Violent femmes blister in the sun,blister in the sun,Violent femmes,,,
Entire_music/train/Rock_35/350140.mp3,Rock,train,05-Walk All Over You,Walk All Over You,AC/DC,Let There Be Rock The Movie,1997,
Entire_music/train/Rock_35/350141.mp3,Rock,train,05-War Machine,War Machine,AC/DC,Black Ice,2008,
Entire_music/train/Rock_35/350142.mp3,Rock,train,05-Who Made Who,Who Made Who,AC/DC,Live,1992,
Entire_music/train/Rock_35/350143.mp3,Rock,train,05-Whole Lotta Rosie,Whole Lotta Rosie,AC/DC,Let There Be Rock The Movie,1997,
Entire_music/test/Rock_35/350144.mp3,Rock,test,05-You Shook Me All Night Long,You Shook Me All Night Long,AC/DC,Live,1992,
Entire_music/train/Rock_35/350145.mp3,Rock,train,05 - ...a toys orchestra - cuckoo boohoo - loco motive,Loco Motive,...A Toys Orchestra,Cuckoo Boohoo,2004,
Entire_music/train/Rock_35/350146.mp3,Rock,train,05 amorphous androgynous - the prophet,The Prophet,Amorphous Androgynous,Alice in Ultraland,2005,
Entire_music/train/Rock_35/350147.mp3,Rock,train,06 Something Good,Something Good,Alt-J,An Awesome Wave,2012,
Entire_music/train/Rock_35/350148.mp3,Rock,train,06-Bad Boy Boogie,Bad Boy Boogie,AC/DC,Let There Be Rock The Movie,1997,
Entire_music/train/Rock_35/350149.mp3,Rock,train,06-Big Balls,Big Balls,AC/DC,Dirty Deeds Done Dirt Cheap,1976,
Entire_music/train/Rock_35/350150.mp3,Rock,train,06-Blue 'Bird shake mix',Blue 'Bird shake mix',A Perfect Circle,aMOTION Remixes,,
Entire_music/train/Rock_35/350151.mp3,Rock,train,06-Burnin' Alive,Burnin' Alive,AC/DC,Ballbreaker,1995,
Entire_music/train/Rock_35/350152.mp3,Rock,train,06-Can I Sit Next To You Girl,Can I Sit Next To You Girl,AC/DC,High Voltage,1976,
Entire_music/val/Rock_35/350153.mp3,Rock,val,06-Evil Walks,Evil Walks,AC/DC,For Those About To Rock,1981,
Entire_music/train/Rock_35/350154.mp3,Rock,train,06-Gimmie Gimmie Gimmie,Gimmie Gimmie Gimmie,A perfect Circle,eMOTIVE,,
Entire_music/val/Rock_35/350155.mp3,Rock,val,06-Heatseeker,Heatseeker,AC/DC,Live,1992,
Entire_music/train/Rock_35/350156.mp3,Rock,train,06-Nick Of Time,Nick Of Time,AC/DC,Blow Up Your Video,1988,
Entire_music/val/Rock_35/350157.mp3,Rock,val,06-Nirvana - 02 - Sliver,Sliver,Nirvana,Incesticide,1992,Chad Channing/Krist Novoselic/Kurt Cobain
Entire_music/test/Rock_35/350158.mp3,Rock,test,06-Overdose,Overdose,AC/DC,Let There Be Rock,1977,
Entire_music/train/Rock_35/350159.mp3,Rock,train,06-Playing With Girls,Playing With Girls,AC/DC,Fly On The Wall,1985,
Entire_music/train/Rock_35/350160.mp3,Rock,train,06-Rock Your Heart Out,Rock Your Heart Out,AC/DC,The Razors Edge,1990,
Entire_music/train/Rock_35/350161.mp3,Rock,train,06-Rocker,Rocker,AC/DC,Let There Be Rock The Movie,1997,
Entire_music/val/Rock_35/350162.mp3,Rock,val,06-Shot Down In Flames,Shot Down In Flames,AC/DC,Highway To Hell,1979,
Entire_music/train/Rock_35/350163.mp3,Rock,train,06-Sin City,Sin City,AC/DC,Volts,1997,
Entire_music/test/Rock_35/350164.mp3,Rock,test,06-Smash 'n' Grab,Smash 'n' Grab,AC/DC,Black Ice,2008,
Entire_music/train/Rock_35/350165.mp3,Rock,train,06-The Jack,The Jack,AC/DC,Live From Atlantic Studios,1997,
Entire_music/test/Rock_35/350166.mp3,Rock,test,06-What's Next To The Moon,What's Next To The Moon,AC/DC,Powerage,1978,
Entire_music/train/Rock_35/350167.mp3,Rock,train,06-Whole Lotta Rosie (2),Whole Lotta Rosie,AC/DC,Live,1992,
Entire_music/train/Rock_35/350168.mp3,Rock,train,06-Whole Lotta Rosie,Whole Lotta Rosie,AC/DC,If You Want Blood You've Got It,1978,
Entire_music/train/Rock_35/350169.mp3,Rock,train,06 - ...a toys orchestra - cuckoo boohoo - elephant man,Elephant Man,...A Toys Orchestra,Cuckoo Boohoo,2004,
Entire_music/train/Rock_35/350170.mp3,Rock,train,06 amorphous androgynous - indian swing,Indian Swing,Amorphous Androgynous,Alice in Ultraland,2005,
Entire_music/test/Rock_35/350171.mp3,Rock,test,07 Dissolve Me,Dissolve Me,Alt-J,An Awesome Wave,2012,
Entire_music/val/Rock_35/350172.mp3,Rock,val,07-3 Libras 'All main courses mix',"3 Libras ""All main courses mix""",A Perfect Circle,aMOTION Remixes,,
Entire_music/train/Rock_35/350173.mp3,Rock,train,07-Are You Ready,Are You Ready,AC/DC,The Razors Edge,1990,
Entire_music/val/Rock_35/350174.mp3,Rock,val,07-C.O.D.,C.O.D.,AC/DC,For Those About To Rock,1981,
Entire_music/train/Rock_35/350175.mp3,Rock,train,07-Deep In The Hole,Deep In The Hole,AC/DC,Flick Of The Switch,1983,
Entire_music/train/Rock_35/350176.mp3,Rock,train,07-Fire Your Guns,Fire Your Guns,AC/DC,Live,1992,
Entire_music/train/Rock_35/350177.mp3,Rock,train,07-Get It Hot,Get It Hot,AC/DC,Highway To Hell,1979,
Entire_music/val/Rock_35/350178.mp3,Rock,val,07-Gone Shootin',Gone Shootin',AC/DC,Powerage,1978,
Entire_music/test/Rock_35/350179.mp3,Rock,test,07-Hail Caesar,Hail Caesar,AC/DC,Ballbreaker,1995,
Entire_music/train/Rock_35/350180.mp3,Rock,train,07-Hell Ain't A Bad Place To Be,Hell Ain't A Bad Place To Be,AC/DC,Let There Be Rock,1977,
Entire_music/train/Rock_35/350181.mp3,Rock,train,07-If You Want Blood (You've Got It,If You Want Blood (You've Got It,AC/DC,Iron Man 2,2010,
Entire_music/train/Rock_35/350182.mp3,Rock,train,07-Let There Be Rock,Let There Be Rock,AC/DC,Live,1992,
Entire_music/train/Rock_35/350183.mp3,Rock,train,07-Little Lover,Little Lover,AC/DC,High Voltage,1976,
Entire_music/val/Rock_35/350184.mp3,Rock,val,07-People are people,People are people,A perfect Circle,eMOTIVE,,
Entire_music/train/Rock_35/350185.mp3,Rock,train,07-R.I.P. (Rock in Peace),R.I.P. (Rock in Peace),AC/DC,Dirty Deeds Done Dirt Cheap,1976,
Entire_music/train/Rock_35/350186.mp3,Rock,train,07-Rock 'n' Roll Damnation,Rock 'n' Roll Damnation,AC/DC,If You Want Blood You've Got It,1978,
Entire_music/train/Rock_35/350187.mp3,Rock,train,07-She's Got Balls,She's Got Balls,AC/DC,Volts,1997,
Entire_music/train/Rock_35/350188.mp3,Rock,train,07-Some Sin For Nuthin',Some Sin For Nuthin',AC/DC,Blow Up Your Video,1988,
Entire_music/val/Rock_35/350189.mp3,Rock,val,07-Spoilin' for a Fight,Spoilin' for a Fight,AC/DC,Black Ice,2008,
Entire_music/test/Rock_35/350190.mp3,Rock,test,07-Stand Up,Stand Up,AC/DC,Fly On The Wall,1985,
Entire_music/train/Rock_35/350191.mp3,Rock,train,07-T.N.T.,T.N.T.,AC/DC,Let There Be Rock The Movie,1997,
Entire_music/train/Rock_35/350192.mp3,Rock,train,07-The Cure - Friday Im In Love,Friday I'm In Love,The Cure,,2010,
Entire_music/train/Rock_35/350193.mp3,Rock,train,07-Whole Lotta Rosie,Whole Lotta Rosie,AC/DC,Live From Atlantic Studios,1997,
Entire_music/train/Rock_35/350194.mp3,Rock,train,07 - ...a toys orchestra - cuckoo boohoo - modern lucky man,Modern Lucky Man,...A Toys Orchestra,Cuckoo Boohoo,2004,
Entire_music/train/Rock_35/350195.mp3,Rock,train,07 amorphous androgynous - the seasons turn,The Seasons Turn,Amorphous Androgynous,Alice in Ultraland,2005,
Entire_music/train/Rock_35/350196.mp3,Rock,train,08 Matilda,Matilda,Alt-J,An Awesome Wave,2012,
Entire_music/train/Rock_35/350197.mp3,Rock,train,08-Bedlam In Belgium,Bedlam In Belgium,AC/DC,Flick Of The Switch,1983,
Entire_music/train/Rock_35/350198.mp3,Rock,train,08-Bonny,Bonny,AC/DC,Live,1992,
Entire_music/train/Rock_35/350199.mp3,Rock,train,08-Breaking The Rules,Breaking The Rules,AC/DC,For Those About To Rock,1981,
Entire_music/train/Rock_35/350200.m4a,Rock,train,08-Celebrity Skin,Celebrity Skin,Hole,,,
Entire_music/train/Rock_35/350201.mp3,Rock,train,08-Chase The Ace,Chase The Ace,AC/DC,Who Made Who,1986,
Entire_music/train/Rock_35/350202.mp3,Rock,train,08-Freedom of choice,Freedom of choice,A perfect Circle,eMOTIVE,,
Entire_music/train/Rock_35/350203.mp3,Rock,train,08-Got You By The Balls,Got You By The Balls,AC/DC,The Razors Edge,1990,
Entire_music/train/Rock_35/350204.mp3,Rock,train,08-Have A Drink On Me,Have A Drink On Me,AC/DC,Back In Black,1980,
Entire_music/train/Rock_35/350205.mp3,Rock,train,08-Hell Or High Water,Hell Or High Water,AC/DC,Fly On The Wall,1985,
Entire_music/val/Rock_35/350206.mp3,Rock,val,08-High Voltage (2),High Voltage,AC/DC,If You Want Blood You've Got It,1978,
Entire_music/train/Rock_35/350207.mp3,Rock,train,08-High Voltage,High Voltage,AC/DC,T.N.T,1975,
Entire_music/test/Rock_35/350208.mp3,Rock,test,08-If You Want Blood (You've Got It),If You Want Blood (You've Got It),AC/DC,Highway To Hell,1979,
Entire_music/train/Rock_35/350209.mp3,Rock,train,08-Jailbreak,Jailbreak,AC/DC,Live,1992,
Entire_music/train/Rock_35/350210.mp3,Rock,train,08-Let There Be Rock,Let There Be Rock,AC/DC,Let There Be Rock The Movie,1997,
Entire_music/train/Rock_35/350211.mp3,Rock,train,08-Love Bomb,Love Bomb,AC/DC,Ballbreaker,1995,
Entire_music/test/Rock_35/350212.mp3,Rock,test,08-Rocker,Rocker,AC/DC,Live From Atlantic Studios,1997,
Entire_music/train/Rock_35/350213.mp3,Rock,train,08-Ruff Stuff,Ruff Stuff,AC/DC,Blow Up Your Video,1988,
Entire_music/train/Rock_35/350214.mp3,Rock,train,08-School Days,School Days,AC/DC,Volts,1997,
Entire_music/train/Rock_35/350215.mp3,Rock,train,08-She's Got Balls,She's Got Balls,AC/DC,High Voltage,1976,
Entire_music/train/Rock_35/350216.mp3,Rock,train,08-The Hollow 'constantly consuming mix',"The Hollow  ""constantly consuming mix""",A Perfect Circle,aMOTION Remixes,,
Entire_music/train/Rock_35/350217.mp3,Rock,train,08-Thomas,Thomas,A perfect circle,Mer de noms,,
Entire_music/train/Rock_35/350218.mp3,Rock,train,08-Up To My Neck In You,Up To My Neck In You,AC/DC,Powerage,1978,
Entire_music/train/Rock_35/350219.mp3,Rock,train,08-Wheels,Wheels,AC/DC,Black Ice,2008,
Entire_music/train/Rock_35/350220.mp3,Rock,train,08-Whole Lotta Rosie,Whole Lotta Rosie,AC/DC,Let There Be Rock,1977,
Entire_music/train/Rock_35/350221.mp3,Rock,train,08 - ...a toys orchestra - cuckoo boohoo - 3 minutes older,3 Minutes Older,...A Toys Orchestra,Cuckoo Boohoo,2004,
Entire_music/train/Rock_35/350222.mp3,Rock,train,08 amorphous androgynous - high and dry,High and Dry,Amorphous Androgynous,Alice in Ultraland,2005,
Entire_music/test/Rock_35/350223.mp3,Rock,test,09 - Red Hot Chili Peppers - Scar Tissue,Scar Tissue,Red Hot Chili Peppers,Californication,1999,Anthony Kiedis/Chad Smith/Flea/John Frusciante
Entire_music/train/Rock_35/350224.mp3,Rock,train,Alt-J - An Awesome Wave - MS,MS,Alt-J,An Awesome Wave,2012,
Entire_music/train/Rock_35/350225.mp3,Rock,train,09-Back In Business,Back In Business,AC/DC,Fly On The Wall,1985,
Entire_music/train/Rock_35/350226.mp3,Rock,train,09-Badlands,Badlands,AC/DC,Flick Of The Switch,1983,
Entire_music/train/Rock_35/350227.mp3,Rock,train,09-Caught With Your Pants Down,Caught With Your Pants Down,AC/DC,Ballbreaker,1995,
Entire_music/test/Rock_35/350228.mp3,Rock,test,09-Decibel,Decibel,AC/DC,Black Ice,2008,
Entire_music/train/Rock_35/350229.mp3,Rock,train,09-Highway To Hell,Highway To Hell,AC/DC,Live,1992,
Entire_music/train/Rock_35/350230.mp3,Rock,train,09-Kicked In The Teeth,Kicked In The Teeth,AC/DC,Powerage,1978,
Entire_music/test/Rock_35/350231.mp3,Rock,test,09-Let There Be Rock,Let There Be Rock,AC/DC,If You Want Blood You've Got It,1978,
Entire_music/train/Rock_35/350232.mp3,Rock,train,09-Let's have a war,Let´s have a war,A perfect Circle,eMOTIVE,,
Entire_music/test/Rock_35/350233.mp3,Rock,test,09-Love Hungry Man,Love Hungry Man,AC/DC,Highway To Hell,1979,
Entire_music/train/Rock_35/350234.mp3,Rock,train,09-Night Of The Long Knives,Night Of The Long Knives,AC/DC,For Those About To Rock,1981,
Entire_music/train/Rock_35/350235.mp3,Rock,train,09-Renholdër,Renholdër,A perfect circle,Mer de noms,,
Entire_music/train/Rock_35/350236.mp3,Rock,train,09-Shake A Leg,Shake A Leg,AC/DC,Back In Black,1980,
Entire_music/train/Rock_35/350237.mp3,Rock,train,09-Shot Of Love,Shot Of Love,AC/DC,The Razors Edge,1990,
Entire_music/val/Rock_35/350238.mp3,Rock,val,09-The Hollow 'The bunk mix',"The Hollow ""The bunk mix""",A Perfect Circle,aMOTION Remixes,,
Entire_music/train/Rock_35/350239.mp3,Rock,train,09-The Jack,The Jack,AC/DC,Live,1992,
Entire_music/val/Rock_35/350240.mp3,Rock,val,09-The nurse who loved me,The nurse who loved me,A perfect circle,Thirteenth step,,
Entire_music/test/Rock_35/350241.mp3,Rock,test,09-Two's Up,Two's Up,AC/DC,Blow Up Your Video,1988,
Entire_music/train/Rock_35/350242.mp3,Rock,train,09 - ...a toys orchestra - cuckoo boohoo - panic attack #2,Panic Attack #2,...A Toys Orchestra,Cuckoo Boohoo,2004,
Entire_music/train/Rock_35/350243.mp3,Rock,train,09 amorphous androgynous - yes my brother (youve gotta turn yourself around),Yes My Brother (You've Gotta T,Amorphous Androgynous,Alice in Ultraland,2005,
Entire_music/val/Rock_35/350244.mp3,Rock,val,10 Fitzpleasure,Fitzpleasure,Alt-J,An Awesome Wave,2012,
Entire_music/train/Rock_35/350245.mp3,Rock,train,10-Brain Shake,Brain Shake,AC/DC,Flick Of The Switch,1983,
Entire_music/train/Rock_35/350246.mp3,Rock,train,10-Counting bodies like sheeps to the rythm of the wardrums,Counting bodies like sheeps to the rythm of the wardrums,A perfect Circle,eMOTIVE,,
Entire_music/val/Rock_35/350247.mp3,Rock,val,10-Let's Make It,Let's Make It,AC/DC,The Razors Edge,1990,
Entire_music/val/Rock_35/350248.mp3,Rock,val,10-Minority by Green Day with lyrics,Minority,Green Day,,,
Entire_music/train/Rock_35/350249.mp3,Rock,train,10-Night Prowler,Night Prowler,AC/DC,Highway To Hell,1979,
Entire_music/train/Rock_35/350250.mp3,Rock,train,10-Ride On,Ride On,AC/DC,Volts,1997,
Entire_music/train/Rock_35/350251.mp3,Rock,train,10-Rock And Roll Ain't Noise Pollution,Rock And Roll Ain't Noise Pollution,AC/DC,Back In Black,1980,
Entire_music/val/Rock_35/350252.mp3,Rock,val,10-Rocker,Rocker,AC/DC,If You Want Blood You've Got It,1978,
Entire_music/train/Rock_35/350253.mp3,Rock,train,10-Send For The Man,Send For The Man,AC/DC,Fly On The Wall,1985,
Entire_music/train/Rock_35/350254.mp3,Rock,train,10-Spellbound,Spellbound,AC/DC,For Those About To Rock,1981,
Entire_music/train/Rock_35/350255.mp3,Rock,train,10-Stormy May Day,Stormy May Day,AC/DC,Black Ice,2008,
Entire_music/val/Rock_35/350256.mp3,Rock,val,10-T.N.T.,T.N.T.,AC/DC,Live,1992,
Entire_music/train/Rock_35/350257.mp3,Rock,train,10-The Razors Edge,The Razors Edge,AC/DC,Live,1992,
Entire_music/train/Rock_35/350258.mp3,Rock,train,10-Thinking of you,Thinking of you,A perfect circle,Mer de noms,,
Entire_music/train/Rock_35/350259.mp3,Rock,train,10-This Means War,This Means War,AC/DC,Blow Up Your Video,1988,
Entire_music/train/Rock_35/350260.mp3,Rock,train,10-Whiskey On The Rocks,Whiskey On The Rocks,AC/DC,Ballbreaker,1995,
Entire_music/train/Rock_35/350261.mp3,Rock,train,10 - ...a toys orchestra - cuckoo boohoo - three withered roses,Three Withered Roses,...A Toys Orchestra,Cuckoo Boohoo,2004,
Entire_music/train/Rock_35/350262.mp3,Rock,train,10 amorphous androgynous - in the summertime of consciousness,In the Summertime of Conscious,Amorphous Androgynous,Alice in Ultraland,2005,
Entire_music/train/Rock_35/350263.mp3,Rock,train,11 (Interlude 3),(Interlude 3),Alt-J,An Awesome Wave,2012,
Entire_music/train/Rock_35/350264.mp3,Rock,train,11-Ballbreaker,Ballbreaker,AC/DC,Ballbreaker,1995,
Entire_music/train/Rock_35/350265.mp3,Rock,train,11-Breña,Breña,A perfect circle,Mer de noms,,
Entire_music/train/Rock_35/350266.mp3,Rock,train,11-Dirty Deeds Done Dirt Cheap,Dirty Deeds Done Dirt Cheap,AC/DC,Live,1992,
Entire_music/train/Rock_35/350267.mp3,Rock,train,11-For Those About To Rock (We Salute You),For Those About To Rock (We Salute You),AC/DC,Live,1992,
Entire_music/val/Rock_35/350268.mp3,Rock,val,11-Goodbye And Good Riddance To Bad Luck,Goodbye And Good Riddance To Bad Luck,AC/DC,The Razors Edge,1990,
Entire_music/train/Rock_35/350269.mp3,Rock,train,11-Mano Negra - Out Of Time Man,Out Of Time Man,Mano Negra,,,
Entire_music/train/Rock_35/350270.mp3,Rock,train,11-She Likes Rock 'n' Roll,She Likes Rock 'n' Roll,AC/DC,Black Ice,2008,
Entire_music/train/Rock_35/350271.mp3,Rock,train,11-When the levee breaks,When the levee breaks,A perfect Circle,eMOTIVE,,
Entire_music/train/Rock_35/350272.mp3,Rock,train,11 - ...a toys orchestra - cuckoo boohoo - 1000 flaming dragonflies,1000 Flaming Dragonflies,...A Toys Orchestra,Cuckoo Boohoo,2004,
Entire_music/train/Rock_35/350273.mp3,Rock,train,11 amorphous androgynous - billy the onion,Billy the Onion,Amorphous Androgynous,Alice in Ultraland,2005,
Entire_music/train/Rock_35/350274.mp3,Rock,train,12 Bloodflood,Bloodflood,Alt-J,An Awesome Wave,2012,
Entire_music/train/Rock_35/350275.mp3,Rock,train,12-99 Posse - NA99 10° (cd1) - 12 - Salario garantito,Salario garantito,99 Posse,NA - 99 - 10  cd 1,2001,
Entire_music/train/Rock_35/350276.mp3,Rock,train,12-Fiddle an the drum,Fiddle an the drum,A perfect Circle,eMOTIVE,,
Entire_music/val/Rock_35/350277.mp3,Rock,val,12-If You Dare,If You Dare,AC/DC,The Razors Edge,1990,
Entire_music/train/Rock_35/350278.mp3,Rock,train,12-Money Made,Money Made,AC/DC,Black Ice,2008,
Entire_music/train/Rock_35/350279.mp3,Rock,train,12-Moneytalks,Moneytalks,AC/DC,Live,1992,
Entire_music/train/Rock_35/350280.mp3,Rock,train,12-Over,Over,A perfect circle,Mer de noms,,
Entire_music/test/Rock_35/350281.mp3,Rock,test,12 - ...a toys orchestra - cuckoo boohoo - asteroid,Asteroid,...A Toys Orchestra,Cuckoo Boohoo,2004,
Entire_music/train/Rock_35/350282.mp3,Rock,train,12 amorphous androgynous - another fairy tale ending,Another Fairy Tale Ending,Amorphous Androgynous,Alice in Ultraland,2005,
Entire_music/train/Rock_35/350283.mp3,Rock,train,13 Taro,Taro,Alt-J,An Awesome Wave,2012,
Entire_music/val/Rock_35/350284.mp3,Rock,val,13-Manu Chao - Rainin' in paradize,Rainin in Paradize,Manu Chao,Rainin in Paradize - Free Single,2007,
Entire_music/train/Rock_35/350285.mp3,Rock,train,13-Rock 'n' Roll Dream,Rock 'n' Roll Dream,AC/DC,Black Ice,2008,
Entire_music/train/Rock_35/350286.mp3,Rock,train,13. Four Non Blondes - What's Up (July 1993),What's Up,Four Non Blondes,,1993,
Entire_music/train/Rock_35/350287.mp3,Rock,train,13 amorphous androgynous - the world is full plankton,The World is Full Plankton,Amorphous Androgynous,Alice in Ultraland,2005,
Entire_music/val/Rock_35/350288.mp3,Rock,val,14-Rocking All The Way,Rocking All The Way,AC/DC,Black Ice,2008,
Entire_music/train/Rock_35/350289.m4a,Rock,train,14-What's my age again,What's My Age Again,Blink 182,,,
Entire_music/train/Rock_35/350290.mp3,Rock,train,14 amorphous androgynous - the wicker doll,The Wicker Doll,Amorphous Androgynous,Alice in Ultraland,2005,
Entire_music/train/Rock_35/350291.mp3,Rock,train,15-Black Ice,Black Ice,AC/DC,Black Ice,2008,
Entire_music/train/Rock_35/350292.mp3,Rock,train,15-Oasis Supersonic,Supersonic,Oasis,Definitely Maybe,1994,Noel Gallagher
Entire_music/train/Rock_35/350293.mp3,Rock,train,16-Gone Daddy Gone; Gnarls Barkley {not live},Gone Daddy Gone,Gnarls Barkley,,2010,
Entire_music/test/Rock_35/350294.mp3,Rock,test,17-The Smashing Pumpkins - Tarantula (New Single From Zeitgeist),Tarantula,The smashing pumpkins,Zeitgeist,2007,
Entire_music/train/Rock_35/350295.mp3,Rock,train,18-Big Gun,Big Gun,AC/DC,The Very Best of AC/DC,2013,
Entire_music/test/Rock_35/350296.mp3,Rock,test,18-Pretty Lights - Finally Moving,Finally Moving,Pretty Lights,,,
Entire_music/train/Rock_35/350297.mp3,Rock,train,19-Envoi,Envoi,Absynthe Minded,,,
Entire_music/train/Rock_35/350298.mp3,Rock,train,20-Talco - La Torre (con letra),La Torre (con letra),Talco,,,
Entire_music/train/Rock_35/350299.mp3,Rock,train,,,,,,
Entire_music/train/Rock_35/350300.mp3,Rock,train,24 Grana - kanzone su Londra,Canzone su Londra,24 Grana,,2010,
Entire_music/train/Rock_35/350301.mp3,Rock,train,24 grana stai mai cca,Stai Mai Cca,24 Grana,,2010,
Entire_music/train/Rock_35/350302.mp3,Rock,train,3. Stock,Stock,,,,
Entire_music/train/Rock_35/350303.mp3,Rock,train,31-Rocker,Rocker,AC/DC,The Very Best of AC/DC,2013,
Entire_music/train/Rock_35/350304.mp3,Rock,train,36-High Voltage,High Voltage,AC/DC,The Very Best of AC/DC,2013,
Entire_music/train/Rock_35/350305.mp3,Rock,train,48-Give It Up,Give It Up,AC/DC,The Very Best of AC/DC,2013,
Entire_music/train/Rock_35/350306.mp3,Rock,train,49-Stiff Upper Lip,Stiff Upper Lip,AC/DC,The Very Best of AC/DC,2013,
Entire_music/train/Rock_35/350307.mp3,Rock,train,50-Safe In New York City,Safe In New York City,AC/DC,The Very Best of AC/DC,2013,
Entire_music/train/Rock_35/350308.mp3,Rock,train,51-Can't Stop Rock'n'roll,Can't Stop Rock'n'roll,AC/DC,The Very Best of AC/DC,2013,
Entire_music/train/Rock_35/350309.mp3,Rock,train,52-Back in Black (Bon Scott),Back in Black (Bon Scott),AC/DC,The Very Best of AC/DC,2013,
Entire_music/train/Rock_35/350310.mp3,Rock,train,A E R O S M I T H Greatest Hits Full Album 2022 ~ A E R O S M I T H Best Songs Collection,A E R O S M I T H  Greatest Hits Full Album 2022 ~ A E R O S M I T H  Best Songs Collection,AEROSMITH,,,
Entire_music/train/Rock_35/350311.mp3,Rock,train,A Perfect Circle - 3 Libras,3 Libra's,A Perfect Circle,Mer De Noms,2000,Billy Howerdel/Maynard James Keenan
Entire_music/train/Rock_35/350312.mp3,Rock,train,A Perfect Circle - Judith,Judith,A Perfect Circle,Mer De Noms,2000,Billy Howerdel/Maynard James Keenan
Entire_music/train/Rock_35/350313.mp3,Rock,train,A Perfect Circle - Magdalena,Magdalena,A Perfect Circle,Mer De Noms,2000,Billy Howerdel/Maynard James Keenan
Entire_music/train/Rock_35/350314.mp3,Rock,train,A Perfect Circle - Orestes,Orestes,A Perfect Circle,Mer De Noms,2000,Billy Howerdel/Maynard James Keenan
Entire_music/train/Rock_35/350315.mp3,Rock,train,A Perfect Circle - Sleeping Beauty,Sleeping Beauty,A Perfect Circle,Mer De Noms,2000,Billy Howerdel/Maynard James Keenan
Entire_music/train/Rock_35/350316.mp3,Rock,train,A Perfect Circle - The Hollow,The Hollow,A Perfect Circle,,,
Entire_music/train/Rock_35/350317.mp3,Rock,train,A Perfect Circle-A Stranger,A Stranger,A Perfect Circle,Thirteenth Step,,
Entire_music/train/Rock_35/350318.mp3,Rock,train,A Perfect Circle-Blue,Blue,A Perfect Circle,Thirteenth Step,,
Entire_music/train/Rock_35/350319.mp3,Rock,train,A Perfect Circle-Crimes,Crimes,A Perfect Circle,Thirteenth Step,,
Entire_music/train/Rock_35/350320.mp3,Rock,train,A Perfect Circle-Gravity,Gravity,A Perfect Circle,Thirteenth Step,,
Entire_music/train/Rock_35/350321.mp3,Rock,train,A Perfect Circle-Lullaby,Lullaby,A Perfect Circle,Thirteenth Step,,
Entire_music/train/Rock_35/350322.mp3,Rock,train,A Perfect Circle-Pet,Pet,A Perfect Circle,Thirteenth Step,,
Entire_music/train/Rock_35/350323.mp3,Rock,train,A Perfect Circle-The Noose,The Noose,A Perfect Circle,Thirteenth Step,,
Entire_music/train/Rock_35/350324.mp3,Rock,train,A Perfect Circle-The Outsider,The Outsider,A Perfect Circle,Thirteenth Step,,
Entire_music/train/Rock_35/350325.mp3,Rock,train,A Perfect Circle-The Package,The Package,A Perfect Circle,Thirteenth Step,,
Entire_music/train/Rock_35/350326.mp3,Rock,train,A U D I O S L A V E Greatest Hits Full Album ~ Best Songs Of A U D I O S L A V E ~ Rock Songs,A U D I O S L A V E Greatest Hits - Best Songs Of A U D I O S L A V E - Rock Songs,AUDIOSLAVE,,,
Entire_music/val/Rock_35/350327.mp3,Rock,val,A ha - Take on me,Take on me,A ha,,,
Entire_music/train/Rock_35/350328.mp3,Rock,train,A perfect circle-Pista 11,,A perfect circle,Vs,,
Entire_music/val/Rock_35/350329.mp3,Rock,val,A.C.D.C Greatest Hits Full Album 2021 - Top 20 Best Songs Of A.C.D.C,A.C.D.C Greatest Hits Full Album 2021 - Top 20 Best Songs Of A.C.D.C,AC/DC,,,
Entire_music/train/Rock_35/350330.mp3,Rock,train,Aerosmith - Dude Looks Like A Lady (Studio Version + Lyrics),Dude Looks Like A Lady,Aerosmith,,2010,
Entire_music/train/Rock_35/350331.mp3,Rock,train,AfterHours-- Hai paura del Buio-- Full Album HQ,Hai paura del Buio,AfterHours,Hai paura del Buio,,
Entire_music/train/Rock_35/350332.mp3,Rock,train,Alice In Chains Greatest Hits Alice In Chains Greatest Hits Full Album,Alice In Chains Greatest Hits Alice In Chains Greatest Hits,Alice In Chains,,,
Entire_music/train/Rock_35/350333.mp3,Rock,train,Apollo 440 - Stop The Rock,Stop The Rock,Apollo 440,,,
Entire_music/train/Rock_35/350334.mp3,Rock,train,Arctic Monkeys Greatest Hits full Album - Best Songs of Arctic Monkeys,Arctic Monkeys Greatest Hits - Best Songs of Arctic Monkeys,Arctic Monkeys,,,
Entire_music/train/Rock_35/350335.mp3,Rock,train,"Area - 1978 -Gli dei ,,, gli arrabbiati restano!Full Album HQ","Gli dei ,,, gli arrabbiati restano!",Area,"Gli dei ,,, gli arrabbiati restano!",1978,
Entire_music/train/Rock_35/350336.mp3,Rock,train,Artic Monkeys - When the sun goes down,Scummy,Arctic Monkeys,,,
Entire_music/train/Rock_35/350337.mp3,Rock,train,BLINK 182 FULL ALBUM 2022,,BLINK 182,,,
Entire_music/train/Rock_35/350338.mp3,Rock,train,Bad Trails,Bad Trails,,,,
Entire_music/train/Rock_35/350339.mp3,Rock,train,Barfuß am Klavier,Barfuß am Klavier,,,,
Entire_music/test/Rock_35/350340.mp3,Rock,test,Battles - Atlas,Atlas,Battles,,,
Entire_music/train/Rock_35/350341.mp3,Rock,train,Battles - Tonto,Tonto,Battles,,,
Entire_music/train/Rock_35/350342.mp3,Rock,train,Bauhaus Greatest Hits Full - The Best Of Bauhaus - Bauhaus Collection 2023 Mix 01,Bauhaus Greatest Hits - The Best Of Bauhaus - Bauhaus Collection 2023 Mix 01,Bauhaus,,,
Entire_music/train/Rock_35/350343.mp3,Rock,train,Best Of Bon Jovi - Greatest Hits Full Album,Best Of Bon Jovi - Greatest Hits Full Album,Bon Jovi,,,
Entire_music/train/Rock_35/350344.mp3,Rock,train,Best Of Oasis - Greatest Hits full Album,Best Of Oasis - Greatest Hits,Oasis,,,
Entire_music/train/Rock_35/350345.mp3,Rock,train,Best Of Pearl Jam - Greatest Hits Full Album,Best Of Pearl Jam - Greatest Hits,Pearl Jam,,,
Entire_music/test/Rock_35/350346.mp3,Rock,test,Best Songs Of Buddy Holly Collection Buddy Holly Greatest Hits Full Album,Best Songs Of Buddy Holly Collection Buddy Holly Greatest Hits,Buddy Holly,,,
Entire_music/test/Rock_35/350347.mp3,Rock,test,Best The Beatles Songs Collection - The Beatles Greatest Hits Full Album 2021,Best The Beatles Songs Collection - The Beatles Greatest Hits 2021,The Beatles,,,
Entire_music/train/Rock_35/350348.mp3,Rock,train,Best of #Offspring ~ #The Offspring Greatest Hits Full Album,Best of #Offspring ~ #The Offspring Greatest Hits Full Album,The Offspring,,,
Entire_music/train/Rock_35/350349.mp3,Rock,train,Bitte bleib,Bitte bleib,,,,
Entire_music/train/Rock_35/350350.mp3,Rock,train,"Blonde Redhead - Melody of Certain Damaged Lemons [FULL ALBUM, HQ]",Melody of Certain Damaged Lemons,Blonde Redhead,Melody of Certain Damaged Lemons,,
Entire_music/train/Rock_35/350351.ape,Rock,train,,,,,,
Entire_music/train/Rock_35/350352.mp3,Rock,train,Captain Beefheart & His Magic Band - Trout Mask Replica [Full Album],Trout Mask Replica,Captain Beefheart & His Magic Band,Trout Mask Replica,,
Entire_music/train/Rock_35/350353.mp3,Rock,train,Canned Heat-BOOGIE WITH....Full Album 1968,BOOGIE WITH....,Canned Heat,BOOGIE WITH....,1968,
Entire_music/test/Rock_35/350354.mp3,Rock,test,Chuck Berry Greatest Hits - Chuck Berry Best Blue Songs - Chuck Berry All Songs Full Album 2021,Chuck Berry Greatest Hits - Chuck Berry Best Blue Songs - Chuck Berry All Songs 2021,Chuck Berry,,,
Entire_music/train/Rock_35/350355.m4a,Rock,train,Complicated,Complicated,Avril Lavigne,,,
Entire_music/val/Rock_35/350356.mp3,Rock,val,Canned Heat ST-1967- Full Album HQ,Canned Heat,Canned Heat,Canned Heat,1967,
Entire_music/train/Rock_35/350357.mp3,Rock,train,D.Purple Greatest Hits Full Album - Best Songs Of D.Purple Playlist 2021,D.Purple Greatest Hits Full Album - Best Songs Of D.Purple Playlist 2021,Deep Purple,,,
Entire_music/train/Rock_35/350358.mp3,Rock,train,Das Krokodil,Das Krokodil,,,,
Entire_music/train/Rock_35/350359.mp3,Rock,train,Ddiamondd,Ddiamondd,,,,
Entire_music/test/Rock_35/350360.mp3,Rock,test,Depeche Mode Greatest Hits - Best of Depeche Mode Playlist 2022,Depeche Mode Greatest Hits - Best of Depeche Mode Playlist 2022,Depeche Mode,,,
Entire_music/train/Rock_35/350361.mp3,Rock,train,DireStraits Greatest Hits Full Playlist 2021 Best Songs Of DireStraits All Time,DireStraits Greatest Hits Full Playlist 2021 | Best Songs Of DireStraits All Time,Dire Straits,,,
Entire_music/train/Rock_35/350362.mp3,Rock,train,Einstürzende Neubauten - Alles in Allem (Full Album),Alles in Allem,Einstürzende Neubauten,Alles in Allem,,
Entire_music/train/Rock_35/350363.mp3,Rock,train,Elvis Presley Greatest Hit - The Best Songs Of Elvis Presley,Elvis Presley Greatest Hit - The Best Songs Of Elvis Presley,Elvis Presley,,,
Entire_music/train/Rock_35/350364.mp3,Rock,train,"Emerson, Lake & Palmer Trilogy 1972 Full Album",Trilogy,"Emerson, Lake & Palmer",Trilogy,1972,
Entire_music/val/Rock_35/350365.mp3,Rock,val,"Emerson, Lake & Palmer - Brain Salad Surgery (1973) FULL ALBUM Vinyl Rip",Brain Salad Surgery,"Emerson, Lake & Palmer",Brain Salad Surgery,1973,
Entire_music/train/Rock_35/350366.mp3,Rock,train,Es geht mir gut,Es geht mir gut,,,,
Entire_music/train/Rock_35/350367.mp3,Rock,train,Fleet foxes best songs,Fleet foxes best songs,Fleet foxes,,,
Entire_music/train/Rock_35/350368.mp3,Rock,train,FooFighters Greatest Hits Full Album 2022 ~ FooFighters Best Songs Collection ~ Rock Songs Playlist,FooFighters Greatest Hits 2022 - FooFighters Best Songs Collection - Rock Songs Playlist,Foo Fighters,,,
Entire_music/val/Rock_35/350369.mp3,Rock,val,G R E E N D A Y Greatest Hits Full Album 2023,G R E E N D A Y Greatest Hits 2023,Green Day,,,
Entire_music/test/Rock_35/350370.mp3,Rock,test,GNR Greatest Hits Full Album - Best Songs Of GNR Playlist 2021,GNR Greatest Hits Full Album - Best Songs Of GNR Playlist 2021,Guns N' Roses,,,
Entire_music/train/Rock_35/350371.mp3,Rock,train,Genesis - Foxtrot (Full Album) 1972,Foxtrot,Genesis,Foxtrot,1972,
Entire_music/train/Rock_35/350372.mp3,Rock,train,Genesis - Selling England by the Pound (Full Album) 1973,Genesis - Selling England by the Pound (Full Album) 1973,Genesis,Selling England by the Pound,1973,
Entire_music/train/Rock_35/350373.mp3,Rock,train,"Gorillaz Greatest Hits 2023 Cracker Island, Tormenta, Feel Good Inc...","Gorillaz Greatest Hits 2023 Cracker Island, Tormenta, Feel Good Inc...",Gorillaz,,,
Entire_music/train/Rock_35/350374.mp3,Rock,train,Guano Apes - The Best of,The Best of,Guano Apes,,,
Entire_music/train/Rock_35/350375.mp3,Rock,train,I N C U B U S Greatest Hits Full Album - Best Songs Of I N C U B U S Playlist 2021,I N C U B U S Greatest Hits - Best Songs Of I N C U B U S Playlist 2021,INCUBUS,,,
Entire_music/test/Rock_35/350376.mp3,Rock,test,JETHRO TULL - THICK AS A BRICK (Pt.1&2) - FULL ALBUM [HD],THICK AS A BRICK (Pt.1&2),JETHRO TULL,THICK AS A BRICK (Pt.1&2),,
Entire_music/test/Rock_35/350377.mp3,Rock,test,Jefferson Airplane Greatest Hits Full Album - Best Songs of Jefferson Airplane,Jefferson Airplane Greatest Hits - Best Songs of Jefferson Airplane,Jefferson Airplane,,,
Entire_music/train/Rock_35/350378.mp3,Rock,train,Jimi Hendrix Greatest Hits - Best of Jimi Hendrix - Jimi Hendrix Best Songs,Jimi Hendrix Greatest Hits - Best of Jimi Hendrix - Jimi Hendrix Best Songs,Jimi Hendrix,,,
Entire_music/test/Rock_35/350379.mp3,Rock,test,Joe Cocker Greatest Hits Full Album - Best Songs Of Joe Cocker,Joe Cocker Greatest Hits - Best Songs Of Joe Cocker,Joe Cocker,,,
Entire_music/train/Rock_35/350380.mp3,Rock,train,Joy Division - The Best of (Full Album),The Best of,Joy Division,,,
Entire_music/train/Rock_35/350381.mp3,Rock,train,Jethro Tull - Aqualung (Full Album) 1971,J̲e̲thro T̲ull - A̲qu̲alu̲ng (Full Album) 1971,Jethro Tull,Aqualung,1971,
Entire_music/train/Rock_35/350382.mp3,Rock,train,KGATLW - Polygondwanaland (Full Album),Polygondwanaland,King Gizzard & The Lizard Wizard,Polygondwanaland,,
Entire_music/train/Rock_35/350383.mp3,Rock,train,King Crimson - 21st Century Schizoid Man (Including Mirrors),"King Crimson - 21st Century Schizoid Man (Including ""Mirrors"")",King Crimson,,,
Entire_music/train/Rock_35/350384.mp3,Rock,train,King Crimson - 21st Century Schizoid Man (Radio Version) [Bonus Track],21st Century Schizoid Man (Radio Version),King Crimson,,,
Entire_music/train/Rock_35/350385.mp3,Rock,train,King Crimson - A Man A City (Live At The Fillmore West) [Bonus Track],A Man A City (Live At The Fillmore West),King Crimson,,,
Entire_music/train/Rock_35/350386.mp3,Rock,train,King Crimson - Epitaph (Including March For No Reason and Tomorrow And Tomorrow),"King Crimson - Epitaph (Including ""March For No Reason"" and ""Tomorrow And Tomorrow"")",King Crimson,,,
Entire_music/train/Rock_35/350387.mp3,Rock,train,King Crimson - I Talk To The Wind (Duo Version) [Bonus Track],I Talk To The Wind (Duo Version),King Crimson,,,
Entire_music/train/Rock_35/350388.mp3,Rock,train,King Crimson - I Talk To The Wind,King Crimson - I Talk To The Wind,King Crimson,,,
Entire_music/val/Rock_35/350389.mp3,Rock,val,King Crimson - Moonchild (Including The Dream And The Illusion),Moonchild (Including The Dream And The Illusion),King Crimson,,,
Entire_music/train/Rock_35/350390.mp3,Rock,train,King Crimson - The Court Of The Crimson King,King Crimson - The Court Of The Crimson King,King Crimson,,,
Entire_music/train/Rock_35/350391.mp3,Rock,train,King Crimson - Thunder Gate (Full Album),Thunder Gate,King Crimson,Thunder Gate,,
Entire_music/train/Rock_35/350392.mp3,Rock,train,King Gizzard & The Lizard Wizard - Quarters! (Full Album),Quarters!,King Gizzard & The Lizard Wizard,Quarters!,,
Entire_music/train/Rock_35/350393.mp3,Rock,train,LITFIBA miglior album 2023 - LITFIBA i 15 migliori successi dellalbum completo 2023,LITFIBA miglior album 2023 - LITFIBA i 15 migliori successi dell 2023,LITFIBA,,,
Entire_music/train/Rock_35/350394.mp3,Rock,train,"Last Man Standing - Jerry Lee Lewis [Complete Album, 2006]",Last Man Standing,Jerry Lee Lewis,Last Man Standing,2006,
Entire_music/train/Rock_35/350395.mp3,Rock,train,Led Zeppelin - Mothership (Full Album) (2007 Remaster) Led Zeppelin - Greatest Hits,Led Zeppelin - Mothership (Full Album) (2007 Remaster) | Led Zeppelin - Greatest Hits,Led Zeppelin,,,
Entire_music/train/Rock_35/350396.mp3,Rock,train,Leyendecker,Leyendecker,,,,
Entire_music/train/Rock_35/350397.mp3,Rock,train,Linkin Park Best Songs Linkin Park Greatest Hits Full Album,Linkin Park Best Songs | Linkin Park Greatest Hits Full Album,Linkin Park,,,
Entire_music/val/Rock_35/350398.mp3,Rock,val,Liquido - Liquido [CD Album],Liquido,Liquido,Liquido,,
Entire_music/train/Rock_35/350399.mp3,Rock,train,Little Richard Greatest Hits Full Album. Top Song Of Little Richard Rock n Roll,Little Richard Greatest Hits . Top Song Of Little Richard Rock n Roll,Little Richard,,,
Entire_music/train/Rock_35/350400.mp3,Rock,train,Lynyrd Skynyrd Greatest Hits Full Album - Best Songs of Lynyrd Skynyrd,Lynyrd Skynyrd Greatest Hits - Best Songs of Lynyrd Skynyrd,Lynyrd Skynyrd,,,
Entire_music/val/Rock_35/350401.mp3,Rock,val,Länger bleiben,Länger bleiben,,,,
Entire_music/train/Rock_35/350402.mp3,Rock,train,M U S E Greatest Hits Best Songs Of M U S E Full Album,M U S E Greatest Hits || Best Songs Of M U S E Full Album,MUSE,,,
Entire_music/train/Rock_35/350403.mp3,Rock,train,M å n e s k i n 2023 MIX Top 10 Best Songs Greatest Hits Full Album,M å n e s k i n 2023 MIX   Top 10 Best Songs   Greatest Hits   Full Album,Måneskin,,,
Entire_music/val/Rock_35/350404.mp3,Rock,val,MGMT Full Album 2022 - MGMT Greatest Hits - Best MGMT Songs & Playlist,MGMT 2022 - MGMT Greatest Hits - Best MGMT Songs & Playlist,MGMT,,,
Entire_music/val/Rock_35/350405.mp3,Rock,val,"Marlene Kuntz - Catartica (Full Album,1994)",Catartica,Marlene Kuntz,Catartica,1994,
Entire_music/train/Rock_35/350406.mp3,Rock,train,"Mir wär lieber, du weinst","Mir wär lieber, du weinst",,,,
Entire_music/train/Rock_35/350407.mp3,Rock,train,Neu! - Neu! 75 (full album),Neu! 75,Neu!,Neu! 75,,
Entire_music/train/Rock_35/350408.mp3,Rock,train,Neu! - Neu! [Full Album],Neu!,Neu!,Neu!,,
Entire_music/train/Rock_35/350409.mp3,Rock,train,Neues Zimmer,Neues Zimmer,,,,
Entire_music/train/Rock_35/350410.mp3,Rock,train,Nirvana Greatest Hits - The Best Of Nirvana,Nirvana Greatest Hits - The Best Of Nirvana,Nirvana,,,
Entire_music/train/Rock_35/350411.m4a,Rock,train,Nobody's wife,Nobody's Wife,Angun,,,
Entire_music/train/Rock_35/350412.mp3,Rock,train,Nine Inch Nails 2022 Mix - The Best of Nine Inch Nails - Greatest Hit Full Album Rock Music,Nine Inch Nails 2022 Mix - The Best of Nine Inch Nails - Greatest Hit Rock Music,Nine Inch Nails,,,
Entire_music/train/Rock_35/350413.mp3,Rock,train,Oft gefragt,Oft gefragt,,,,
Entire_music/test/Rock_35/350414.mp3,Rock,test,Pink Floyd - A Saucerful Of Secrets (Full Album),Pink Floyd - A Saucerful Of Secrets (Full Album),Pink Floyd,A Saucerful Of Secrets,,
Entire_music/train/Rock_35/350415.mp3,Rock,train,Pink Floyd - The Piper At The Gates Of Dawn (Full Album),The Piper At The Gates Of Dawn,Pink Floyd,The Piper At The Gates Of Dawn,,
Entire_music/val/Rock_35/350416.mp3,Rock,val,Pink Floyd Greatest Hits Pink Floyd Full Album Best Songs,Pink Floyd Greatest Hits | Pink Floyd Full Album Best Songs,Pink Floyd,,,
Entire_music/train/Rock_35/350417.mp3,Rock,train,Pocahontas,Pocahontas,,,,
Entire_music/test/Rock_35/350418.mp3,Rock,test,Polvo - Exploded Drawing (1996) [Full Album],Exploded Drawing,Polvo,Exploded Drawing,1996,
Entire_music/train/Rock_35/350419.mp3,Rock,train,Prismism,Prismism,,,,
Entire_music/train/Rock_35/350420.mp3,Rock,train,Q.U.E.E.N.S O.F. T.H.E S.T.O.N.E A.G.E - S.O.N.G.S F.O.R T.H.E. D.E.A.F (F.U.L.L A.L.B.U.M),S.O.N.G.S F.O.R T.H.E. D.E.A.F (F.U.L.L A.L.B.U.M),QUEENS OF THE STONE AGE,,,
Entire_music/test/Rock_35/350421.mp3,Rock,test,R A M O N E S Greatest Hits Full Album 2021 The Best Of R A M O N E S Playlist,R A M O N E S Greatest Hits 2021 The Best Of R A M O N E S Playlist,RAMONES,,,
Entire_music/train/Rock_35/350422.mp3,Rock,train,Race In,Race In,,,,
Entire_music/val/Rock_35/350423.mp3,Rock,val,Race Out,Race Out,,,,
Entire_music/val/Rock_35/350424.mp3,Rock,val,Radiohead Best Songs-Radiohead Greatest Hits-Radiohead Playlist,Radiohead Best Songs-Radiohead Greatest Hits-Radiohead Playlist,Radiohead,,,
Entire_music/train/Rock_35/350425.mp3,Rock,train,Rainbow,Rainbow,,,,
Entire_music/test/Rock_35/350426.mp3,Rock,test,Rare Folk- Natural Fractals (full album),Natural Fractals,Rare Folk,Natural Fractals,,
Entire_music/train/Rock_35/350427.mp3,Rock,train,Rare Folk- Rare Folk (full album),Rare Folk,Rare Folk,Rare Folk,,
Entire_music/test/Rock_35/350428.mp3,Rock,test,Red Hot Chili Peppers Top 30 Greatest Hits - Red Hot Chili Peppers Full Album,Red Hot Chili Peppers Top 30 Greatest Hits - Red Hot Chili Peppers Full Album,Red Hot Chili Peppers,,,
Entire_music/test/Rock_35/350429.mp3,Rock,test,Rio Reiser Seine großen Erfolge,Rio Reiser Seine großen Erfolge,Rio Reiser,,,
Entire_music/train/Rock_35/350430.mp3,Rock,train,S A N T A N A Greatest Hits Full Albm - Best Songs Of S A N T A N A Playlist 2021,S A N T A N A Greatest Hits Full Albm - Best Songs Of S A N T A N A Playlist 2021,SANTANA,,,
Entire_music/train/Rock_35/350431.mp3,Rock,train,Sex Pistols,Sex Pistols,,,,
Entire_music/val/Rock_35/350432.mp3,Rock,val,Snare Hangar,Snare Hangar,,,,
Entire_music/train/Rock_35/350433.mp3,Rock,train,Sonic Youth - Dirty (Full Album),Dirty,Sonic Youth,Dirty,,
Entire_music/train/Rock_35/350434.mp3,Rock,train,T H E. C U R E Best Songs Playlist - Greatest Hits Full Album 2021 Of T H E. C U R E,T H E. C U R E Best Songs Playlist - Greatest Hits Full Album 2021 Of T H E. C U R E,THE CURE,,,
Entire_music/train/Rock_35/350435.mp3,Rock,train,T.R.Stones Greatest Hits Full Album - Best Songs Of T.R.Stones Playlist 2021,T.R.Stones Greatest Hits Full Album - Best Songs Of T.R.Stones Playlist 2021,The Rolling Stones,,,
Entire_music/train/Rock_35/350436.mp3,Rock,train,Talking Heads - Best of (Full Album),Best of,Talking Heads,,,
Entire_music/test/Rock_35/350437.mp3,Rock,test,The Best Of Arcade Fire - Arcade Fire Greatest Hits Full Album,The Best Of Arcade Fire - Arcade Fire Greatest Hits,Arcade Fire,,,
Entire_music/train/Rock_35/350438.mp3,Rock,train,The Best Of Blur - Blur Greatest Hits Full Album 2020 - Blur Full Playlist 2020,The Best Of Blur - Blur Greatest Hits 2020 - Blur 2020,Blur,,,
Entire_music/train/Rock_35/350439.mp3,Rock,train,The Best Of Queen - Queen Greatest Hits Full Album,The Best Of Queen - Queen Greatest Hits Full Album,Queen,,,
Entire_music/train/Rock_35/350440.mp3,Rock,train,The Best of Coldplay - Coldplay Greatest Hits Full Album,The Best of Coldplay - Coldplay Greatest Hits Full Album,Coldplay,,,
Entire_music/train/Rock_35/350441.mp3,Rock,train,The Best of Kings of Convenience - Kings of Convenience Greatest Hits Full Album Playlist,The Best of Kings of Convenience - Kings of Convenience Greatest Hits Playlist,Kings of Convenience,,,
Entire_music/train/Rock_35/350442.mp3,Rock,train,The Cat Empire - The Cat Empire (Full Album - HD),The Cat Empire,The Cat Empire,The Cat Empire,,
Entire_music/train/Rock_35/350443.mp3,Rock,train,The Cranberries Greatest Hits Full Album - The Cranberries Best Songs,The Cranberries Greatest Hits Full Album - The Cranberries Best Songs,The Cranberries,,,
Entire_music/train/Rock_35/350444.mp3,Rock,train,The D O O R S Greatest Hits - The Best of The D O O R S Full Album 2021,The D O O R S Greatest Hits - The Best of The D O O R S Full Album 2021,The DOORS,,,
Entire_music/train/Rock_35/350445.mp3,Rock,train,The Killers Greatest Hits 2022 Best Songs Of The Killers Full Album,The Killers Greatest Hits 2022 Best Songs Of The Killers,The Killers,,,
Entire_music/train/Rock_35/350446.mp3,Rock,train,The Mars Volta - De-Loused In The Comatorium [2003 - Full Album] [no cuts between songs],De-Loused In The Comatorium,The Mars Volta,De-Loused In The Comatorium,2003,
Entire_music/train/Rock_35/350447.mp3,Rock,train,The Mars Volta - The Mars Volta (Full Album) 2022,The Mars Volta,The Mars Volta,The Mars Volta,2022,
Entire_music/train/Rock_35/350448.mp3,Rock,train,The P.o.l.i.c.e Best Songs - The P.o.l.i.c.e Greatest Hits Full Album 2022,The P.o.l.i.c.e Best Songs - The P.o.l.i.c.e Greatest Hits Full Album 2022,The Police,,,
Entire_music/test/Rock_35/350449.mp3,Rock,test,The Smashing Pumpkins Zeitgeist Full Album,Zeitgeist,The Smashing Pumpkins,Zeitgeist,,
Entire_music/train/Rock_35/350450.mp3,Rock,train,The Smiths Greatest Hits Full Album - Best Songs Of The Smiths Playlist 2021,The Smiths Greatest Hits - Best Songs Of The Smiths Playlist 2021,The Smiths,,,
Entire_music/train/Rock_35/350451.mp3,Rock,train,The Velvet Underground - The Velvet Underground (Full Album) Vinyl,The Velvet Underground,The Velvet Underground,The Velvet Underground,,
Entire_music/test/Rock_35/350452.mp3,Rock,test,The Very Best of Frank Zappa - Frank Zappa Greatest Hits (Full Album),The Very Best of Frank Zappa - Frank Zappa Greatest Hits,Frank Zappa,,,
Entire_music/train/Rock_35/350453.mp3,Rock,train,The White Stripes Best Songs - The White Stripes Greatest Hits - The White Stripes Best of Playlist,The White Stripes Best Songs - The White Stripes Greatest Hits - The White Stripes Best of Playlist,The White Stripes,,,
Entire_music/train/Rock_35/350454.mp3,Rock,train,Tij,Tij,,,,
Entire_music/test/Rock_35/350455.mp3,Rock,test,Tina Turner - Greatest Hits - Full Album 2023,Greatest Hits,Tina Turner,,,
Entire_music/train/Rock_35/350456.mp3,Rock,train,Travis - Best Tracks,Best Tracks,Travis,,,
Entire_music/val/Rock_35/350457.mp3,Rock,val,The Verve - Urban Hymns (Full Album),Urban Hymns,The Verve,Urban Hymns,,
Entire_music/train/Rock_35/350458.mp3,Rock,train,"The Clash 2022 Mix - The Best of The Clash - Greatest Hits, Full Album - Rock Music",The Clash 2022 Mix - The Best of The Clash - Greatest Hits - Rock Music,The Clash,,,
Entire_music/train/Rock_35/350459.mp3,Rock,train,"The Strokes 2022 Mix - The Best of The Strokes - Greatest Hits, Full Album - Rock Music",The Strokes 2022 Mix - The Best of The Strokes - Greatest Hits - Rock Music,The Strokes,,,
Entire_music/val/Rock_35/350460.mp3,Rock,val,U2 Greatest Hits - Best Songs Of U2 - U2 Full Album 2021,U2 Greatest Hits - Best Songs Of U2 - U2 Full Album 2021,U2,,,
Entire_music/train/Rock_35/350461.mp3,Rock,train,"Velvet Underground, Squeeze 1973 (vinyl record)",Squeeze,Velvet Underground,Squeeze,1973,
Entire_music/train/Rock_35/350462.mp3,Rock,train,Verdena - Angie,Angie,Verdena,,,
Entire_music/test/Rock_35/350463.mp3,Rock,test,Verdena - trovami un modo semplice per uscirne,trovami un modo semplice per uscirne,Verdena,,,
Entire_music/train/Rock_35/350464.mp3,Rock,train,Violent Femmes - Full Album (1982),Violent Femmes,Violent Femmes,Violent Femmes,1982,
Entire_music/train/Rock_35/350465.m4a,Rock,train,What's Up,What's Up,4 No Blondes,,,
Entire_music/train/Rock_35/350466.mp3,Rock,train,Wohin du gehst,Wohin du gehst,,,,
Entire_music/train/Rock_35/350467.mp3,Rock,train,Yes - Tales from Topographic Oceans (Full Album),Tales from Topographic Oceans,Yes,Tales from Topographic Oceans,,
Entire_music/train/Rock_35/350468.mp3,Rock,train,ZAPPA and THE MOTHERS - Over-Nite Sensation LP 1973 Full Album,Over-Nite Sensation,ZAPPA and THE MOTHERS,Over-Nite Sensation,1973,
Entire_music/train/Rock_35/350469.mp3,Rock,train,Zz Top Greatest Hits Full Album 2023 - The Very Best of ZZ Top Playlist,Zz Top Greatest Hits Full Album 2023 - The Very Best of ZZ Top Playlist,Zz Top,,,
Entire_music/train/Rock_35/350470.mp3,Rock,train,[Full Album] The Smashing Pumpkins - Mellon Collie and the Infinite Sadness,Mellon Collie and the Infinite Sadness,The Smashing Pumpkins,Mellon Collie and the Infinite Sadness,,
Entire_music/train/Rock_35/350471.mp3,Rock,train,ac dc - acdc thunderstruck cd single - thunderstruck,Thunderstruck,AC DC,ACDC / Thunderstruck CD Single,1999,Angus Young/Malcolm Young
Entire_music/train/Rock_35/350472.mp3,Rock,train,acdc - born to be wild,ACDC - Born To Be Wild,AC DC,,,
Entire_music/val/Rock_35/350473.mp3,Rock,val,acdc - you shook me all night long - ac-dc,you shook me all night long,AC DC,,,
Entire_music/train/Romanticism_chamber_36/360001.flac,Romanticism chamber,train,"(01) Nocturne for piano No. 2 in E flat major ('Murmures de la Seine 2') Op. 9,2, B. 54,2","2 in E flat major ('Murmures de la Seine 2') Op. 9,2, B. 54,2",Classical,BBC Legends Cherkassky Chopin,,
Entire_music/train/Romanticism_chamber_36/360002.flac,Romanticism chamber,train,"(02) Nocturne for piano No. 13 in C minor, Op. 48,1, B. 142,1","13 in C minor, Op. 48,1, B. 142,1",Classical,BBC Legends Cherkassky Chopin,,
Entire_music/train/Romanticism_chamber_36/360003.flac,Romanticism chamber,train,"(03) Nocturne for piano No. 15 in F minor, Op. 55,1, B. 152,1","15 in F minor, Op. 55,1, B. 152,1",Classical,BBC Legends Cherkassky Chopin,,
Entire_music/val/Romanticism_chamber_36/360004.flac,Romanticism chamber,val,"(04) Nocturne for piano No. 8 in D flat major ('Les plaintives 2') Op. 27,2, B. 96","8 in D flat major ('Les plaintives 2') Op. 27,2, B. 96",Classical,BBC Legends Cherkassky Chopin,,
Entire_music/val/Romanticism_chamber_36/360005.flac,Romanticism chamber,val,"(05) Nocturne for piano No. 19 in E minor, Op. 72,1 (posth.), B. 19","19 in E minor, Op. 72,1 (posth.), B. 19",Classical,BBC Legends Cherkassky Chopin,,
Entire_music/train/Romanticism_chamber_36/360006.flac,Romanticism chamber,train,"(06) Ballade for piano No. 3 in A flat major, Op. 47, B. 136","3 in A flat major, Op. 47, B. 136",Classical,BBC Legends Cherkassky Chopin,,
Entire_music/test/Romanticism_chamber_36/360007.flac,Romanticism chamber,test,"(07) Ballade for piano No. 4 in F minor, Op. 52, B. 146","4 in F minor, Op. 52, B. 146",Classical,BBC Legends Cherkassky Chopin,,
Entire_music/val/Romanticism_chamber_36/360008.flac,Romanticism chamber,val,"(08) Waltz for piano No. 7 in C sharp minor, Op. 64,2, B. 164,2","7 in C sharp minor, Op. 64,2, B. 164,2",Classical,BBC Legends Cherkassky Chopin,,
Entire_music/train/Romanticism_chamber_36/360009.flac,Romanticism chamber,train,"(09) Waltz for piano No. 1 in E flat major ('Grande Valse Brillante') Op. 18, B. 62","1 in E flat major ('Grande Valse Brillante') Op. 18, B. 62",Classical,BBC Legends Cherkassky Chopin,,
Entire_music/train/Romanticism_chamber_36/360010.flac,Romanticism chamber,train,"(10) Scherzo for piano No. 2 in B flat minor,D flat major, Op. 31, B. 111","2 in B flat minor,D flat major, Op. 31, B. 111",Classical,BBC Legends Cherkassky Chopin,,
Entire_music/train/Romanticism_chamber_36/360011.flac,Romanticism chamber,train,"(11) Scherzo for piano No. 4 in E major, Op. 54, B. 148","4 in E major, Op. 54, B. 148",Classical,BBC Legends Cherkassky Chopin,,
Entire_music/train/Romanticism_chamber_36/360012.flac,Romanticism chamber,train,"(12) Etude for piano No. 3 in E major ('Tristesse' , 'L'intimité') Op. 10,3, B. 74","3 in E major ('Tristesse' , 'L'intimité') Op. 10,3, B. 74",Classical,BBC Legends Cherkassky Chopin,,
Entire_music/train/Romanticism_chamber_36/360013.m4a,Romanticism chamber,train,01 Sonatine - Allegro Vivace,Sonatine - Allegro Vivace,Bernard Ringeissen,Alkan - Pièces Pour Piano - Ringeissen,1988,Charles Henri Valentin Alkan (1813-1888)
Entire_music/train/Romanticism_chamber_36/360014.m4a,Romanticism chamber,train,02 Sonatine - Allegramente,Sonatine - Allegramente,Bernard Ringeissen,Alkan - Pièces Pour Piano - Ringeissen,1988,Charles Henri Valentin Alkan (1813-1888)
Entire_music/train/Romanticism_chamber_36/360015.m4a,Romanticism chamber,train,"03 Sonatine - Scherzo, Minuetto","Sonatine - Scherzo, Minuetto",Bernard Ringeissen,Alkan - Pièces Pour Piano - Ringeissen,1988,Charles Henri Valentin Alkan (1813-1888)
Entire_music/train/Romanticism_chamber_36/360016.m4a,Romanticism chamber,train,04 Sonatine - Tempo Giusto,Sonatine - Tempo Giusto,Bernard Ringeissen,Alkan - Pièces Pour Piano - Ringeissen,1988,Charles Henri Valentin Alkan (1813-1888)
Entire_music/val/Romanticism_chamber_36/360017.m4a,Romanticism chamber,val,06 Scherzo Diabolico Op. 39 No. 3 From Twelve Studies All In The Minor Keys,Scherzo Diabolico Op. 39 No. 3 From Twelve Studies All In The Minor Keys,Bernard Ringeissen,Alkan - Pièces Pour Piano - Ringeissen,1988,Charles Henri Valentin Alkan (1813-1888)
Entire_music/train/Romanticism_chamber_36/360018.m4a,Romanticism chamber,train,07 Deuxieme Nocturne,Deuxieme Nocturne,Bernard Ringeissen,Alkan - Pièces Pour Piano - Ringeissen,1988,Charles Henri Valentin Alkan (1813-1888)
Entire_music/train/Romanticism_chamber_36/360019.m4a,Romanticism chamber,train,08 Gigue Op. 24,Gigue Op. 24,Bernard Ringeissen,Alkan - Pièces Pour Piano - Ringeissen,1988,Charles Henri Valentin Alkan (1813-1888)
Entire_music/train/Romanticism_chamber_36/360020.m4a,Romanticism chamber,train,10 Barcarolle Op. 67 No. 6 From Chants Pour Piano,Barcarolle Op. 67 No. 6 From Chants Pour Piano,Bernard Ringeissen,Alkan - Pièces Pour Piano - Ringeissen,1988,Charles Henri Valentin Alkan (1813-1888)
Entire_music/train/Romanticism_chamber_36/360021.mp3,Romanticism chamber,train,"25 - Alkan_ Prelude in C major, Op.31-1","Alkan: Prelude in C major, Op.31-1",Olli Mustonen,Shostakovich & Alkan: Preludes (Mustonen),1991,
Entire_music/train/Romanticism_chamber_36/360022.mp3,Romanticism chamber,train,"26 - Alkan_ Prelude in F minor, Op.31-2","Alkan: Prelude in F minor, Op.31-2",Olli Mustonen,Shostakovich & Alkan: Preludes (Mustonen),1991,
Entire_music/train/Romanticism_chamber_36/360023.mp3,Romanticism chamber,train,"27 - Alkan_ Prelude in D flat major, Op.31-3","Alkan: Prelude in D flat major, Op.31-3",Olli Mustonen,Shostakovich & Alkan: Preludes (Mustonen),1991,
Entire_music/train/Romanticism_chamber_36/360024.mp3,Romanticism chamber,train,"28 - Alkan_ Prelude in F sharp minor, Op.31-4","Alkan: Prelude in F sharp minor, Op.31-4",Olli Mustonen,Shostakovich & Alkan: Preludes (Mustonen),1991,
Entire_music/train/Romanticism_chamber_36/360025.mp3,Romanticism chamber,train,"29 - Alkan_ Prelude in D major, Op.31-5","Alkan: Prelude in D major, Op.31-5",Olli Mustonen,Shostakovich & Alkan: Preludes (Mustonen),1991,
Entire_music/train/Romanticism_chamber_36/360026.mp3,Romanticism chamber,train,"30 - Alkan_ Prelude in G minor, Op.31-6","Alkan: Prelude in G minor, Op.31-6",Olli Mustonen,Shostakovich & Alkan: Preludes (Mustonen),1991,
Entire_music/train/Romanticism_chamber_36/360027.mp3,Romanticism chamber,train,"31 - Alkan_ Prelude in E flat major, Op.31-7","Alkan: Prelude in E flat major, Op.31-7",Olli Mustonen,Shostakovich & Alkan: Preludes (Mustonen),1991,
Entire_music/train/Romanticism_chamber_36/360028.mp3,Romanticism chamber,train,"32 - Alkan_ Prelude in A flat minor, Op.31-8","Alkan: Prelude in A flat minor, Op.31-8",Olli Mustonen,Shostakovich & Alkan: Preludes (Mustonen),1991,
Entire_music/val/Romanticism_chamber_36/360029.mp3,Romanticism chamber,val,"33 - Alkan_ Prelude in E major, Op.31-9","Alkan: Prelude in E major, Op.31-9",Olli Mustonen,Shostakovich & Alkan: Preludes (Mustonen),1991,
Entire_music/train/Romanticism_chamber_36/360030.mp3,Romanticism chamber,train,"34 - Alkan_ Prelude in A minor, Op.31-10","Alkan: Prelude in A minor, Op.31-10",Olli Mustonen,Shostakovich & Alkan: Preludes (Mustonen),1991,
Entire_music/val/Romanticism_chamber_36/360031.mp3,Romanticism chamber,val,"35 - Alkan_ Prelude in F major, Op.31-11","Alkan: Prelude in F major, Op.31-11",Olli Mustonen,Shostakovich & Alkan: Preludes (Mustonen),1991,
Entire_music/train/Romanticism_chamber_36/360032.mp3,Romanticism chamber,train,"36 - Alkan_ Prelude in B flat minor, Op.31-12","Alkan: Prelude in B flat minor, Op.31-12",Olli Mustonen,Shostakovich & Alkan: Preludes (Mustonen),1991,
Entire_music/train/Romanticism_chamber_36/360033.mp3,Romanticism chamber,train,"37 - Alkan_ Prelude in G flat major, Op.31-13","Alkan: Prelude in G flat major, Op.31-13",Olli Mustonen,Shostakovich & Alkan: Preludes (Mustonen),1991,
Entire_music/train/Romanticism_chamber_36/360034.mp3,Romanticism chamber,train,"38 - Alkan_ Prelude in B minor, Op.31-14","Alkan: Prelude in B minor, Op.31-14",Olli Mustonen,Shostakovich & Alkan: Preludes (Mustonen),1991,
Entire_music/train/Romanticism_chamber_36/360035.mp3,Romanticism chamber,train,"39 - Alkan_ Prelude in G major, Op.31-15","Alkan: Prelude in G major, Op.31-15",Olli Mustonen,Shostakovich & Alkan: Preludes (Mustonen),1991,
Entire_music/train/Romanticism_chamber_36/360036.mp3,Romanticism chamber,train,"40 - Alkan_ Prelude in C minor, Op.31-16","Alkan: Prelude in C minor, Op.31-16",Olli Mustonen,Shostakovich & Alkan: Preludes (Mustonen),1991,
Entire_music/train/Romanticism_chamber_36/360037.mp3,Romanticism chamber,train,"41 - Alkan_ Prelude in A flat major, Op.31-17","Alkan: Prelude in A flat major, Op.31-17",Olli Mustonen,Shostakovich & Alkan: Preludes (Mustonen),1991,
Entire_music/train/Romanticism_chamber_36/360038.mp3,Romanticism chamber,train,"42 - Alkan_ Prelude in C sharp minor, Op.31-18","Alkan: Prelude in C sharp minor, Op.31-18",Olli Mustonen,Shostakovich & Alkan: Preludes (Mustonen),1991,
Entire_music/train/Romanticism_chamber_36/360039.mp3,Romanticism chamber,train,"43 - Alkan_ Prelude in A major, Op.31-19","Alkan: Prelude in A major, Op.31-19",Olli Mustonen,Shostakovich & Alkan: Preludes (Mustonen),1991,
Entire_music/train/Romanticism_chamber_36/360040.mp3,Romanticism chamber,train,"44 - Alkan_ Prelude in D minor, Op.31-20","Alkan: Prelude in D minor, Op.31-20",Olli Mustonen,Shostakovich & Alkan: Preludes (Mustonen),1991,
Entire_music/test/Romanticism_chamber_36/360041.mp3,Romanticism chamber,test,45 - Alkan_ Prelude in B flat major Op.31-21,Alkan: Prelude in B flat major Op.31-21,Olli Mustonen,Shostakovich & Alkan: Preludes (Mustonen),1991,
Entire_music/train/Romanticism_chamber_36/360042.mp3,Romanticism chamber,train,"46 - Alkan_ Prelude in E flat minor, Op.31-22","Alkan: Prelude in E flat minor, Op.31-22",Olli Mustonen,Shostakovich & Alkan: Preludes (Mustonen),1991,
Entire_music/val/Romanticism_chamber_36/360043.mp3,Romanticism chamber,val,"47 - Alkan_ Prelude in B major, Op.31-23","Alkan: Prelude in B major, Op.31-23",Olli Mustonen,Shostakovich & Alkan: Preludes (Mustonen),1991,
Entire_music/train/Romanticism_chamber_36/360044.mp3,Romanticism chamber,train,"48 - Alkan_ Prelude in E minor, Op.31-24","Alkan: Prelude in E minor, Op.31-24",Olli Mustonen,Shostakovich & Alkan: Preludes (Mustonen),1991,
Entire_music/train/Romanticism_chamber_36/360045.mp3,Romanticism chamber,train,"49 - Alkan_ Prelude in C major, Op.31-25","Alkan: Prelude in C major, Op.31-25",Olli Mustonen,Shostakovich & Alkan: Preludes (Mustonen),1991,
Entire_music/train/Romanticism_chamber_36/360046.mp3,Romanticism chamber,train,Alfred Brendel(알프레드 브렌델) - Schubert- Impromptus (슈베르트 즉흥곡 모음),Impromptus (슈베르트 즉흥곡 모음),Alfred Brendel,,,Schubert
Entire_music/train/Romanticism_chamber_36/360047.mp3,Romanticism chamber,train,"Charles-Valentin Alkan - Le Festin d'Ésope, Etude Op. 39 No. 2","Charles-Valentin Alkan - Le Festin d'Ésope, Etude Op. 39 No. 2",Igor Roma,Igor Roma Piano,2001,
Entire_music/train/Romanticism_chamber_36/360048.mp3,Romanticism chamber,train,"Charles-Valentin Alkan - Saltarelle, Prestissimo Op. 23","Charles-Valentin Alkan - Saltarelle, Prestissimo Op. 23",Igor Roma,Igor Roma Piano,2001,
Entire_music/train/Romanticism_chamber_36/360049.mp3,Romanticism chamber,train,"Chopin 24 Preludes, Op.28 (Blechacz)","24 Preludes, Op.28",Blechacz,,,Chopin
Entire_music/train/Romanticism_chamber_36/360050.mp3,Romanticism chamber,train,Chopin 4 Ballades (Zimerman),4 Ballades,Zimerman,,,Chopin
Entire_music/test/Romanticism_chamber_36/360051.mp3,Romanticism chamber,test,"Chopin 4 Impromptus Op.29, 36, 51, 66 (Kissin)","4 Impromptus Op.29, 36, 51, 66",Kissin,,,Chopin
Entire_music/test/Romanticism_chamber_36/360052.mp3,Romanticism chamber,test,Chopin Complete Mazurkas (Full Album),Complete Mazurkas,,,,Chopin
Entire_music/train/Romanticism_chamber_36/360053.mp3,Romanticism chamber,train,Chopin Complete Sonatas Music Compilation,Complete Sonatas Music Compilation,,,,Chopin
Entire_music/train/Romanticism_chamber_36/360054.mp3,Romanticism chamber,train,Chopin Etudes Op.10 and Op.25 (Fialkowska),Etudes Op.10 and Op.25,Fialkowska,,,Chopin
Entire_music/train/Romanticism_chamber_36/360055.mp3,Romanticism chamber,train,Chopin Four Scherzi (Pogorelich),Four Scherzi,Pogorelich,,,Chopin
Entire_music/train/Romanticism_chamber_36/360056.mp3,Romanticism chamber,train,F. Liszt - Mephisto Waltzes (Complete) (Cyprien Katsaris),Mephisto Waltzes,Cyprien Katsaris,,,F. Liszt
Entire_music/train/Romanticism_chamber_36/360057.mp3,Romanticism chamber,train,"Franz Schubert - Piano Quintet in A major, D. 667, Trout","Piano Quintet in A major, D. 667, Trout",,,,Franz Schubert
Entire_music/test/Romanticism_chamber_36/360058.mp3,Romanticism chamber,test,Frédéric Chopin - 14 Waltzes (Rubinstein),14 Waltzes,Rubinstein,,,Frédéric Chopin
Entire_music/train/Romanticism_chamber_36/360059.mp3,Romanticism chamber,train,Frédéric Chopin - 19 Nocturnes (Rubinstein),19 Nocturnes,Rubinstein,,,Frédéric Chopin
Entire_music/train/Romanticism_chamber_36/360060.mp3,Romanticism chamber,train,Liszt - 12 Etudes dexécution transcendante (Claudio Arrau),12 Etudes dexécution transcendante,Claudio Arrau,,,Liszt
Entire_music/train/Romanticism_chamber_36/360061.mp3,Romanticism chamber,train,"Liszt Six Consolations, S.172 (Zilberstein)","Six Consolations, S.172",Zilberstein,,,Liszt
Entire_music/train/Romanticism_chamber_36/360062.mp3,Romanticism chamber,train,Liszt Sonata in B Minor (Zimerman),Sonata in B Minor,Zimerman,,,Liszt
Entire_music/train/Romanticism_chamber_36/360063.mp3,Romanticism chamber,train,Mendelssohn Songs Without Words - Lieder Ohne Worte (Full Album),Songs Without Words - Lieder Ohne Worte,,,,Mendelssohn
Entire_music/train/Romanticism_chamber_36/360064.mp3,Romanticism chamber,train,Niccolo Paganini - 24 Caprices Op.1,24 Caprices Op.1,,,,Niccolo Paganini
Entire_music/test/Romanticism_chamber_36/360065.mp3,Romanticism chamber,test,"Robert Schumann - Kreisleriana, Op. 16","Kreisleriana, Op. 16",,,,Robert Schumann
Entire_music/test/Romanticism_chamber_36/360066.mp3,Romanticism chamber,test,"Robert Schumann - Piano Quintet in E flat major, Op. 44","Piano Quintet in E flat major, Op. 44",,,,Robert Schumann
Entire_music/train/Romanticism_chamber_36/360067.mp3,Romanticism chamber,train,"Robert Schumann - Symphonic Etudes, Op. 13","Symphonic Etudes, Op. 13",,,,Robert Schumann
Entire_music/train/Romanticism_chamber_36/360068.mp3,Romanticism chamber,train,Robert Schumann Humoreske Op. 20 (1839),Humoreske Op. 20 (1839),,,,Robert Schumann
Entire_music/train/Romanticism_chamber_36/360069.mp3,Romanticism chamber,train,Schubert - Piano sonata D.960 - Richter studio,Piano sonata D.960,Richter,,,Schubert
Entire_music/train/Romanticism_chamber_36/360070.mp3,Romanticism chamber,train,"Schubert Die Schöne Müllerin (FULL) Op. 25, D. 795","Die Schöne Müllerin Op. 25, D. 795",,,,Schubert
Entire_music/train/Romanticism_chamber_36/360071.mp3,Romanticism chamber,train,Schubert Piano Trios 1 & 2,Piano Trios 1 & 2,,,,Schubert
Entire_music/test/Romanticism_chamber_36/360072.mp3,Romanticism chamber,test,Schubert Selected Lieder,Selected Lieder,,,,Schubert
Entire_music/train/Romanticism_chamber_36/360073.mp3,Romanticism chamber,train,Schumann Carnaval Op 9 by Rubinstein,Carnaval Op 9,Rubinstein,,,Schumann
Entire_music/train/Romanticism_chamber_36/360074.mp3,Romanticism chamber,train,"Schumann Toccata in C, Op.7 (Pogorelich)","Toccata in C, Op.7",Pogorelich,,,Schumann
Entire_music/train/Romanticism_chamber_36/360075.mp3,Romanticism chamber,train,John Field - 18 Nocturnes,18 Nocturnes,,,,John Field
Entire_music/test/Romanticism_orchestral_37/370001.mp3,Romanticism orchestral,test,1 Hour of instrumental opera masterpieces - by Vincenzo Bellini e Gioacchino Rossini,1 Hour of instrumental opera masterpieces - by Vincenzo Bellini e Gioacchino Rossini,,,,Vincenzo Bellini e Gioacchino Rossini
Entire_music/test/Romanticism_orchestral_37/370002.mp3,Romanticism orchestral,test,1 Hour of the Best Instrumental opera music - by Gaetano Donizetti,1 Hour of the Best Instrumental opera music - by Gaetano Donizetti,,,,Gaetano Donizetti
Entire_music/train/Romanticism_orchestral_37/370003.mp3,Romanticism orchestral,train,Bellini Norma - Overture,Norma - Overture,,,,Bellini
Entire_music/train/Romanticism_orchestral_37/370004.mp3,Romanticism orchestral,train,"Berlioz Symphonie Fantastique, Op.14 (with score)","Symphonie Fantastique, Op.14",,,,Berlioz
Entire_music/train/Romanticism_orchestral_37/370005.mp3,Romanticism orchestral,train,"Chopin - Piano Concertos No.1, 2 Remastered (Centurys recording Arthur Rubinstein)","Piano Concertos No.1, 2",Arthur Rubinstein,,,Chopin
Entire_music/train/Romanticism_orchestral_37/370006.mp3,Romanticism orchestral,train,"Franz Schubert Symphony No.8 Unfinished D 759, Leonard Bernstein",Symphony No.8 Unfinished D 759,Leonard Bernstein,,,Franz Schubert
Entire_music/train/Romanticism_orchestral_37/370007.mp3,Romanticism orchestral,train,J. Hummel -Trumpet Concerto - Sergei Nakariakov trumpet Bb,Trumpet Concerto,Sergei Nakariakov,,,J. Hummel
Entire_music/train/Romanticism_orchestral_37/370008.mp3,Romanticism orchestral,train,"Liszt Totentanz, S. 525","Totentanz, S. 525",,,,Liszt
Entire_music/train/Romanticism_orchestral_37/370009.mp3,Romanticism orchestral,train,Moscheles - Piano Concerto No. 3 In G Minor Op 58,Piano Concerto No. 3 In G Minor Op 58,,,,Moscheles
Entire_music/train/Romanticism_orchestral_37/370010.mp3,Romanticism orchestral,train,Robert Schumann - Symphony no. 4 Op. 120 (1851) (+sheet music),Symphony no. 4 Op. 120 (1851),,,,Robert Schumann
Entire_music/train/Romanticism_orchestral_37/370011.mp3,Romanticism orchestral,train,Schumann - Cello concerto - Rostropovich Leningrad Rozhdestvensky,Cello concerto,Rostropovich Leningrad Rozhdestvensky,,,Schumann
Entire_music/train/Romanticism_orchestral_37/370012.mp3,Romanticism orchestral,train,The Best Song Of Richard Wagner Richard Wagne Top Hit Collection,The Best Song Of Richard Wagner Richard Wagne Top Hit Collection,,,,Richard Wagner
Entire_music/train/Romanticism_orchestral_37/370013.mp3,Romanticism orchestral,train,The Best of Mendelssohn,The Best of Mendelssohn,,,,Mendelssohn
Entire_music/train/Romanticism_orchestral_37/370014.mp3,Romanticism orchestral,train,The Best of Rossini,The Best of Rossini,,,,Rossini
Entire_music/val/Romanticism_orchestral_37/370015.mp3,Romanticism orchestral,val,The Best of Weber,The Best of Weber,,,,Weber
Entire_music/train/South_American_traditional_folklore_38/380001.mp3,South American traditional folklore,train,Andean Folklore Music Mix Musical instrument from South America Quena and Sampona,Andean Folklore Music Mix Musical instrument from South America Quena and Sampona,,,,
Entire_music/train/South_American_traditional_folklore_38/380002.mp3,South American traditional folklore,train,Andina Inca Music from Ecuador,Andina Inca Music from Ecuador,,,,
Entire_music/train/South_American_traditional_folklore_38/380003.mp3,South American traditional folklore,train,Argentine Andean Folk Music,Argentine Andean Folk Music,,,,
Entire_music/train/South_American_traditional_folklore_38/380004.mp3,South American traditional folklore,train,Aztec Indigenous Ancient Music,Aztec Indigenous Ancient Music,,,,
Entire_music/train/South_American_traditional_folklore_38/380005.mp3,South American traditional folklore,train,Aztec Music - Música Prehispánica Vol.1 Fiesta Sacrificio Guerra Ritos CINEMATIC DELIRIUM,Aztec Music - Música Prehispánica Vol.1 Fiesta Sacrificio Guerra Ritos CINEMATIC DELIRIUM,,,,
Entire_music/test/South_American_traditional_folklore_38/380006.mp3,South American traditional folklore,test,Los Calchakis - Flûtes des Terres Incas (1985),Flûtes des Terres Incas,Los Calchakis,Flûtes des Terres Incas,1985,
Entire_music/test/South_American_traditional_folklore_38/380007.mp3,South American traditional folklore,test,Los Incas – Flutes Des Andes (1967) Philips – 849.489,Flutes Des Andes,Los Incas,Flutes Des Andes,1967,
Entire_music/train/South_American_traditional_folklore_38/380008.mp3,South American traditional folklore,train,Mayan Music Playlist 2 [Ultra Extended!],Mayan Music Playlist 2,,,,
Entire_music/train/South_American_traditional_folklore_38/380009.mp3,South American traditional folklore,train,Piruw folk and traditional music,Piruw folk and traditional music,,,,
Entire_music/val/South_American_traditional_folklore_38/380010.mp3,South American traditional folklore,val,"SHUAR Equateur - Indiens Shuar, Cayapa, Otavalo","SHUAR Equateur - Indiens Shuar, Cayapa, Otavalo",,,,
Entire_music/train/South_American_traditional_folklore_38/380011.mp3,South American traditional folklore,train,"The Inca Harp Laments and Dances of the Tawantinsuyu, the Inca Empire (Lyrichord, 1980, LLST 7359)","The Inca Harp Laments and Dances of the Tawantinsuyu, the Inca Empire",,,1980,
Entire_music/train/South_American_traditional_folklore_38/380012.mp3,South American traditional folklore,train,"Yurac Malki - Viva Inca - Music from Equador, Peru and Bolivia [Full Album]","Viva Inca - Music from Equador, Peru and Bolivia",Yurac Malki,Viva Inca,,
Entire_music/train/South_American_traditional_folklore_38/380013.mp3,South American traditional folklore,train,ancient aztec and mayan traditional music by ricardo lozano featuring jorge ramos,ancient aztec and mayan traditional music by ricardo lozano featuring jorge ramos,ricardo lozano featuring jorge ramos,,,
Entire_music/train/South_American_traditional_folklore_38/380014.mp3,South American traditional folklore,train,MAYAN Ambiance - MEXICAN Traditional Music,MAYAN Ambiance - MEXICAN Traditional Music,,,,
Entire_music/train/South_European_folklore_39/390001.mp3,South European folklore,train,Andalousie Los Gitanillos De Cadiz,Andalousie,Los Gitanillos De Cadiz,,,
Entire_music/train/South_European_folklore_39/390002.mp3,South European folklore,train,Armòs - Musica Tradizionale Siciliana (1999),Musica Tradizionale Siciliana,Armòs,,1999,
Entire_music/train/South_European_folklore_39/390003.mp3,South European folklore,train,Astrolabio - Spirit Folet (1978),Spirit Folet,Astrolabio,,1978,
Entire_music/train/South_European_folklore_39/390004.mp3,South European folklore,train,Canti popolari sardi e danze (1953-1969),Canti popolari sardi e danze (1953-1969),,,,
Entire_music/train/South_European_folklore_39/390005.mp3,South European folklore,train,Canzoniere Internazionale – Cittadini e Contadini,Cittadini e Contadini,Canzoniere Internazionale,,,
Entire_music/train/South_European_folklore_39/390006.mp3,South European folklore,train,Canzoniere Popolare Tortonese - Cantà par no murì (1977 completo),Cantà par no murì,Canzoniere Popolare Tortonese,,1977,
Entire_music/train/South_European_folklore_39/390007.mp3,South European folklore,train,Greek folk music wedding songs (1977),Greek folk music wedding songs,,,1977,
Entire_music/train/South_European_folklore_39/390008.mp3,South European folklore,train,"Gruppo folkloristico polesano - Ande, Cante e Bali - Etnomusicologia in Polesine","Ande, Cante e Bali - Etnomusicologia in Polesine",Gruppo folkloristico polesano,,,
Entire_music/train/South_European_folklore_39/390009.mp3,South European folklore,train,Il meglio del Quartetto Cetra (FULL ALBUM),Il meglio del Quartetto Cetra,Quartetto Cetra,,,
Entire_music/val/South_European_folklore_39/390010.mp3,South European folklore,val,LAmmazzapreti - canti satirici anticlericali (1973),LAmmazzapreti - canti satirici anticlericali,,,1973,
Entire_music/test/South_European_folklore_39/390011.mp3,South European folklore,test,La Carmagnole (chanson révolutionnaire),La Carmagnole (chanson révolutionnaire),,,,
Entire_music/train/South_European_folklore_39/390012.mp3,South European folklore,train,La Carmagnole - Chant de la Révolution Française,La Carmagnole - Chant de la Révolution Française,,,,
Entire_music/test/South_European_folklore_39/390013.mp3,South European folklore,test,Lombardia canzoni popolari (1954),Lombardia canzoni popolari (1954),,,,
Entire_music/train/South_European_folklore_39/390014.mp3,South European folklore,train,Milandè - musica e canti della tradizione del Lazio,Milandè - musica e canti della tradizione del Lazio,,,,
Entire_music/train/South_European_folklore_39/390015.mp3,South European folklore,train,Musica popolare e canti dallItalia (1953),Musica popolare e canti dallItalia,,,1953,
Entire_music/train/South_European_folklore_39/390016.mp3,South European folklore,train,Nuova Compagnia Di Canto Popolare – La Serpe A Carolina (1972),La Serpe A Carolina,Nuova Compagnia Di Canto Popolare,,1972,
Entire_music/val/South_European_folklore_39/390017.mp3,South European folklore,val,PACO DE LUCIA Exitos ~ Best Songs of PACO DE LUCIA 2020,PACO DE LUCIA Exitos ~ Best Songs of PACO DE LUCIA 2020,PACO DE LUCIA,,,
Entire_music/val/South_European_folklore_39/390018.mp3,South European folklore,val,Quarto Stato (1976),Quarto Stato,,,1976,
Entire_music/train/South_European_folklore_39/390019.mp3,South European folklore,train,Sardegna Polyphonies Sardes (Coro di Pozzomaggiore),Sardegna Polyphonies Sardes,Coro di Pozzomaggiore,,,
Entire_music/train/South_European_folklore_39/390020.mp3,South European folklore,train,Sardegna canti liturgici di tradizione orale,Sardegna canti liturgici di tradizione orale,,,,
Entire_music/train/South_European_folklore_39/390021.mp3,South European folklore,train,Secular Music Of Greek Antiquity,Secular Music Of Greek Antiquity,,,,
Entire_music/train/South_European_folklore_39/390022.mp3,South European folklore,train,Sicilia Sicily in Music and Song (1965),Sicilia Sicily in Music and Song,,,1965,
Entire_music/test/South_European_folklore_39/390023.mp3,South European folklore,test,Sicilia musica della Settimana Santa,Sicilia musica della Settimana Santa,,,,
Entire_music/train/South_European_folklore_39/390024.mp3,South European folklore,train,Spanish Folk Songs,Spanish Folk Songs,,,,
Entire_music/train/South_European_folklore_39/390025.mp3,South European folklore,train,Traditional Italian music typical instrumental folk,Traditional Italian music typical instrumental folk,,,,
Entire_music/train/South_European_folklore_39/390026.mp3,South European folklore,train,Vecchioni e Guccini - rara registrazione allOstaria delle Dame (1975),rara registrazione allOstaria delle Dame,Vecchioni e Guccini,,1975,
Entire_music/train/South_European_folklore_39/390027.mp3,South European folklore,train,"Zampogne, Bagpipes – Novene di Natale e tarantelle (Italia 1914–1980)","Zampogne, Bagpipes - Novene di Natale e tarantelle (Italia 1914–1980)",,,,
Entire_music/train/South_European_folklore_39/390028.mp3,South European folklore,train,la carmagnole,la carmagnole,,,,
Entire_music/train/Western_songwriting_40/400001.mp3,Western songwriting,train,- Fabrizio De Andrè - Anime Salve - Full Album - 1996,Anime Salve,Fabrizio De Andrè,Anime Salve,1996,
Entire_music/train/Western_songwriting_40/400002.mp3,Western songwriting,train,01 - Ancora Vivo,Ancora Vivo,Adriano Celentano,C'è Sempre Un motivo,2004,
Entire_music/train/Western_songwriting_40/400003.mp3,Western songwriting,train,01 - Chi Ce L'ha Con Me,Chi Ce L'ha Con Me,Adriano Celentano,Non Mi Dir,1965,
Entire_music/train/Western_songwriting_40/400004.mp3,Western songwriting,train,01 - Il Ragazzo Della Via Gluck,Il Ragazzo Della Via Gluck,Adriano Celentano,Super Best,1992,Adriano Celentano/Mike DelPrete
Entire_music/train/Western_songwriting_40/400005.mp3,Western songwriting,train,01 - Il Tuo Bacio É Come Un Rock [AC],Il tuo bacio é come un rock,Adriano Celentano,Le origini (cd1),2004,
Entire_music/train/Western_songwriting_40/400006.mp3,Western songwriting,train,01 - L'attore,L'attore,Adriano Celentano,Adriano Rock,1969,
Entire_music/train/Western_songwriting_40/400007.mp3,Western songwriting,train,01 - L'immensità [M],L'immensità,Mina,Le origini (Cd 2),2004,
Entire_music/train/Western_songwriting_40/400008.mp3,Western songwriting,train,01 - Lirica d'inverno,Lirica d'inverno,Adriano Celentano,Le robe che ha detto Adriano,1969,Adriano Celentano/L. Beretta/Mike DelPrete
Entire_music/train/Western_songwriting_40/400009.mp3,Western songwriting,train,01 - Nata Per Me,09 - Nata Per Me,A  Celentano,Super Best,1992,Adricel/Mike DelPrete/Mogol
Entire_music/train/Western_songwriting_40/400010.mp3,Western songwriting,train,01 - Una Carezza In Un Pugno,Una Carezza In Un Pugno,Adriano Celentano,Azzurro,1968,G. Santercole/L. Beretta/Mike DelPrete
Entire_music/test/Western_songwriting_40/400011.mp3,Western songwriting,test,01-Buonasera Signorina,Buonasera Signorina,Adriano Celentano,Il Ribelle,,Sigman / DeRose / Perotti
Entire_music/train/Western_songwriting_40/400012.mp3,Western songwriting,train,02 - 30 Donne Del West,30 Donne Del West,Adriano Celentano,Azzurro,1968,Adriano Celentano/Mike DelPrete/Nico Baretta
Entire_music/train/Western_songwriting_40/400013.mp3,Western songwriting,train,02 - Brava [M],Brava,Mina,Le origini (cd1),2004,
Entire_music/test/Western_songwriting_40/400014.mp3,Western songwriting,test,02 - Chi era Lui,Chi Era Lui,Adriano Celentano,Il Ragazzo Della Via Gluck,1966,
Entire_music/train/Western_songwriting_40/400015.mp3,Western songwriting,train,02 - Impazzivo Per Te [AC],Impazzivo per te,Adriano celentano,Le origini (Cd 2),2004,
Entire_music/train/Western_songwriting_40/400016.mp3,Western songwriting,train,02 - Marì Marì,Marì Marì,Adriano Celentano,C'è Sempre Un motivo,2004,
Entire_music/test/Western_songwriting_40/400017.mp3,Western songwriting,test,02 - Non Esiste L'amore,Non Esiste L'amore,Non Esiste L¨amore (No Existe El Amor) Adriano Celentano,Evolving Blush or Driving Original Sin,1997,Keiji Haino/Peter Brötzmann
Entire_music/train/Western_songwriting_40/400018.mp3,Western songwriting,train,02 - Non ci fate caso,Non Ci fate Caso,Adriano Celentano,Adriano Rock,1969,
Entire_music/val/Western_songwriting_40/400019.mp3,Western songwriting,val,02 - Sei rimasta sola,Sei rimasta sol,Adriano Celentano,Non Mi Dir,1965,Adriano Celentano/Del Prete/Don Backy
Entire_music/train/Western_songwriting_40/400020.mp3,Western songwriting,train,02 - Un bimbo sul leone,Un bimbo sul leone,Adriano Celentano,Le robe che ha detto Adriano,1969,G. Santercole/L. Beretta/Mike DelPrete
Entire_music/val/Western_songwriting_40/400021.m4a,Western songwriting,val,02 Respect,Respect,Aretha Franklin,Bridget Jones's Diary,1967,Otis Redding
Entire_music/train/Western_songwriting_40/400022.mp3,Western songwriting,train,02-Il Ribelle,Il Ribelle,Adriano Celentano,Il Ribelle,,Testoni / Celentano
Entire_music/train/Western_songwriting_40/400023.mp3,Western songwriting,train,03 - C'è Sempre Un motivo,C'è Sempre Un motivo,Adriano Celentano,C'è Sempre Un motivo,2004,
Entire_music/train/Western_songwriting_40/400024.mp3,Western songwriting,train,03 - Canzone,Canzone,Adriano Celentano,Azzurro,1968,Detto Mariano/Don Backy
Entire_music/train/Western_songwriting_40/400025.mp3,Western songwriting,train,03 - Ciao Ragazzi,Ciao Ragazzi,Adriano Celentano,Non Mi Dir,1965,
Entire_music/test/Western_songwriting_40/400026.mp3,Western songwriting,test,03 - Come farai,Come Farai,Adriano Celentano,Adriano Rock,1969,
Entire_music/train/Western_songwriting_40/400027.mp3,Western songwriting,train,03 - Desidero Te [AC],Desidero te,Adriano Celentano,Le origini (cd1),2004,
Entire_music/train/Western_songwriting_40/400028.mp3,Western songwriting,train,03 - Io Sono Quel Che Sono [M],Io sono quel che sono,Mina,Le origini (Cd 2),2004,
Entire_music/test/Western_songwriting_40/400029.mp3,Western songwriting,test,03 - Uno strano tipo,Uno Strano Tipo,Adriano Celentano,Il Ragazzo Della Via Gluck,1966,
Entire_music/train/Western_songwriting_40/400030.mp3,Western songwriting,train,03-Teddy Girl,Teddy Girl,Adriano Celentano,Il Ribelle,,Beretta / Leoni
Entire_music/train/Western_songwriting_40/400031.mp3,Western songwriting,train,04 - Due tipi come noi,Due Tipi Come Noi,Adriano Celentano,Il Ragazzo Della Via Gluck,1966,
Entire_music/train/Western_songwriting_40/400032.mp3,Western songwriting,train,04 - Eravamo In 100.000,Eravamo In 100.000,Adriano Celentano,Azzurro,1968,Adriano Celentano/L. Beretta/Mike DelPrete
Entire_music/train/Western_songwriting_40/400033.mp3,Western songwriting,train,04 - Il Problema Piu ' Importante,03 - Il Problema Piu ' Importante,A  Celentano,Super Best,1992,Beretta/Clark/Del Prete
Entire_music/train/Western_songwriting_40/400034.mp3,Western songwriting,train,04 - La Mezzaluna [AC],La mezzaluna,Adriano celentano,Le origini (Cd 2),2004,
Entire_music/test/Western_songwriting_40/400035.mp3,Western songwriting,test,04 - La storia di serafino,La storia di serafino,Adriano Celentano,Le robe che ha detto Adriano,1969,Adriano Celentano/L. Beretta/Mike DelPrete/Rustichelli
Entire_music/train/Western_songwriting_40/400036.mp3,Western songwriting,train,04 - La tana del re,La Tana Del Re,Adriano Celentano,Adriano Rock,1969,
Entire_music/train/Western_songwriting_40/400037.mp3,Western songwriting,train,04 - Preghero,Preghero,,,,
Entire_music/train/Western_songwriting_40/400038.mp3,Western songwriting,train,04 - Si spento il sole,Si É Spento Il Sole,Adriano Celentano,Le origini - Volume 1 (1957-1968),1968,Adricel/L. Beretta/Leoni/Mike DelPrete
Entire_music/train/Western_songwriting_40/400039.mp3,Western songwriting,train,04 - Un Anno D'amore [M],Un anno d'amore,Mina,Le origini (cd1),2004,
Entire_music/train/Western_songwriting_40/400040.mp3,Western songwriting,train,04 - Valeva la Pena,Valeva la Pena,Adriano Celentano,C'è Sempre Un motivo,2004,
Entire_music/val/Western_songwriting_40/400041.mp3,Western songwriting,val,04-Pronto Pronto,Pronto Pronto,Adriano Celentano,Il Ribelle,,Beretta / Leoni
Entire_music/train/Western_songwriting_40/400042.mp3,Western songwriting,train,05 - E Inutile Devvero,E Inutile Devvero,Adriano Celentano,Il Ragazzo Della Via Gluck,1966,
Entire_music/train/Western_songwriting_40/400043.mp3,Western songwriting,train,05 - Grazie Prego Scusi,"Gracie, Prego, Scusi",Adriano Celentano,Non Mi Dir,1965,
Entire_music/val/Western_songwriting_40/400044.mp3,Western songwriting,val,05 - Lontanissimo [M],Lontanissimo,Mina,Le origini (Cd 2),2004,
Entire_music/train/Western_songwriting_40/400045.mp3,Western songwriting,train,05 - Lunfardia,Lunfardia,Adriano Celentano,C'è Sempre Un motivo,2004,
Entire_music/test/Western_songwriting_40/400046.mp3,Western songwriting,test,05 - Sabato triste,Sabato Triste,Adriano Celentano,Le origini - Volume 1 (1957-1968),1968,Adriano Celentano/Don Backy/Mike DelPrete
Entire_music/train/Western_songwriting_40/400047.mp3,Western songwriting,train,05 - Si É Spento Il Sole [AC],Si é spento il sole,Adriano Celentano,Le origini (cd1),2004,
Entire_music/train/Western_songwriting_40/400048.mp3,Western songwriting,train,05 - Torno Sui Miei Passi,Torno Sui Miei Passi,Adriano Celentano,Azzurro,1968,Detto/L. Beretta/Mike DelPrete
Entire_music/train/Western_songwriting_40/400049.mp3,Western songwriting,train,05 - Tutto da mia marde,Tutto Da Mia Marde,Adriano Celentano,Adriano Rock,1969,
Entire_music/val/Western_songwriting_40/400050.mp3,Western songwriting,val,05-Piccola,Piccola,Adriano Celentano,Il Ribelle,,Testoni / Pizzigoni
Entire_music/train/Western_songwriting_40/400051.mp3,Western songwriting,train,06 - Capirai,Capirai,Adriano Celentano,Non Mi Dir,1965,
Entire_music/train/Western_songwriting_40/400052.mp3,Western songwriting,train,06 - Ciao Ti Diró [AC],Ciao ti diro',Adriano celentano,Le origini (Cd 2),2004,
Entire_music/train/Western_songwriting_40/400053.mp3,Western songwriting,train,06 - Città Vuota [M],Città vuota,Mina,Le origini (cd1),2004,
Entire_music/train/Western_songwriting_40/400054.mp3,Western songwriting,train,06 - E voi ballate,E Voi Ballate,Adriano Celentano,Il Ragazzo Della Via Gluck,1966,
Entire_music/train/Western_songwriting_40/400055.mp3,Western songwriting,train,06 - La Lotta Dell'Amore,La Lotta Dell'Amore,Adriano Celentano,Azzurro,1968,G. Santercole/L. Beretta/Mike DelPrete
Entire_music/train/Western_songwriting_40/400056.mp3,Western songwriting,train,06 - Napoleone il cow boy e lo zar,Napoleone Il Cow Boy E Lo Zar,Adriano Celentano,Adriano Rock,1969,Adriano Celentano
Entire_music/train/Western_songwriting_40/400057.mp3,Western songwriting,train,06 - Non Mi Dir,Non Mi Dir,Adriano Celentano,Il Ragazzo Della Via Gluck,1966,
Entire_music/train/Western_songwriting_40/400058.mp3,Western songwriting,train,06 - Verità da Marciapiede,Verità da Marciapiede,Adriano Celentano,C'è Sempre Un motivo,2004,
Entire_music/train/Western_songwriting_40/400059.mp3,Western songwriting,train,06-Impazzivo Per Te,Impazzivo Per Te,Adriano Celentano,Il Ribelle,,Celentano / Del Prete / Leoni
Entire_music/val/Western_songwriting_40/400060.mp3,Western songwriting,val,07 - A New Orleans,A New Orleans,,,,
Entire_music/val/Western_songwriting_40/400061.mp3,Western songwriting,val,07 - E' L'uomo Per Me [M],E' l'uomo per me,Mina,Le origini (Cd 2),2004,
Entire_music/train/Western_songwriting_40/400062.mp3,Western songwriting,train,07 - Il Grande sarto,Il Grande Sarto,Adriano Celentano,Adriano Rock,1969,
Entire_music/train/Western_songwriting_40/400063.mp3,Western songwriting,train,07 - Il Mio Amico James Bond,Il Mio Amico James Bond,Adriano Celentano,Il Ragazzo Della Via Gluck,1966,
Entire_music/train/Western_songwriting_40/400064.mp3,Western songwriting,train,07 - La festa,La Festa,Adriano Celentano,Le origini - Volume 1 (1957-1968),1968,L. Beretta/Mike DelPrete/N. Massara
Entire_music/train/Western_songwriting_40/400065.mp3,Western songwriting,train,07 - Quel Casinha (Il Ragazzo Della Via Gluck),Quel Casinha (Il Ragazzo Della Via Gluck),Adriano Celentano,C'è Sempre Un motivo,2004,
Entire_music/train/Western_songwriting_40/400066.mp3,Western songwriting,train,07 - Un Sole Caldo Caldo Caldo [AC],Un sole caldo caldo caldo,Adriano Celentano,Le origini (cd1),2004,
Entire_music/train/Western_songwriting_40/400067.mp3,Western songwriting,train,07-Pitagora,Pitagora,Adriano Celentano,Il Ribelle,,Beretta / Soffici
Entire_music/train/Western_songwriting_40/400068.mp3,Western songwriting,train,07. Azzuro,Azzuro,Adriano Celentano,,1968,
Entire_music/train/Western_songwriting_40/400069.mp3,Western songwriting,train,08 - Breve Amore [M],Breve amore,Mina,Le origini (cd1),2004,
Entire_music/test/Western_songwriting_40/400070.mp3,Western songwriting,test,08 - Desidero te,Adriano Celentano - Desidero T,Adriano Celentano,Raccolta 3,,
Entire_music/test/Western_songwriting_40/400071.mp3,Western songwriting,test,08 - L'Ultima Donna Che Amo,L'Ultima Donna Che Amo,Adriano Celentano,C'è Sempre Un motivo,2004,
Entire_music/val/Western_songwriting_40/400072.mp3,Western songwriting,val,08 - L'ora del boogie,L'ora Del Boogie,Adriano Celentano,Adriano Rock,1969,
Entire_music/train/Western_songwriting_40/400073.mp3,Western songwriting,train,08 - Nata Per Me [AC],Nata per me,Adriano celentano,Le origini (Cd 2),2004,
Entire_music/train/Western_songwriting_40/400074.mp3,Western songwriting,train,08 - Piu' Forte Che Puoi,Piu' Forte Che Puoi,Adriano Celentano,Azzurro,1968,Cerutti/L. Beretta/Mike DelPrete
Entire_music/train/Western_songwriting_40/400075.mp3,Western songwriting,train,08 - Stai lontana da me,Stai lontana da me,Adriano Celentano,"Il cuore, la voce",2001,Burt Bacharach/Hilliard/Mogol
Entire_music/train/Western_songwriting_40/400076.mp3,Western songwriting,train,08-Che Dritta!,Che Dritta!,Adriano Celentano,Il Ribelle,,Coppo / Libano
Entire_music/train/Western_songwriting_40/400077.mp3,Western songwriting,train,09 - Il filo di arianna,Il Filo Di Arianna,Adriano Celentano,Adriano Rock,1969,
Entire_music/train/Western_songwriting_40/400078.mp3,Western songwriting,train,09 - In quale Vita,In quale Vita,Adriano Celentano,C'è Sempre Un motivo,2004,
Entire_music/train/Western_songwriting_40/400079.mp3,Western songwriting,train,09 - Mi Sei Scoppiato Dentro Il Cuore [M],Mi sei scoppiato dentro il cuore,Mina,Le origini (Cd 2),2004,
Entire_music/train/Western_songwriting_40/400080.mp3,Western songwriting,train,09 - Non Esser Timida,Non Esser Timida (Little Lonely One),Adriano Celentano,"La Mezza Luna, CD 3",,
Entire_music/train/Western_songwriting_40/400081.mp3,Western songwriting,train,09 - Sei rimasta sola,Sei rimasta sola,Adriano Celentano,"Il cuore, la voce",2001,Mike DelPrete/Ricky Gianco
Entire_music/train/Western_songwriting_40/400082.mp3,Western songwriting,train,09 - Tre Passi Avanti,Tre Passi Avanti,Adriano Celentano,Azzurro,1968,
Entire_music/train/Western_songwriting_40/400083.mp3,Western songwriting,train,09 - Una Notte Vicino Al Mare [AC],Una notte vicino al mare,Adriano Celentano,Le origini (cd1),2004,
Entire_music/train/Western_songwriting_40/400084.mp3,Western songwriting,train,09-Cosi No,Cosi No,Adriano Celentano,Il Ribelle,,Pallavicini / Nicoli / Migliardi
Entire_music/train/Western_songwriting_40/400085.mp3,Western songwriting,train,10 - Le Notti Lunghe,Le Notti Lunghe,Adriano Celentano,Non Mi Dir,1965,
Entire_music/train/Western_songwriting_40/400086.mp3,Western songwriting,train,10 - Miseria nera,Miseria Nera,Adriano Celentano,Adriano Rock,1969,
Entire_music/val/Western_songwriting_40/400087.mp3,Western songwriting,val,10 - Proibito,Proibito,Adriano Celentano,C'è Sempre Un motivo,2004,
Entire_music/train/Western_songwriting_40/400088.mp3,Western songwriting,train,10 - Se Telefonando [M],Se telefonando,Mina,Le origini (cd1),2004,
Entire_music/train/Western_songwriting_40/400089.mp3,Western songwriting,train,10-24.000 Baci,24.000 Baci,Adriano Celentano,Il Ribelle,,Vivarelli / Celentano / Fulci / Panlis
Entire_music/train/Western_songwriting_40/400090.mp3,Western songwriting,train,11 - Buonasera Signorina,Buonasera Signorina,Adriano Celentano,Azzurro,1968,Carl Sigman/P. De Rose/Perotti
Entire_music/train/Western_songwriting_40/400091.mp3,Western songwriting,train,11 - Ea [bonus],Ea,Adriano Celentano,Adriano Rock,1969,
Entire_music/train/Western_songwriting_40/400092.mp3,Western songwriting,train,11 - Sono Come Tu Mi Vuoi [M],Sono come tu mi vuoi,Mina,Le origini (Cd 2),2004,
Entire_music/train/Western_songwriting_40/400093.mp3,Western songwriting,train,11 - Vengo Dal Jazz (Bensonhurst Blues),Vengo Dal Jazz (Bensonhurst Blues),Adriano Celentano,C'è Sempre Un motivo,2004,
Entire_music/train/Western_songwriting_40/400094.mp3,Western songwriting,train,11-Furore,Furore,Adriano Celentano,Il Ribelle,,Vivarelli / Celentano / Leoni
Entire_music/test/Western_songwriting_40/400095.mp3,Western songwriting,test,12 - Buonasera Signorina [AC],Buonasera signorina,Adriano celentano,Le origini (Cd 2),2004,
Entire_music/train/Western_songwriting_40/400096.mp3,Western songwriting,train,12 - E Se Domani [M],E se domani,Mina,Le origini (cd1),2004,
Entire_music/train/Western_songwriting_40/400097.mp3,Western songwriting,train,12 - La Coppia Piu' Bella Del Mondo,La Coppia Piu' Bella Del Mondo,Adriano Celentano,Azzurro,1968,L. Beretta/Mike DelPrete/Paolo Conte
Entire_music/test/Western_songwriting_40/400098.mp3,Western songwriting,test,12 - Ringo,Ringo,Adriano Celentano,Alla Corte Del Remix,1997,
Entire_music/train/Western_songwriting_40/400099.mp3,Western songwriting,train,12 - Sabato Triste,Sabato Triste,Adriano Celentano,Non Mi Dir,1965,
Entire_music/train/Western_songwriting_40/400100.mp3,Western songwriting,train,12 - Stai lontana da me,Stai Lontana da Me (Tower of Strength),Adriano Celentano,Le origini - Volume 1 (1957-1968),1968,Burt Bacharach/Hilliard/Mogol
Entire_music/train/Western_songwriting_40/400101.mp3,Western songwriting,train,12-Nikita Rock,Nikita Rock,Adriano Celentano,Il Ribelle,,Vivarelli / Libano / Fulci
Entire_music/val/Western_songwriting_40/400102.mp3,Western songwriting,val,13 - Il Tangaccio,Il Tangaccio,Adriano Celentano,Le origini - Volume 1 (1957-1968),1968,G. Santercole/Marchetti/Mike DelPrete/Mogol
Entire_music/train/Western_songwriting_40/400103.mp3,Western songwriting,train,13 - Non Piangero,Non Piangero,Adriano Celentano,Non Mi Dir,1965,
Entire_music/train/Western_songwriting_40/400104.mp3,Western songwriting,train,13 - Sono un simpatico,Sono Un Simpatico,Adriano Celentano,Il Ragazzo Della Via Gluck,1966,
Entire_music/test/Western_songwriting_40/400105.mp3,Western songwriting,test,13-Blue Jeans Rock,Blue Jeans Rock,Adriano Celentano,Il Ribelle,,Vivarelli / Leoni / Fulci
Entire_music/train/Western_songwriting_40/400106.mp3,Western songwriting,train,14 - Ciao Ragazzi,Ciao Ragazzi,Adriano Celentano,Le origini 2,1999,Adriano Celentano/Detto Mariano/Mike DelPrete/Mogol
Entire_music/train/Western_songwriting_40/400107.mp3,Western songwriting,train,14-La Gatta Sul Tetto Che Scotta,La Gatta Sul Tetto Che Scotta,Adriano Celentano,Il Ribelle,,Giacobetti / Kramer
Entire_music/train/Western_songwriting_40/400108.mp3,Western songwriting,train,15 - Amami e Baciami [bonus],Amami E Baciami,Adriano Celentano,,,
Entire_music/train/Western_songwriting_40/400109.mp3,Western songwriting,train,15. Alanis Morissette - Ironic (March 1996),Ironic,Alanis Morissette,,1996,
Entire_music/train/Western_songwriting_40/400110.mp3,Western songwriting,train,16 - I ragazzi del juke box [bonus],i ragazzi del juke box,adriano celentano,le origini,2004,
Entire_music/val/Western_songwriting_40/400111.mp3,Western songwriting,val,1967 - Pete Seeger — Pete Seegers Greatest Hits,Pete Seegers Greatest Hits,Pete Seeger,,,
Entire_music/train/Western_songwriting_40/400112.mp3,Western songwriting,train,29 Settembre,29 Settembre,,,,
Entire_music/train/Western_songwriting_40/400113.mp3,Western songwriting,train,30 Migliori Canzoni di Lucio Dalla - Lucio Dalla Greatest Hits Full Album,30 Migliori Canzoni di  Lucio Dalla -  Lucio Dalla Greatest Hits Full Album,Lucio Dalla,,,
Entire_music/train/Western_songwriting_40/400114.mp3,Western songwriting,train,Adele Songs Playlist 2023 - Top Tracks 2023 Playlist - Billboard Best Singer Adele Greatest,Adele Songs Playlist 2023 - Top Tracks 2023 Playlist - Billboard Best Singer Adele Greatest,Adele,,,
Entire_music/train/Western_songwriting_40/400115.mp3,Western songwriting,train,Adriano Celentano Greatest Hits Collection 2018 - The Best of Adriano Celentano Full Album,Adriano Celentano Greatest Hits Collection 2018 - The Best of Adriano Celentano Full Album,Adriano Celentano,,,
Entire_music/test/Western_songwriting_40/400116.mp3,Western songwriting,test,Al amor (2015 Remaster),Al amor,,,,
Entire_music/train/Western_songwriting_40/400117.mp3,Western songwriting,train,Amanda (2015 Remaster),Amanda,,,,
Entire_music/train/Western_songwriting_40/400118.mp3,Western songwriting,train,Amémonos del todo (2015 Remaster),Amémonos del todo,,,,
Entire_music/val/Western_songwriting_40/400119.mp3,Western songwriting,val,Aretha Franklin - Aretha Franklin Greatest Hits Full Album 2022 - Best Songs of Aretha Franklin,Aretha Franklin - Aretha Franklin Greatest Hits 2022 - Best Songs of Aretha Franklin,Aretha Franklin,,,
Entire_music/train/Western_songwriting_40/400120.mp3,Western songwriting,train,Avond Boudewijn de Groot Lyrics,Avond,Boudewijn de Groot,,,
Entire_music/train/Western_songwriting_40/400121.mp3,Western songwriting,train,Benjamin Biolay Greatest Hits Playlist 2021 - Benjamin Biolay Best Of Album q6,Benjamin Biolay Greatest Hits Playlist 2021 - Benjamin Biolay Best Of Album q6,Benjamin Biolay,,,
Entire_music/test/Western_songwriting_40/400122.mp3,Western songwriting,test,Best Of Bob Dylan - Bob Dylan Best Songs Playlist - Bob Dylan Greatest Hits Full Album,Best Of Bob Dylan - Bob Dylan Best Songs Playlist - Bob Dylan Greatest Hits,Bob Dylan,,,
Entire_music/train/Western_songwriting_40/400123.mp3,Western songwriting,train,Best Songs Of Janis Joplin Janis Joplin Collection,Best Songs Of Janis Joplin Janis Joplin Collection,Janis Joplin,,,
Entire_music/train/Western_songwriting_40/400124.mp3,Western songwriting,train,Best of Max Giesinger - Max Giesinger Greatest Hits Full Album 2023,Best of Max Giesinger - Max Giesinger Greatest Hits 2023,Max Giesinger,,,
Entire_music/train/Western_songwriting_40/400125.mp3,Western songwriting,train,Bon Iver Greatest Hits Full Album- Bon Iver Playlist 2022 - Bon Iver Best Songs Ever,Bon Iver Greatest Hits - Bon Iver Playlist 2022 - Bon Iver Best Songs Ever,Bon Iver,,,
Entire_music/train/Western_songwriting_40/400126.mp3,Western songwriting,train,Boudewijn de Groot - Nacht En Ontij (1968) - FULL ALBUM,Nacht En Ontij,Boudewijn de Groot,Nacht En Ontij,1968,
Entire_music/test/Western_songwriting_40/400127.mp3,Western songwriting,test,Bruce Springsteen Greatest Hits Full Album 2021 - Best Songs Of Bruce Springsteen,Bruce Springsteen Greatest Hits Full Album 2021 - Best Songs Of Bruce Springsteen,Bruce Springsteen,,,
Entire_music/test/Western_songwriting_40/400128.mp3,Western songwriting,test,Bulerías (2015 Remaster),Bulerías,,,,
Entire_music/val/Western_songwriting_40/400129.mp3,Western songwriting,val,Canción del gitano (2015 Remaster),Canción del gitano,,,,
Entire_music/train/Western_songwriting_40/400130.mp3,Western songwriting,train,Canción para este tiempo (2015 Remaster),Canción para este tiempo,,,,
Entire_music/train/Western_songwriting_40/400131.mp3,Western songwriting,train,Canzoni Di Successo di Tiziano Ferro - Migliori Canzoni di Tiziano Ferro,Canzoni Di Successo di Tiziano Ferro - Migliori Canzoni di Tiziano Ferro,Tiziano Ferro,,,
Entire_music/test/Western_songwriting_40/400132.mp3,Western songwriting,test,Charles Aznavour Greatest Hits – Best Songs Of Charles Aznavour – Charles Aznavour Album Complet 202,Charles Aznavour Greatest Hits – Best Songs Of Charles Aznavour – Charles Aznavour Album Complet 202,Charles Aznavour,,,
Entire_music/train/Western_songwriting_40/400133.mp3,Western songwriting,train,Ciao amore,Ciao amore,,,,
Entire_music/train/Western_songwriting_40/400134.mp3,Western songwriting,train,Ciao ti dirò 1,Ciao ti dirò 1,,,,
Entire_music/train/Western_songwriting_40/400135.mp3,Western songwriting,train,Ciao ti dirò 2,Ciao ti dirò 2,,,,
Entire_music/train/Western_songwriting_40/400136.mp3,Western songwriting,train,Compilado Mejores 20 canciones de Jorge Drexler,Compilado Mejores 20 canciones de Jorge Drexler,Jorge Drexler,,,
Entire_music/train/Western_songwriting_40/400137.mp3,Western songwriting,train,David Bowie Greatest Hits Full Album 2021 David Bowie Best Songs David Bowie The Best Of,David Bowie Greatest Hits Full Album 2021 || David Bowie Best Songs || David Bowie The Best Of,David Bowie,,,
Entire_music/train/Western_songwriting_40/400138.mp3,Western songwriting,train,Der Hugenottenfriedhof,Der Hugenottenfriedhof,,,,
Entire_music/train/Western_songwriting_40/400139.mp3,Western songwriting,train,Devendra Banhart White session (full album),White session,Devendra Banhart,White session,,
Entire_music/train/Western_songwriting_40/400140.mp3,Western songwriting,train,Devendra Banhart - Flying Wig (Full Abum),Flying Wig,Devendra Banhart,Flying Wig,,
Entire_music/train/Western_songwriting_40/400141.mp3,Western songwriting,train,Elton John Greatest Hits Full Album -Best Songs of Elton John 2021,Elton John Greatest Hits Full Album -Best Songs of Elton John 2021,Elton John,,,
Entire_music/train/Western_songwriting_40/400142.mp3,Western songwriting,train,Enfant perdu,Enfant perdu,,,,
Entire_music/train/Western_songwriting_40/400143.mp3,Western songwriting,train,Eric Clapton Greatest hits - Best Of Eric Clapton Full Album All Times,Eric Clapton Greatest hits - Best Of Eric Clapton All Times,Eric Clapton,,,
Entire_music/train/Western_songwriting_40/400144.mp3,Western songwriting,train,FRANCESCO DE G R E G O R I ... Le più belle canzoni,FRANCESCO DE G R E G O R I ... Le più belle canzoni,FRANCESCO DE GREGORI,,,
Entire_music/train/Western_songwriting_40/400145.mp3,Western songwriting,train,Fabrizio De Andrè - La Buona Novella - Full Album - 1970,La Buona Novella,Fabrizio De Andrè,La Buona Novella,1970,
Entire_music/train/Western_songwriting_40/400146.mp3,Western songwriting,train,"Fabrizio De Andrè - Non Al Denaro, Non AllAmore, Ne Al Cielo (Full Album)","Non Al Denaro, Non AllAmore, Ne Al Cielo",Fabrizio De Andrè,"Non Al Denaro, Non AllAmore, Ne Al Cielo",,
Entire_music/train/Western_songwriting_40/400147.mp3,Western songwriting,train,"Fabrizio De André - Volume III (Full Album, 1968)",Volume III,Fabrizio De André,Volume III,1968,
Entire_music/train/Western_songwriting_40/400148.mp3,Western songwriting,train,Fabrizio De André - VOLUME 8 [Full Album] - (PALP 54 Produttori Associati) - (1975),VOLUME 8 (PALP 54 Produttori Associati),Fabrizio De André,VOLUME 8 (PALP 54 Produttori Associati),1975,
Entire_music/train/Western_songwriting_40/400149.mp3,Western songwriting,train,Fabrizio De Andre-Creuza De Ma 1984 Full Album,Creuza De Ma,Fabrizio De Andre,Creuza De Ma,1984,
Entire_music/train/Western_songwriting_40/400150.mp3,Western songwriting,train,Fabrizio De Andrè-Tutti Morimmo a Stento 1968 Full Album,Tutti Morimmo a Stento,Fabrizio De Andrè,Tutti Morimmo a Stento,1968,
Entire_music/train/Western_songwriting_40/400151.mp3,Western songwriting,train,Florence - T. Machine Greatest Hits Full Album - Best songs of Florence - T. Machine,Florence - T. Machine Greatest Hits - Best songs of Florence - T. Machine,Florence + The Machine,,,
Entire_music/train/Western_songwriting_40/400152.mp3,Western songwriting,train,Forse forse,Forse forse,,,,
Entire_music/train/Western_songwriting_40/400153.mp3,Western songwriting,train,Frazey Ford - Done [Official Music Video],Done,Frazey Ford,,,
Entire_music/train/Western_songwriting_40/400154.mp3,Western songwriting,train,Frazey Ford - Runnin,Runnin,Frazey Ford,,,
Entire_music/val/Western_songwriting_40/400155.mp3,Western songwriting,val,Frazey Ford - September Fields [Official Music Video],September Fields,Frazey Ford,,,
Entire_music/train/Western_songwriting_40/400156.mp3,Western songwriting,train,Frazey Ford - Three Golden Trees,Three Golden Trees,Frazey Ford,,,
Entire_music/train/Western_songwriting_40/400157.mp3,Western songwriting,train,Frazey Ford - You Got Religion,You Got Religion,Frazey Ford,,,
Entire_music/val/Western_songwriting_40/400158.mp3,Western songwriting,val,Frazey Ford - Youre Not Free,Youre Not Free,Frazey Ford,,,
Entire_music/test/Western_songwriting_40/400159.mp3,Western songwriting,test,Full LPAlbum - Pete Seeger - The Bitter & The Sweet (Vinyl),The Bitter & The Sweet,Pete Seeger,The Bitter & The Sweet,,
Entire_music/train/Western_songwriting_40/400160.mp3,Western songwriting,train,GEORGES BRASSENS LES PLUS GRANDS TUBES GEORGES BRASSENS CHANSONS,GEORGES BRASSENS LES PLUS GRANDS TUBES || GEORGES BRASSENS CHANSONS,GEORGES BRASSENS,,,
Entire_music/train/Western_songwriting_40/400161.mp3,Western songwriting,train,GINO P A O L I ... Le più belle canzoni,GINO P A O L I ... Le più belle canzoni,GINO PAOLI,,,
Entire_music/test/Western_songwriting_40/400162.mp3,Western songwriting,test,George Ezra Greatest Hits Full Album - Best Songs Of George Ezra Playlist 2022,George Ezra Greatest Hits - Best Songs Of George Ezra Playlist 2022,George Ezra,,,
Entire_music/train/Western_songwriting_40/400163.mp3,Western songwriting,train,Gianluca Grignani Top Hits 2018,Gianluca Grignani Top Hits 2018,Gianluca Grignani,,,
Entire_music/val/Western_songwriting_40/400164.mp3,Western songwriting,val,Gillie (Adriano Celentano & Anita Traversi),Gillie,A. Celentano & Anita Traversi,Ti Amo Bella Italia,,
Entire_music/val/Western_songwriting_40/400165.mp3,Western songwriting,val,Herbert Grönemeyer Greatest Hits Full Album - Herbert Grönemeyer The Best of All Time,Herbert Grönemeyer Greatest Hits - Herbert Grönemeyer The Best of All Time,Herbert Grönemeyer,,,
Entire_music/train/Western_songwriting_40/400166.mp3,Western songwriting,train,I Successi di PAOLO C O N T E,I Successi di PAOLO C O N T E,PAOLO CONTE,,,
Entire_music/train/Western_songwriting_40/400167.mp3,Western songwriting,train,IRON & WINE Essential Songs,IRON & WINE Essential Songs,IRON & WINE,,,
Entire_music/train/Western_songwriting_40/400168.mp3,Western songwriting,train,Idaho,Idaho,Adriano Celentano,,,
Entire_music/train/Western_songwriting_40/400169.mp3,Western songwriting,train,Il mondo gira,Il mondo gira,,,,
Entire_music/train/Western_songwriting_40/400170.mp3,Western songwriting,train,Ismael Serrano - Acuérdate de vivir (2010) Full Álbum (Disco completo),Acuérdate de vivir,Ismael Serrano,Acuérdate de vivir,2010,
Entire_music/train/Western_songwriting_40/400171.mp3,Western songwriting,train,Italian,Italian,,,,
Entire_music/train/Western_songwriting_40/400172.mp3,Western songwriting,train,JOAN BAEZ ( Full Album),,JOAN BAEZ,,,
Entire_music/train/Western_songwriting_40/400173.mp3,Western songwriting,train,Jacques Brel Full Album -Jacques Brel album complet - Jacques Brel Greatest Hits,Jacques Brel - Jacques Brel - Jacques Brel Greatest Hits,Jacques Brel,,,
Entire_music/val/Western_songwriting_40/400174.mp3,Western songwriting,val,Javier Ruibal - Cosas mías,Cosas mías,Javier Ruibal,,,
Entire_music/train/Western_songwriting_40/400175.mp3,Western songwriting,train,Jealousy Tango,Jealousy (Tango),Adriano Celentano,,,
Entire_music/val/Western_songwriting_40/400176.mp3,Western songwriting,val,Joaquín Sabina-32 mejores canciones.,32 mejores canciones,Joaquín Sabina,,,
Entire_music/train/Western_songwriting_40/400177.mp3,Western songwriting,train,John Mayer Greatest Hits -John Mayer Full Album 2021,John Mayer Greatest Hits - John Mayer 2021,John Mayer,,,
Entire_music/train/Western_songwriting_40/400178.mp3,Western songwriting,train,Joni Mitchell - Blue (Full Album) [Official Video],Blue,Joni Mitchell,Blue,,
Entire_music/test/Western_songwriting_40/400179.mp3,Western songwriting,test,Joni Mitchell - Ladies of the Canyon (Full Album) [Official Video],Ladies of the Canyon,Joni Mitchell,Ladies of the Canyon,,
Entire_music/test/Western_songwriting_40/400180.mp3,Western songwriting,test,Joni Mitchell Greatest Hits Full Album - The Best of Joni Mitchell,Joni Mitchell Greatest Hits - The Best of Joni Mitchell,Joni Mitchell,,,
Entire_music/train/Western_songwriting_40/400181.mp3,Western songwriting,train,L'emozione non ha voce (Adriano Celentano & Biaggio Antonacci),L'emozione non ha voce,Adriano Celentano & Biaggio Antonacci,,,
Entire_music/train/Western_songwriting_40/400182.mp3,Western songwriting,train,La Música Que No Morirá Nunca - Joan Manuel Serrat,La Música Que No Morirá Nunca,Joan Manuel Serrat,,,
Entire_music/train/Western_songwriting_40/400183.mp3,Western songwriting,train,La guerra di Piero,La guerra di Piero,Artisti vari,Faber - Amico fragile - Cd bianco,2003,De André
Entire_music/train/Western_songwriting_40/400184.mp3,Western songwriting,train,Lana Del Rey Playlist (reupload),Lana Del Rey Playlist (reupload),Lana Del Rey,,,
Entire_music/val/Western_songwriting_40/400185.mp3,Western songwriting,val,Laura Pausini Greatest Hits Full Album 2023 Laura Pausini Greatest Hits Playlist #laurapausini,Laura Pausini Greatest Hits Full Album 2023 | Laura Pausini Greatest Hits Playlist #laurapausini,Laura Pausini,,,
Entire_music/train/Western_songwriting_40/400186.mp3,Western songwriting,train,Le Migliori Canzoni Di Zucchero - Zucchero Album Completo - Best Of Zucchero,Le Migliori Canzoni Di Zucchero - Zucchero Album Completo - Best Of Zucchero,Zucchero,,,
Entire_music/train/Western_songwriting_40/400187.mp3,Western songwriting,train,Le Migliori Canzoni di Lucio Battisti - Lucio Battisti Greatest Hits 2022,Le Migliori Canzoni di Lucio Battisti - Lucio Battisti Greatest Hits 2022,Lucio Battisti,,,
Entire_music/train/Western_songwriting_40/400188.mp3,Western songwriting,train,Le Più Belle Canzoni Di Vasco Rossi - I Più Grandi Successi Di Vasco Rossi - The Best of Vasco Rossi,Le Più Belle Canzoni Di Vasco Rossi🍀🍀I Più Grandi Successi Di Vasco Rossi🍀🍀The Best of Vasco Rossi,Vasco Rossi,,,
Entire_music/train/Western_songwriting_40/400189.mp3,Western songwriting,train,Le più belle canzoni della Tigre di Cremona,Le più belle canzoni della Tigre di Cremona,Mina,,,
Entire_music/train/Western_songwriting_40/400190.mp3,Western songwriting,train,Le più belle canzoni di Pino Daniele - Pino Daniele i Più Grandi Successi - Pino Daniele,Le più belle canzoni di Pino Daniele - Pino Daniele i Più Grandi Successi -  Pino Daniele,Pino Daniele,,,
Entire_music/train/Western_songwriting_40/400191.mp3,Western songwriting,train,"Leonard Cohen - 20 Greatest Hits, Grandes Éxitos Anthem, Im Your Man, Suzanne, So Long, Marianne","20 Greatest Hits, Grandes Éxitos Anthem, Im Your Man, Suzanne, So Long, Marianne",Leonard Cohen,,,
Entire_music/train/Western_songwriting_40/400192.mp3,Western songwriting,train,Lluís Llach - Un Pont de Mar Blava (Àlbum Complet - Canal Oficial),Un Pont de Mar Blava,Lluís Llach,Un Pont de Mar Blava,,
Entire_music/train/Western_songwriting_40/400193.mp3,Western songwriting,train,Lluís Llach - Testimo (Àlbum Complet - Canal Oficial),Testimo,Lluís Llach,Testimo,,
Entire_music/train/Western_songwriting_40/400194.mp3,Western songwriting,train,Los Boleros de Machín - Los 34 Mejores Boleros de Antonio Machín,Los Boleros de Machín - Los 34 Mejores Boleros de Antonio Machín,Antonio Machín,,,
Entire_music/train/Western_songwriting_40/400195.mp3,Western songwriting,train,Lou Reed Greatest Hits Lou Reed Greatest Hits Full Album,Lou Reed Greatest Hits Lou Reed Greatest Hits,Lou Reed,,,
Entire_music/train/Western_songwriting_40/400196.mp3,Western songwriting,train,Luigi Tenco - Le più belle canzoni,Le più belle canzoni,Luigi Tenco,,,
Entire_music/train/Western_songwriting_40/400197.mp3,Western songwriting,train,MICHELE Z A R R I L L O - Le mie canzoni (album del 2011),Le mie canzoni (album del 2011),MICHELE ZARRILLO,,,
Entire_music/train/Western_songwriting_40/400198.mp3,Western songwriting,train,Marco Mengoni le migliori canzoni dellalbum completo 2023 - Marco Mengoni 2023 – Eurovision 2023,Marco Mengoni le migliori canzoni dell'album completo 2023 - Marco Mengoni   2023 – Eurovision 2023,Marco Mengoni,,,
Entire_music/train/Western_songwriting_40/400199.mp3,Western songwriting,train,Meilleur Chansons de Vianney - Vianney Album Playlist - Vianney Greatest Hits,Meilleur Chansons de Vianney - Vianney Album Playlist - Vianney Greatest Hits,Vianney,,,
Entire_music/val/Western_songwriting_40/400200.mp3,Western songwriting,val,Mia Martini ... Le più belle canzoni,Mia Martini ... Le più belle canzoni,Mia Martini,,,
Entire_music/val/Western_songwriting_40/400201.mp3,Western songwriting,val,Mondo in mi 7a (Live),Mondo in mi 7a (Live),,,,
Entire_music/train/Western_songwriting_40/400202.mp3,Western songwriting,train,NICK DRAKE Essential Songs,NICK DRAKE Essential Songs,NICK DRAKE,,,
Entire_music/train/Western_songwriting_40/400203.mp3,Western songwriting,train,Nederlandse liedjes uit de oude doos - Hollandse hits - Nederlandse muziek,Nederlandse liedjes uit de oude doos - Hollandse hits - Nederlandse muziek,,,,
Entire_music/train/Western_songwriting_40/400204.mp3,Western songwriting,train,Nessuno Mi Può Giudicare,Nessuno Mi può Giudicare,Adriano Celentano,,,
Entire_music/train/Western_songwriting_40/400205.mp3,Western songwriting,train,Personalità,Personalità,,,,
Entire_music/train/Western_songwriting_40/400206.mp3,Western songwriting,train,Pete Seeger - Rainbow Race - 1971 Album,Rainbow Race,Pete Seeger,Rainbow Race,1971,
Entire_music/train/Western_songwriting_40/400207.mp3,Western songwriting,train,Questo vecchio pazzo mondo (Live TV - Celentano & Ligabue),Questo vecchio pazzo mondo (Live TV),Celentano & Ligabue,,,
Entire_music/val/Western_songwriting_40/400208.mp3,Western songwriting,val,Reinhard Mey - Seine großen Erfolge,Seine großen Erfolge,Reinhard Mey,,,
Entire_music/train/Western_songwriting_40/400209.mp3,Western songwriting,train,Rezare (Pregherò in Spagnolo),Rezare (Pregherò in Spagnolo),,,,
Entire_music/train/Western_songwriting_40/400210.mp3,Western songwriting,train,Rozalen Mix 2023 - Top 15 mejores Canciones de Rozalen,Rozalen Mix 2023 - Top 15 mejores Canciones de Rozalen,Rozalen,,,
Entire_music/train/Western_songwriting_40/400211.mp3,Western songwriting,train,Ryan Adams Greatest Hits - The Best Of Ryan Adams,Ryan Adams Greatest Hits - The Best Of Ryan Adams,Ryan Adams,,,
Entire_music/train/Western_songwriting_40/400212.mp3,Western songwriting,train,SIA Greatest Hits Full Album 2022 - SIA Best Songs Playlist 2022,SIA Greatest Hits 2022 - SIA Best Songs Playlist 2022,SIA,,,
Entire_music/train/Western_songwriting_40/400213.mp3,Western songwriting,train,Sam Smith Greatest Hits Full Album 2022 Sam Smith New Songs 2022,Sam Smith Greatest Hits 2022 Sam Smith New Songs 2022,Sam Smith,,,
Entire_music/train/Western_songwriting_40/400214.mp3,Western songwriting,train,Serge Gainsbourg Best Of Album - Serge Gainsbourg Album Complet - Chansons de Serge Gainsbourg,Serge Gainsbourg Best Of Album - Serge Gainsbourg Album Complet - Chansons de Serge Gainsbourg,Serge Gainsbourg,,,
Entire_music/train/Western_songwriting_40/400215.mp3,Western songwriting,train,Simon & Garfunkel Greatest Hits 2023 - Simon & Garfunkel Best Songs Collection - Classic Folk Music,Simon & Garfunkel Greatest Hits 2023 - Simon & Garfunkel Best Songs Collection - Classic Folk Music,Simon & Garfunkel,,,
Entire_music/train/Western_songwriting_40/400216.mp3,Western songwriting,train,Solo tu,Solo tu,"Alex Britti, Jovanotti, Articolo 31, Adriano Celentano,  Raff, MICCADO",,,
Entire_music/train/Western_songwriting_40/400217.mp3,Western songwriting,train,Taylor Swift Greatest Hits Full Album 2023 - Taylor Swift Best Songs Playlist 2023,Taylor Swift Greatest Hits 2023 - Taylor Swift Best Songs Playlist 2023,Taylor Swift,,,
Entire_music/train/Western_songwriting_40/400218.mp3,Western songwriting,train,Tell Me That You Love Me,Tell Me That You Love Me,Adriano Celentano,"La Mezza Luna, CD 3",1998,Paul Anka
Entire_music/test/Western_songwriting_40/400219.mp3,Western songwriting,test,Testamento (2015 Remaster),Testamento,,,,
Entire_music/test/Western_songwriting_40/400220.mp3,Western songwriting,test,The BEST of Mylene Farmer,The BEST of Mylene Farmer,Mylene Farmer,,,
Entire_music/train/Western_songwriting_40/400221.mp3,Western songwriting,train,The Best of Ed Sheeran - Ed Sheeran Greatest Hits Full Album,The Best of Ed Sheeran - Ed Sheeran Greatest Hits Full Album,Ed Sheeran,,,
Entire_music/train/Western_songwriting_40/400222.mp3,Western songwriting,train,The Best of Edith Piaf,The Best of Edith Piaf,Edith Piaf,,,
Entire_music/train/Western_songwriting_40/400223.mp3,Western songwriting,train,The Best of Ligabue - Il Meglio di Ligabue,The Best of Ligabue - Il Meglio di Ligabue,Ligabue,,,
Entire_music/train/Western_songwriting_40/400224.mp3,Western songwriting,train,The Best of Phil Collins - Phil Collins Greatest Hits Full Album Soft Rock Playlist,The Best of Phil Collins ✨ Phil Collins Greatest Hits Full Album Soft Rock Playlist,Phil Collins,,,
Entire_music/train/Western_songwriting_40/400225.mp3,Western songwriting,train,The Tallest Man On Earth - Henry St. (Full Album) 2023,Henry St.,The Tallest Man On Earth,Henry St.,2023,
Entire_music/train/Western_songwriting_40/400226.mp3,Western songwriting,train,The Tallest Man On Earth - The Wild Hunt (Full Album),The Wild Hunt,The Tallest Man On Earth,The Wild Hunt,,
Entire_music/train/Western_songwriting_40/400227.mp3,Western songwriting,train,The Tallest Man on Earth - Shallow Grave (FULL ALBUM),Shallow Grave,The Tallest Man on Earth,Shallow Grave,,
Entire_music/train/Western_songwriting_40/400228.mp3,Western songwriting,train,The Very Best of Laura Marling - Laura Marling Greatest Hits Full Album 2022,The Very Best of Laura Marling - Laura Marling Greatest Hits 2022,Laura Marling,,,
Entire_music/train/Western_songwriting_40/400229.mp3,Western songwriting,train,Tu vuo fa l'Americano,Tu Vuo' Fa L'Americano,Adriano Celentano,The Talented Mr. Ripley Soundtrack,1999,Nicola Salerno/Renato Carosone
Entire_music/train/Western_songwriting_40/400230.mp3,Western songwriting,train,Tutti i successi di Giorgio Gaber - Mix Giorgio Gaber - Le più belle canzoni di Giorgio Gaber,Tutti i successi di Giorgio Gaber - Mix Giorgio Gaber - Le più belle canzoni di Giorgio Gaber,Giorgio Gaber,,,
Entire_music/test/Western_songwriting_40/400231.mp3,Western songwriting,test,Uh uh (Techno Mix),Uh uh (Techno Mix),,,,
Entire_music/train/Western_songwriting_40/400232.mp3,Western songwriting,train,Una Carezza in un pugno [Adriano Celentano & otros],Una Carezza in un pugno,Adriano Celentano & otros,,,
Entire_music/train/Western_songwriting_40/400233.mp3,Western songwriting,train,Una carezza in un pugno (duo live),Una carezza in un pugno (duo live),,,,
Entire_music/train/Western_songwriting_40/400234.mp3,Western songwriting,train,Veleno,Adriano Celentano - 04 - VELEN,Celentano Adriano,,,
Entire_music/train/Western_songwriting_40/400235.mp3,Western songwriting,train,Victor Jara - Victor Jara (Álbum Completo),Victor Jara,Victor Jara,Victor Jara,,
Entire_music/train/Western_songwriting_40/400236.mp3,Western songwriting,train,WOODY GUTHRIE 1OOTH ANNIVERSARY 2 CDS,WOODY GUTHRIE 1OOTH ANNIVERSARY 2 CDS,WOODY GUTHRIE,,,
Entire_music/train/Western_songwriting_40/400237.mp3,Western songwriting,train,Zaz Plus Grands Succès 2022 - Zaz Greatest Hits Full Album - Zaz Best Of,Zaz Plus Grands Succès 2022 💕Zaz Greatest Hits Full Album - Zaz Best Of,Zaz,,,
Entire_music/val/Western_songwriting_40/400238.mp3,Western songwriting,val,Zazie Best Songs Les Meilleurs Chansons de Zazie,Zazie Best Songs Les Meilleurs Chansons de Zazie,Zazie,,,
Entire_music/train/Western_songwriting_40/400239.mp3,Western songwriting,train,[ALBUM COMPLET 2022 ] Stromae - Multitude,[ALBUM COMPLET 2022 ] Stromae - Multitude,Stromae,Multitude,2022,
Entire_music/train/Western_songwriting_40/400240.mp3,Western songwriting,train,adriano celentano - prisencolinensinainciusol,11 - Prisencolinensinainciusol,Adriano Celentano,Super Best,,
Entire_music/train/Western_songwriting_40/400241.mp3,Western songwriting,train,adriano celentano - svalutation,Svalutation,Adriano Celentano,,,
Entire_music/train/Western_songwriting_40/400242.mp3,Western songwriting,train,adrianoccelentano-prisencolinensinaincius (remix2007),Prisencolinensinaincius  remix 2007,Adriano Celentano,,2007,
Entire_music/train/Western_songwriting_40/400243.mp3,Western songwriting,train,le canzoni più belle di Franco Battiato - Franco Battiato canzoni famose - Franco Battiato canzone,le canzoni più belle di Franco Battiato - Franco Battiato canzoni famose - Franco Battiato canzone,Franco Battiato,,,
